Customer ID,Recency,Frequency,Monetary,AOV,Tenure,Unique_Products,Avg_Days_Between_Purchases,CLV_Target,Churned
12346.0,155,2,169.36,84.68,273,24,136.5,0.0,1
12347.0,30,1,611.53,611.53,30,40,30.0,4310.0,0
12348.0,64,1,221.16,221.16,64,19,64.0,1437.24,0
12349.0,33,2,2221.14,1110.57,215,89,107.5,1457.55,0
12351.0,1,1,300.93,300.93,1,21,1.0,0.0,1
12352.0,1,2,343.8,171.9,18,18,9.0,1265.41,0
12353.0,34,1,317.76,317.76,34,20,34.0,89.0,0
12355.0,193,1,488.21000000000004,488.21000000000004,193,22,193.0,459.4,0
12356.0,6,3,3124.3,1041.4333333333334,50,67,16.666666666666668,2487.43,0
12357.0,14,1,11229.99,11229.99,14,164,14.0,6207.67,0
12358.0,1,3,2519.01,839.6700000000001,357,51,119.0,928.0600000000001,0
12359.0,51,6,2469.36,411.56,360,108,60.0,6140.4800000000005,0
12360.0,18,3,1310.83,436.9433333333333,281,73,93.66666666666667,2302.06,0
12361.0,88,3,276.35,92.11666666666667,308,13,102.66666666666667,174.9,0
12366.0,259,1,500.24,500.24,259,3,259.0,0.0,1
12368.0,254,1,917.6999999999999,917.6999999999999,254,18,254.0,0.0,1
12369.0,39,3,1511.15,503.7166666666667,267,89,89.0,0.0,1
12370.0,250,3,534.62,178.20666666666668,294,32,98.0,3421.94,0
12371.0,35,3,1819.42,606.4733333333334,271,90,90.33333333333333,1527.96,0
12373.0,250,2,603.0500000000001,301.52500000000003,299,30,149.5,324.6,0
12374.0,47,2,2046.29,1023.145,214,46,107.0,622.93,0
12376.0,15,2,383.15,191.575,43,10,21.5,0.0,1
12377.0,7,2,1718.2,859.1,215,74,107.5,1548.12,0
12378.0,188,1,1407.7,1407.7,188,82,188.0,4008.62,0
12379.0,48,2,692.98,346.49,160,36,80.0,775.29,0
12380.0,91,4,4747.44,1186.86,288,116,72.0,2423.56,0
12385.0,5,1,1668.4,1668.4,5,64,5.0,0.0,1
12387.0,41,1,143.94,143.94,41,9,41.0,0.0,1
12388.0,71,2,1120.45,560.225,208,36,104.0,2780.66,0
12389.0,28,3,1433.33,477.77666666666664,281,41,93.66666666666667,0.0,1
12391.0,90,5,2259.58,451.916,288,159,57.6,439.66,0
12392.0,217,1,234.75000000000003,234.75000000000003,217,7,217.0,0.0,1
12393.0,8,2,794.15,397.075,54,38,27.0,1582.6000000000001,0
12395.0,32,3,1558.54,519.5133333333333,228,79,76.0,2662.28,0
12396.0,300,1,931.43,931.43,300,65,300.0,0.0,1
12399.0,11,3,808.65,269.55,270,39,90.0,1033.65,0
12400.0,40,1,205.25,205.25,40,11,40.0,0.0,1
12402.0,18,5,928.55,185.70999999999998,296,38,59.2,195.6,0
12403.0,147,1,555.6600000000001,555.6600000000001,147,3,147.0,391.7,0
12406.0,25,3,2791.46,930.4866666666667,323,43,107.66666666666667,3280.75,0
12408.0,11,3,1272.07,424.0233333333333,124,40,41.333333333333336,2587.7,0
12409.0,46,3,12033.539999999999,4011.18,191,125,63.666666666666664,11056.93,0
12410.0,128,1,240.38,240.38,128,13,128.0,521.08,0
12411.0,35,1,346.9,346.9,35,22,35.0,0.0,1
12412.0,28,3,1246.15,415.3833333333334,165,49,55.0,1142.88,0
12413.0,28,1,185.35,185.35,28,12,28.0,676.15,0
12415.0,1,4,19468.84,4867.21,153,168,38.25,123638.18,0
12416.0,282,1,202.56,202.56,282,11,282.0,0.0,1
12417.0,36,11,2733.91,248.53727272727272,359,143,32.63636363636363,3155.8,0
12418.0,39,3,1347.67,449.22333333333336,256,61,85.33333333333333,668.58,0
12419.0,11,2,391.01,195.505,39,22,19.5,0.0,1
12421.0,41,2,230.56,115.28,131,17,65.5,639.04,0
12422.0,20,9,2955.79,328.4211111111111,347,107,38.55555555555556,683.5600000000001,0
12423.0,13,2,667.08,333.54,91,37,45.5,1624.11,0
12424.0,48,2,1579.07,789.535,174,59,87.0,1760.96,0
12425.0,74,1,903.61,903.61,74,51,74.0,777.2,0
12426.0,288,1,656.6800000000001,656.6800000000001,288,45,288.0,510.73,0
12429.0,67,4,2454.01,613.5025,172,56,43.0,3388.4,0
12431.0,35,10,3719.77,371.977,319,120,31.9,6243.89,0
12433.0,25,3,3418.27,1139.4233333333334,102,120,34.0,13375.87,0
12434.0,7,1,269.54,269.54,7,19,7.0,792.94,0
12435.0,22,4,6096.04,1524.01,363,68,90.75,7829.89,0
12437.0,21,20,6648.89,332.4445,363,211,18.15,4392.66,0
12439.0,308,2,1089.18,544.59,351,66,175.5,0.0,1
12440.0,88,2,648.15,324.075,343,20,171.5,0.0,1
12443.0,358,1,365.31,365.31,358,20,358.0,0.0,1
12445.0,46,1,293.08000000000004,293.08000000000004,46,20,46.0,77.4,0
12449.0,64,1,678.6,678.6,64,9,64.0,3596.29,0
12450.0,25,3,469.07,156.35666666666665,100,24,33.333333333333336,197.88,0
12451.0,89,3,3613.01,1204.3366666666668,155,147,51.666666666666664,8893.52,0
12454.0,21,1,4098.96,4098.96,21,8,21.0,0.0,1
12455.0,71,4,3383.09,845.7725,347,120,86.75,2339.86,0
12457.0,61,1,435.38,435.38,61,21,61.0,1597.78,0
12458.0,53,2,715.09,357.545,113,43,56.5,787.4,0
12459.0,231,1,398.36,398.36,231,22,231.0,0.0,1
12460.0,82,1,296.65,296.65,82,17,82.0,0.0,1
12468.0,152,3,2552.05,850.6833333333334,308,101,102.66666666666667,652.04,0
12469.0,148,2,3070.54,1535.27,162,76,81.0,0.0,1
12470.0,315,1,211.95,211.95,315,23,315.0,0.0,1
12471.0,0,44,17000.7,386.37954545454545,358,156,8.136363636363637,16362.17,0
12472.0,22,12,8399.74,699.9783333333334,351,275,29.25,5859.18,0
12474.0,4,11,4435.68,403.24363636363637,292,190,26.545454545454547,6511.2699999999995,0
12475.0,35,1,396.26,396.26,35,24,35.0,669.38,0
12476.0,23,7,6267.0,895.2857142857143,127,221,18.142857142857142,5655.48,0
12477.0,25,3,7052.43,2350.81,249,209,83.0,13127.76,0
12480.0,25,3,1919.47,639.8233333333334,133,78,44.333333333333336,2885.63,0
12481.0,2,4,5890.79,1472.6975,233,131,58.25,4998.36,0
12482.0,202,27,21941.72,812.6562962962963,279,41,10.333333333333334,0.0,1
12483.0,4,11,2134.8,194.0727272727273,303,34,27.545454545454547,1873.13,0
12484.0,109,5,1601.28,320.256,307,108,61.4,3892.87,0
12485.0,155,1,708.1,708.1,155,34,155.0,0.0,1
12486.0,57,1,917.28,917.28,57,48,57.0,0.0,1
12487.0,356,1,285.29999999999995,285.29999999999995,356,2,356.0,0.0,1
12490.0,4,10,3899.71,389.971,364,116,36.4,4859.93,0
12492.0,29,1,380.0,380.0,29,21,29.0,227.21,0
12494.0,37,2,456.57,228.285,202,27,101.0,1000.3000000000001,0
12495.0,266,1,243.4,243.4,266,14,266.0,0.0,1
12496.0,246,2,45.34,22.67,246,10,123.0,0.0,1
12497.0,26,2,5043.400000000001,2521.7000000000003,270,29,135.0,953.1,0
12499.0,186,1,357.72,357.72,186,26,186.0,0.0,1
12500.0,61,7,1477.94,211.1342857142857,299,59,42.714285714285715,4026.27,0
12503.0,210,1,896.0,896.0,210,1,210.0,0.0,1
12504.0,43,2,261.0,130.5,222,7,111.0,92.65,0
12505.0,34,1,744.5,744.5,34,40,34.0,0.0,1
12507.0,210,1,455.25,455.25,210,27,210.0,1011.56,0
12510.0,85,5,2174.76,434.95200000000006,361,83,72.2,814.5699999999999,0
12511.0,54,1,3065.77,3065.77,54,189,54.0,0.0,1
12514.0,267,1,580.08,580.08,267,33,267.0,1017.68,0
12516.0,56,2,1102.56,551.28,225,37,112.5,1186.06,0
12519.0,102,1,318.35,318.35,102,20,102.0,276.84,0
12523.0,0,12,2232.43,186.03583333333333,358,102,29.833333333333332,1655.57,0
12524.0,14,9,5813.64,645.96,295,62,32.77777777777778,3945.72,0
12525.0,124,3,790.9300000000001,263.6433333333334,273,54,91.0,0.0,1
12527.0,120,2,386.8,193.4,155,13,77.5,330.71000000000004,0
12529.0,154,1,311.78000000000003,311.78000000000003,154,21,154.0,0.0,1
12530.0,41,5,1868.23,373.646,268,64,53.6,1461.63,0
12531.0,312,1,1611.83,1611.83,312,108,312.0,125.22,0
12533.0,253,2,1005.99,502.995,364,54,182.0,0.0,1
12537.0,34,1,612.94,612.94,34,42,34.0,0.0,1
12538.0,4,1,276.5,276.5,4,13,4.0,363.95,0
12539.0,76,3,5618.400000000001,1872.8000000000002,342,126,114.0,5568.35,0
12540.0,4,15,7670.25,511.35,358,170,23.866666666666667,11501.789999999999,0
12542.0,110,2,423.38,211.69,266,36,133.0,0.0,1
12543.0,74,1,840.25,840.25,74,42,74.0,0.0,1
12547.0,126,1,147.78,147.78,126,12,126.0,151.79999999999998,0
12549.0,201,5,1570.68,314.136,323,37,64.6,0.0,1
12553.0,11,2,806.57,403.285,49,37,24.5,3238.25,0
12554.0,74,1,384.5,384.5,74,25,74.0,0.0,1
12557.0,58,3,6105.18,2035.0600000000002,348,15,116.0,11990.960000000001,0
12562.0,11,2,1041.18,520.59,61,32,30.5,3385.7400000000002,0
12563.0,34,1,221.24,221.24,34,12,34.0,0.0,1
12567.0,14,5,2102.5,420.5,292,83,58.4,8322.94,0
12568.0,270,1,52.0,52.0,270,4,270.0,0.0,1
12573.0,7,4,556.87,139.2175,91,83,22.75,160.54000000000002,0
12575.0,83,2,568.8199999999999,284.40999999999997,152,33,76.0,0.0,1
12576.0,18,3,696.89,232.29666666666665,152,47,50.666666666666664,1306.98,0
12577.0,7,5,990.5,198.1,362,144,72.4,591.45,0
12578.0,11,2,1587.44,793.72,69,52,34.5,2380.26,0
12580.0,202,1,583.1999999999999,583.1999999999999,202,33,202.0,379.7,0
12582.0,48,2,1469.04,734.52,203,79,101.5,351.36,0
12583.0,11,12,5780.55,481.71250000000003,359,84,29.916666666666668,6629.34,0
12586.0,0,3,1848.73,616.2433333333333,349,75,116.33333333333333,196.94000000000003,0
12588.0,25,2,524.08,262.04,223,26,111.5,174.89999999999998,0
12589.0,47,3,2177.4900000000002,725.83,315,98,105.0,574.68,0
12591.0,16,2,746.1,373.05,34,37,17.0,368.85,0
12592.0,145,2,1322.04,661.02,145,30,72.5,401.6,0
12594.0,4,5,1654.29,330.858,272,57,54.4,3208.2200000000003,0
12595.0,130,1,281.02,281.02,130,18,130.0,0.0,1
12598.0,89,3,1285.99,428.66333333333336,274,66,91.33333333333333,2786.68,0
12599.0,7,6,1138.14,189.69000000000003,203,36,33.833333333333336,888.58,0
12600.0,1,10,2032.5600000000002,203.25600000000003,358,30,35.8,2311.04,0
12601.0,30,1,86.2,86.2,30,5,30.0,479.56,0
12605.0,2,3,1117.45,372.48333333333335,84,62,28.0,0.0,1
12608.0,30,1,415.79,415.79,30,16,30.0,0.0,1
12609.0,0,6,2057.01,342.83500000000004,345,83,57.5,964.85,0
12613.0,14,5,3077.34,615.4680000000001,351,127,70.2,2966.98,0
12615.0,39,4,3099.64,774.91,257,142,64.25,2093.19,0
12616.0,14,1,352.09999999999997,352.09999999999997,14,20,14.0,585.25,0
12619.0,186,1,140.14,140.14,186,10,186.0,2908.81,0
12621.0,2,15,9566.63,637.7753333333333,294,154,19.6,12334.07,0
12623.0,42,6,3046.7400000000002,507.79,322,108,53.666666666666664,269.1,0
12625.0,135,2,2265.06,1132.53,222,84,111.0,2367.42,0
12629.0,11,2,1198.22,599.11,49,39,24.5,0.0,1
12631.0,82,5,2811.77,562.354,319,105,63.8,480.5,0
12632.0,146,2,684.88,342.44,190,30,95.0,0.0,1
12633.0,8,3,3166.58,1055.5266666666666,151,180,50.333333333333336,1906.63,0
12634.0,174,1,360.0,360.0,174,19,174.0,0.0,1
12635.0,18,2,1115.23,557.615,82,76,41.0,1509.18,0
12637.0,4,4,2280.91,570.2275,169,162,42.25,5790.25,0
12638.0,265,1,169.8,169.8,265,8,265.0,511.69,0
12639.0,60,2,706.27,353.135,253,38,126.5,366.1,0
12643.0,11,5,4306.18,861.2360000000001,237,11,47.4,3041.64,0
12644.0,56,3,1319.63,439.8766666666667,320,73,106.66666666666667,477.91,0
12645.0,35,4,1563.72,390.93,294,71,73.5,1611.38,0
12647.0,11,23,10830.92,470.90956521739133,321,211,13.956521739130435,3095.92,0
12648.0,63,3,723.95,241.3166666666667,327,31,109.0,300.05,0
12649.0,8,5,1490.99,298.198,322,72,64.4,569.51,0
12651.0,4,3,251.29999999999998,83.76666666666667,91,21,30.333333333333332,114.0,0
12652.0,60,1,97.05000000000001,97.05000000000001,60,3,60.0,788.53,0
12653.0,152,1,1950.98,1950.98,152,43,152.0,2209.85,0
12655.0,49,1,243.35000000000002,243.35000000000002,49,15,49.0,0.0,1
12656.0,51,3,2047.81,682.6033333333334,188,106,62.666666666666664,3590.57,0
12661.0,62,1,162.0,162.0,62,11,62.0,0.0,1
12662.0,7,9,2580.61,286.7344444444445,243,88,27.0,3511.08,0
12663.0,250,2,150.0,75.0,294,7,147.0,0.0,1
12664.0,140,2,1028.16,514.08,352,3,176.0,4391.88,0
12665.0,43,2,202.45,101.225,295,12,147.5,45.0,0
12666.0,20,1,1020.98,1020.98,20,29,20.0,0.0,1
12668.0,4,5,6728.88,1345.776,303,232,60.6,3113.18,0
12670.0,11,2,692.24,346.12,292,20,146.0,2734.15,0
12671.0,232,1,2622.48,2622.48,232,44,232.0,0.0,1
12672.0,221,1,154.6,154.6,221,10,221.0,225.89999999999998,0
12673.0,27,1,565.5,565.5,27,31,27.0,574.52,0
12675.0,179,2,849.55,424.775,204,110,102.0,0.0,1
12676.0,34,4,1241.7,310.425,109,46,27.25,1091.39,0
12677.0,181,2,359.1,179.55,292,12,146.0,0.0,1
12678.0,1,6,15873.87,2645.645,327,137,54.5,16291.26,0
12681.0,4,22,14405.65,654.8022727272727,352,338,16.0,12309.59,0
12682.0,11,20,9628.3,481.41499999999996,364,201,18.2,11019.82,0
12683.0,82,6,2810.43,468.405,352,107,58.666666666666664,7378.34,0
12687.0,106,1,1858.91,1858.91,106,125,106.0,0.0,1
12691.0,46,1,116.6,116.6,46,6,46.0,927.8,0
12692.0,263,1,110.95,110.95,263,13,263.0,0.0,1
12693.0,22,3,665.46,221.82000000000002,148,32,49.333333333333336,686.96,0
12694.0,47,1,897.78,897.78,47,45,47.0,761.67,0
12695.0,154,3,789.02,263.00666666666666,291,27,97.0,582.1,0
12696.0,60,2,731.91,365.955,134,42,67.0,0.0,1
12698.0,216,1,285.75,285.75,216,15,216.0,0.0,1
12699.0,43,1,566.11,566.11,43,40,43.0,0.0,1
12701.0,155,4,1522.7,380.675,259,79,64.75,725.71,0
12703.0,259,2,545.48,272.74,310,41,155.0,256.7,0
12705.0,9,5,4621.36,924.2719999999999,159,193,31.8,6329.14,0
12708.0,30,8,2050.25,256.28125,347,77,43.375,2346.32,0
12709.0,12,17,19675.13,1157.3605882352942,356,149,20.941176470588236,9081.34,0
12711.0,237,2,1213.05,606.525,302,55,151.0,0.0,1
12712.0,25,8,2002.4,250.3,356,87,44.5,3804.38,0
12714.0,14,7,8520.85,1217.2642857142857,361,323,51.57142857142857,4294.86,0
12717.0,216,1,227.93,227.93,216,15,216.0,830.98,0
12720.0,37,4,1646.05,411.5125,132,108,33.0,5065.28,0
12721.0,11,2,1169.7,584.85,97,72,48.5,2386.13,0
12724.0,9,3,1160.11,386.7033333333333,161,65,53.666666666666664,923.41,0
12725.0,40,2,1534.96,767.48,210,71,105.0,371.8,0
12726.0,13,4,1279.5,319.875,250,29,62.5,2411.1,0
12727.0,68,3,1464.8300000000002,488.2766666666667,280,43,93.33333333333333,3425.7,0
12728.0,9,1,197.84,197.84,9,14,9.0,728.33,0
12730.0,147,1,703.25,703.25,147,46,147.0,0.0,1
12731.0,68,5,6879.8,1375.96,273,72,54.6,18660.41,0
12733.0,15,3,1942.02,647.34,315,105,105.0,383.95,0
12734.0,0,2,493.25,246.625,18,12,9.0,110.39999999999999,0
12739.0,20,1,1445.69,1445.69,20,49,20.0,975.54,0
12741.0,159,1,236.07,236.07,159,15,159.0,0.0,1
12742.0,251,1,1185.02,1185.02,251,66,251.0,0.0,1
12744.0,85,4,4037.77,1009.4425,217,110,54.25,9120.39,0
12745.0,112,2,723.85,361.925,200,20,100.0,0.0,1
12746.0,166,1,242.75,242.75,166,17,166.0,0.0,1
12747.0,14,15,4623.42,308.228,358,67,23.866666666666667,4196.01,0
12748.0,1,113,16795.29,148.6308849557522,361,1223,3.1946902654867255,29964.23,0
12749.0,25,4,2470.24,617.56,147,119,36.75,3818.2,0
12751.0,70,1,268.27,268.27,70,61,70.0,0.0,1
12755.0,130,1,617.5,617.5,130,11,130.0,2220.75,0
12758.0,85,5,6987.41,1397.482,364,144,72.8,2791.59,0
12759.0,12,5,3207.3,641.46,361,150,72.2,1411.44,0
12760.0,81,1,317.8,317.8,81,20,81.0,0.0,1
12761.0,90,1,712.95,712.95,90,25,90.0,0.0,1
12765.0,98,6,1299.58,216.59666666666666,267,48,44.5,0.0,1
12766.0,14,2,1635.51,817.755,33,83,16.5,6457.63,0
12767.0,1,1,949.82,949.82,1,43,1.0,0.0,1
12770.0,82,1,1691.0,1691.0,82,14,82.0,1351.45,0
12771.0,111,1,206.5,206.5,111,13,111.0,0.0,1
12774.0,161,1,83.7,83.7,161,5,161.0,0.0,1
12775.0,14,2,270.08,135.04,35,12,17.5,1246.24,0
12776.0,293,1,27.5,27.5,293,3,293.0,0.0,1
12777.0,83,1,519.45,519.45,83,26,83.0,0.0,1
12778.0,22,3,848.45,282.81666666666666,228,54,76.0,693.23,0
12779.0,18,5,2289.9,457.98,362,81,72.4,3868.7,0
12780.0,224,1,322.4,322.4,224,19,224.0,0.0,1
12782.0,0,6,1895.47,315.9116666666667,145,93,24.166666666666668,1881.3200000000002,0
12784.0,155,1,1034.33,1034.33,155,71,155.0,476.82,0
12785.0,161,2,633.6,316.8,357,34,178.5,250.1,0
12786.0,235,1,668.5,668.5,235,17,235.0,0.0,1
12787.0,39,1,380.52,380.52,39,23,39.0,418.66,0
12788.0,89,4,384.9,96.225,154,19,38.5,0.0,1
12789.0,138,2,148.5,74.25,319,1,159.5,76.85,0
12790.0,36,1,223.53,223.53,36,14,36.0,294.92,0
12791.0,18,4,479.23,119.8075,250,15,62.5,177.60000000000002,0
12792.0,160,1,370.47,370.47,160,21,160.0,344.53999999999996,0
12793.0,27,1,284.05,284.05,27,19,27.0,461.48,0
12796.0,254,1,351.0,351.0,254,6,254.0,0.0,1
12797.0,50,1,221.25,221.25,50,15,50.0,166.18,0
12798.0,47,1,1533.8899999999999,1533.8899999999999,47,25,47.0,6977.04,0
12799.0,155,1,219.35,219.35,155,15,155.0,0.0,1
12800.0,96,2,500.25,250.125,302,30,151.0,0.0,1
12801.0,126,1,831.87,831.87,126,49,126.0,0.0,1
12802.0,70,4,1737.84,434.46,189,86,47.25,382.58,0
12803.0,19,1,1017.81,1017.81,19,54,19.0,0.0,1
12804.0,91,2,325.37,162.685,126,60,63.0,0.0,1
12805.0,7,4,1230.95,307.7375,300,43,75.0,0.0,1
12806.0,198,2,2558.96,1279.48,214,56,107.0,0.0,1
12807.0,9,1,250.35,250.35,9,15,9.0,0.0,1
12808.0,61,2,293.05,146.525,88,19,44.0,455.65000000000003,0
12809.0,191,2,949.28,474.64,273,51,136.5,400.36,0
12810.0,160,2,534.99,267.495,302,32,151.0,0.0,1
12811.0,4,2,435.05,217.525,53,22,26.5,458.85,0
12813.0,127,3,1621.8,540.6,319,36,106.33333333333333,0.0,1
12817.0,25,2,444.94,222.47,60,15,30.0,126.03999999999999,0
12819.0,84,1,540.52,540.52,84,19,84.0,0.0,1
12820.0,23,7,1705.6,243.65714285714284,360,85,51.42857142857143,942.34,0
12821.0,237,1,128.07999999999998,128.07999999999998,237,7,237.0,92.72,0
12823.0,20,13,4742.0,364.7692307692308,305,1,23.46153846153846,1759.5,0
12825.0,147,2,518.63,259.315,267,20,133.5,0.0,1
12826.0,30,5,1316.08,263.216,347,50,69.4,1468.1200000000001,0
12829.0,176,1,92.30000000000001,92.30000000000001,176,8,176.0,253.05,0
12831.0,89,2,236.06,118.03,89,13,44.5,215.05,0
12835.0,53,41,5981.09,145.88024390243902,362,138,8.829268292682928,0.0,1
12836.0,15,11,3910.2200000000003,355.4745454545455,364,173,33.09090909090909,2610.36,0
12837.0,195,1,528.5600000000001,528.5600000000001,195,73,195.0,134.1,0
12838.0,13,8,2281.51,285.18875,218,150,27.25,671.95,0
12839.0,5,12,3971.6,330.96666666666664,358,110,29.833333333333332,5588.12,0
12840.0,63,3,1299.6,433.2,300,56,100.0,2714.27,0
12841.0,5,15,2937.52,195.83466666666666,145,128,9.666666666666666,3870.48,0
12842.0,30,2,799.0,399.5,363,13,181.5,1118.99,0
12843.0,8,19,4566.31,240.33210526315793,352,73,18.526315789473685,1680.76,0
12844.0,68,2,322.64,161.32,219,43,109.5,325.96000000000004,0
12847.0,13,1,765.36,765.36,13,34,13.0,843.64,0
12848.0,301,1,208.0,208.0,301,16,301.0,0.0,1
12849.0,7,4,2023.33,505.8325,217,79,54.25,992.65,0
12850.0,71,1,330.0,330.0,71,2,71.0,0.0,1
12851.0,103,1,148.95,148.95,103,30,103.0,131.81,0
12853.0,53,5,1846.8,369.36,298,58,59.6,1881.7,0
12854.0,187,4,1599.77,399.9425,354,118,88.5,1299.55,0
12855.0,20,3,574.74,191.58,28,63,9.333333333333334,38.1,0
12857.0,62,4,2577.85,644.4625,309,46,77.25,1106.4,0
12858.0,9,1,147.27,147.27,9,36,9.0,0.0,1
12859.0,84,1,575.1,575.1,84,21,84.0,0.0,1
12860.0,319,1,54.22,54.22,319,16,319.0,0.0,1
12861.0,245,1,68.25,68.25,245,4,245.0,0.0,1
12862.0,51,2,984.62,492.31,121,119,60.5,0.0,1
12863.0,5,5,2254.35,450.87,215,23,43.0,521.2,0
12864.0,134,1,152.45,152.45,134,4,134.0,147.12,0
12865.0,4,2,1735.08,867.54,102,92,51.0,1568.23,0
12866.0,100,2,593.23,296.615,128,33,64.0,499.12,0
12867.0,23,6,3811.67,635.2783333333333,349,260,58.166666666666664,3970.47,0
12868.0,6,2,436.7,218.35,18,26,9.0,1607.0600000000002,0
12869.0,307,1,337.66999999999996,337.66999999999996,307,35,307.0,0.0,1
12870.0,1,3,1662.75,554.25,250,85,83.33333333333333,0.0,1
12871.0,65,1,363.38,363.38,65,7,65.0,380.64,0
12872.0,9,10,2682.29,268.229,362,189,36.2,599.97,0
12873.0,23,2,1653.3,826.65,307,30,153.5,374.0,0
12874.0,11,2,858.42,429.21,180,42,90.0,0.0,1
12875.0,97,3,1013.76,337.92,323,2,107.66666666666667,343.2300000000001,0
12876.0,20,2,1685.5700000000002,842.7850000000001,216,69,108.0,2053.02,0
12877.0,27,8,1406.3700000000001,175.79625000000001,316,76,39.5,1535.77,0
12880.0,7,2,640.13,320.065,200,32,100.0,0.0,1
12887.0,9,1,222.4,222.4,9,13,9.0,0.0,1
12889.0,7,4,370.61,92.6525,128,24,32.0,0.0,1
12890.0,13,1,329.3,329.3,13,56,13.0,376.71999999999997,0
12891.0,84,7,488.5,69.78571428571429,285,2,40.714285714285715,331.0,0
12892.0,22,1,263.38,263.38,22,18,22.0,0.0,1
12894.0,201,1,157.35,157.35,201,21,201.0,0.0,1
12897.0,7,2,297.75,148.875,169,9,84.5,216.5,0
12898.0,89,2,296.21000000000004,148.10500000000002,285,27,142.5,0.0,1
12899.0,39,1,366.4,366.4,39,17,39.0,0.0,1
12900.0,48,1,340.33,340.33,48,13,48.0,0.0,1
12903.0,54,1,833.53,833.53,54,41,54.0,0.0,1
12905.0,202,2,1011.82,505.91,308,52,154.0,0.0,1
12907.0,21,2,508.91,254.455,120,23,60.0,0.0,1
12908.0,131,2,636.0,318.0,256,1,128.0,750.0,0
12909.0,50,3,907.1899999999999,302.39666666666665,279,49,93.0,2128.83,0
12910.0,5,5,2671.98,534.396,247,38,49.4,3075.04,0
12911.0,177,1,1651.72,1651.72,177,220,177.0,0.0,1
12913.0,6,8,3799.61,474.95125,364,26,45.5,2483.63,0
12914.0,26,1,223.98,223.98,26,9,26.0,0.0,1
12915.0,98,2,521.55,260.775,215,31,107.5,363.65,0
12916.0,68,3,1534.78,511.5933333333333,310,51,103.33333333333333,2923.15,0
12917.0,26,5,3735.5,747.1,356,44,71.2,594.0,0
12920.0,197,3,323.86,107.95333333333333,351,32,117.0,162.78,0
12921.0,11,36,17728.65,492.46250000000003,364,197,10.11111111111111,16395.79,0
12923.0,16,2,597.6,298.8,201,28,100.5,171.57,0
12924.0,19,8,1493.2,186.65,356,37,44.5,922.36,0
12925.0,218,1,35.28,35.28,218,5,218.0,694.05,0
12926.0,37,4,1523.59,380.8975,351,201,87.75,0.0,1
12927.0,20,1,197.31,197.31,20,11,20.0,0.0,1
12928.0,4,7,2242.19,320.3128571428571,175,62,25.0,2062.7000000000003,0
12931.0,6,39,37611.159999999996,964.3887179487178,364,21,9.333333333333334,33596.61,0
12932.0,165,8,1698.56,212.32,293,69,36.625,0.0,1
12933.0,6,5,1010.15,202.03,355,150,71.0,607.53,0
12934.0,362,1,181.65,181.65,362,2,362.0,0.0,1
12935.0,1,8,2025.56,253.195,233,60,29.125,2156.45,0
12937.0,89,5,1593.34,318.668,362,71,72.4,1504.27,0
12939.0,5,12,13683.0,1140.25,322,12,26.833333333333332,11581.8,0
12941.0,350,1,377.49,377.49,350,27,350.0,0.0,1
12943.0,184,2,496.5,248.25,231,22,115.5,0.0,1
12945.0,282,1,437.16,437.16,282,28,282.0,462.95,0
12946.0,62,1,324.45,324.45,62,20,62.0,0.0,1
12948.0,356,2,252.48000000000002,126.24000000000001,363,7,181.5,2053.7,0
12949.0,8,14,11247.98,803.4271428571428,362,262,25.857142857142858,4143.02,0
12951.0,12,9,2113.85,234.8722222222222,324,82,36.0,1050.57,0
12953.0,148,1,498.96000000000004,498.96000000000004,148,31,148.0,329.85,0
12954.0,264,1,162.45,162.45,264,10,264.0,0.0,1
12956.0,310,3,413.82,137.94,350,23,116.66666666666667,108.07,0
12957.0,167,5,4649.38,929.876,354,221,70.8,3979.04,0
12958.0,26,2,467.34,233.67,209,45,104.5,0.0,1
12959.0,110,1,150.95,150.95,110,8,110.0,0.0,1
12960.0,39,4,1322.07,330.5175,287,49,71.75,0.0,1
12961.0,5,1,211.99,211.99,5,37,5.0,0.0,1
12963.0,61,4,1305.96,326.49,145,63,36.25,1856.63,0
12964.0,63,1,132.24,132.24,63,26,63.0,0.0,1
12967.0,9,1,1238.57,1238.57,9,45,9.0,1276.55,0
12969.0,228,1,122.45,122.45,228,5,228.0,0.0,1
12970.0,6,6,1047.07,174.51166666666666,361,173,60.166666666666664,405.47,0
12971.0,0,30,4248.29,141.60966666666667,350,39,11.666666666666666,10969.76,0
12972.0,39,4,1115.95,278.9875,287,69,71.75,0.0,1
12973.0,39,1,385.55,385.55,39,6,39.0,0.0,1
12974.0,191,1,264.15,264.15,191,24,191.0,144.8,0
12975.0,62,6,1993.99,332.33166666666665,359,90,59.833333333333336,0.0,1
12976.0,4,7,2417.7799999999997,345.3971428571428,291,94,41.57142857142857,738.6,0
12977.0,127,3,474.64,158.21333333333334,137,45,45.666666666666664,39.239999999999995,0
12978.0,11,5,2502.82,500.564,355,126,71.0,0.0,1
12979.0,355,1,479.54,479.54,355,55,355.0,0.0,1
12980.0,12,12,8817.33,734.7775,363,7,30.25,7092.06,0
12982.0,20,7,2187.02,312.43142857142857,232,116,33.142857142857146,377.2,0
12983.0,224,1,490.08000000000004,490.08000000000004,224,30,224.0,0.0,1
12986.0,85,7,2037.3400000000001,291.04857142857145,313,57,44.714285714285715,0.0,1
12987.0,46,3,753.51,251.17,314,35,104.66666666666667,545.0,0
12989.0,50,18,6063.14,336.8411111111111,355,11,19.72222222222222,6854.51,0
12990.0,43,4,546.0,136.5,245,6,61.25,409.5,0
12991.0,15,1,261.06,261.06,15,14,15.0,503.76,0
12992.0,351,1,93.35000000000001,93.35000000000001,351,6,351.0,0.0,1
12993.0,71,4,776.5,194.125,285,41,71.25,414.76,0
12996.0,1,1,355.5,355.5,1,22,1.0,0.0,1
12997.0,20,4,875.07,218.7675,238,32,59.5,1197.94,0
12998.0,118,3,897.38,299.12666666666667,279,57,93.0,0.0,1
13000.0,351,1,457.15000000000003,457.15000000000003,351,30,351.0,534.85,0
13001.0,30,20,14245.23,712.2615,362,260,18.1,9766.32,0
13002.0,42,2,293.18,146.59,60,14,30.0,120.94999999999999,0
13004.0,12,17,5530.56,325.32705882352946,350,220,20.58823529411765,5629.23,0
13005.0,57,2,466.08,233.04,83,27,41.5,468.95,0
13007.0,205,1,175.25,175.25,205,11,205.0,0.0,1
13008.0,23,2,316.36,158.18,349,18,174.5,229.46999999999997,0
13009.0,298,1,234.0,234.0,298,4,298.0,0.0,1
13010.0,0,2,330.12,165.06,274,10,137.0,0.0,1
13012.0,55,3,1279.56,426.52,218,52,72.66666666666667,1301.72,0
13013.0,13,16,6286.490000000001,392.90562500000004,351,189,21.9375,4786.99,0
13014.0,58,1,1855.4,1855.4,58,113,58.0,3367.0299999999997,0
13015.0,64,6,3119.44,519.9066666666666,229,150,38.166666666666664,3339.64,0
13018.0,39,7,2470.06,352.86571428571426,274,117,39.142857142857146,7272.75,0
13019.0,5,6,1212.95,202.15833333333333,359,46,59.833333333333336,0.0,1
13020.0,188,2,606.96,303.48,285,38,142.5,0.0,1
13021.0,0,8,2195.23,274.40375,360,86,45.0,2611.4300000000003,0
13022.0,55,1,50.3,50.3,55,4,55.0,0.0,1
13023.0,154,1,651.13,651.13,154,35,154.0,599.9,0
13024.0,96,2,535.42,267.71,208,26,104.0,0.0,1
13025.0,357,1,323.39,323.39,357,13,357.0,0.0,1
13026.0,114,4,753.97,188.4925,352,24,88.0,958.77,0
13027.0,11,13,10231.2,787.0153846153846,314,7,24.153846153846153,6912.0,0
13029.0,0,2,679.8,339.9,149,6,74.5,1247.5,0
13031.0,33,5,3292.84,658.568,180,275,36.0,0.0,1
13032.0,18,7,1801.43,257.34714285714284,86,110,12.285714285714286,996.52,0
13033.0,55,1,30.0,30.0,55,2,55.0,190.55,0
13034.0,27,1,114.05000000000001,114.05000000000001,27,7,27.0,642.77,0
13035.0,57,1,442.32,442.32,57,15,57.0,887.13,0
13036.0,310,1,307.1,307.1,310,6,310.0,0.0,1
13037.0,25,9,2961.48,329.05333333333334,362,152,40.22222222222222,881.07,0
13039.0,210,4,1010.73,252.6825,348,37,87.0,0.0,1
13041.0,76,4,799.13,199.7825,215,23,53.75,0.0,1
13042.0,224,3,1481.84,493.94666666666666,358,163,119.33333333333333,0.0,1
13044.0,118,10,4268.88,426.88800000000003,326,327,32.6,560.47,0
13045.0,27,2,503.64,251.82,112,25,56.0,305.28000000000003,0
13046.0,82,1,319.94,319.94,82,21,82.0,629.31,0
13047.0,40,14,5020.54,358.61,349,114,24.928571428571427,3092.05,0
13048.0,62,5,2217.42,443.48400000000004,307,85,61.4,1789.41,0
13049.0,15,2,727.46,363.73,27,10,13.5,656.6800000000001,0
13050.0,0,17,5841.08,343.59294117647056,350,396,20.58823529411765,5679.41,0
13051.0,204,2,155.8,77.9,245,4,122.5,0.0,1
13052.0,46,6,2770.33,461.72166666666664,280,149,46.666666666666664,348.15000000000003,0
13053.0,247,1,127.65,127.65,247,17,247.0,0.0,1
13055.0,55,1,1090.55,1090.55,55,77,55.0,1201.96,0
13056.0,177,1,209.48,209.48,177,18,177.0,0.0,1
13057.0,156,3,709.59,236.53,257,34,85.66666666666667,0.0,1
13059.0,39,9,2077.82,230.8688888888889,244,152,27.11111111111111,183.4,0
13063.0,106,1,188.4,188.4,106,12,106.0,0.0,1
13064.0,176,2,561.25,280.625,217,19,108.5,1105.59,0
13065.0,18,4,844.24,211.06,173,39,43.25,205.86,0
13067.0,35,2,393.05,196.525,72,13,36.0,115.46000000000001,0
13069.0,2,14,4630.37,330.74071428571426,169,398,12.071428571428571,3778.97,0
13070.0,85,3,522.9,174.29999999999998,358,11,119.33333333333333,228.8,0
13071.0,238,1,129.22,129.22,238,12,238.0,0.0,1
13073.0,37,2,418.08,209.04,63,25,31.5,0.0,1
13074.0,137,4,1362.8400000000001,340.71000000000004,349,26,87.25,0.0,1
13076.0,83,1,135.4,135.4,83,9,83.0,0.0,1
13077.0,7,7,1996.48,285.2114285714286,354,142,50.57142857142857,728.02,0
13078.0,0,31,15960.630000000001,514.8590322580645,364,108,11.741935483870968,12434.23,0
13079.0,43,1,199.08,199.08,43,11,43.0,220.10000000000002,0
13080.0,27,3,202.75,67.58333333333333,235,10,78.33333333333333,58.08,0
13081.0,14,17,27941.94,1643.6435294117646,357,505,21.0,28059.41,0
13082.0,50,12,3681.84,306.82,343,48,28.583333333333332,3595.48,0
13083.0,51,1,91.67999999999999,91.67999999999999,51,4,51.0,303.75,0
13084.0,117,1,116.45,116.45,117,2,117.0,0.0,1
13085.0,305,6,2017.2,336.2,364,33,60.666666666666664,272.38,0
13086.0,8,1,439.33000000000004,439.33000000000004,8,47,8.0,0.0,1
13087.0,352,1,313.64,313.64,352,15,352.0,0.0,1
13088.0,43,1,236.11,236.11,43,19,43.0,0.0,1
13089.0,5,104,52625.66,506.01596153846157,363,466,3.4903846153846154,57306.590000000004,0
13090.0,0,10,4040.84,404.084,120,91,12.0,8704.09,0
13091.0,355,1,762.98,762.98,355,23,355.0,319.82,0
13092.0,40,7,1547.5,221.07142857142858,293,38,41.857142857142854,459.83,0
13093.0,0,47,45545.88,969.0612765957446,361,170,7.680851063829787,7797.58,0
13094.0,15,1,282.12,282.12,15,5,15.0,1708.8600000000001,0
13096.0,20,1,419.70000000000005,419.70000000000005,20,1,20.0,0.0,1
13097.0,14,17,6913.49,406.6758823529412,364,277,21.41176470588235,5904.67,0
13101.0,124,3,594.21,198.07000000000002,307,41,102.33333333333333,101.19,0
13102.0,5,13,4781.11,367.7776923076923,208,114,16.0,6342.19,0
13103.0,63,2,465.70000000000005,232.85000000000002,203,21,101.5,243.94,0
13104.0,41,3,610.62,203.54,279,5,93.0,1098.48,0
13105.0,62,1,72.0,72.0,62,1,62.0,0.0,1
13106.0,39,1,526.96,526.96,39,15,39.0,59.5,0
13107.0,39,5,3605.43,721.086,299,100,59.8,1524.07,0
13108.0,61,1,398.4,398.4,61,25,61.0,350.06,0
13109.0,177,1,340.74,340.74,177,23,177.0,766.84,0
13110.0,63,5,1443.3000000000002,288.66,364,76,72.8,1456.8700000000001,0
13111.0,344,1,321.88000000000005,321.88000000000005,344,12,344.0,0.0,1
13112.0,167,1,20.6,20.6,167,2,167.0,0.0,1
13113.0,1,13,5460.54,420.04153846153844,247,103,19.0,10783.95,0
13114.0,356,1,234.38,234.38,356,16,356.0,0.0,1
13115.0,5,6,3174.87,529.145,225,136,37.5,2225.18,0
13117.0,12,10,1269.05,126.905,249,68,24.9,984.91,0
13118.0,2,4,1196.69,299.1725,65,57,16.25,1138.41,0
13119.0,294,1,134.9,134.9,294,11,294.0,0.0,1
13123.0,98,2,506.75,253.375,155,36,77.5,0.0,1
13124.0,11,1,885.33,885.33,11,56,11.0,3756.33,0
13125.0,149,1,148.62,148.62,149,20,149.0,0.0,1
13126.0,33,5,1622.74,324.548,273,73,54.6,2056.29,0
13128.0,257,1,263.5,263.5,257,1,257.0,0.0,1
13129.0,78,2,233.25,116.625,155,10,77.5,0.0,1
13131.0,44,4,2240.47,560.1175,294,94,73.5,1039.3,0
13133.0,85,1,90.65,90.65,85,5,85.0,109.8,0
13134.0,28,2,681.65,340.825,42,21,21.0,1740.63,0
13135.0,117,1,275.45,275.45,117,17,117.0,3096.0,0
13136.0,1,8,3559.17,444.89625,357,140,44.625,2567.13,0
13137.0,12,8,3983.65,497.95625,128,406,16.0,3603.29,0
13138.0,22,1,298.87,298.87,22,21,22.0,962.39,0
13139.0,63,1,3138.04,3138.04,63,95,63.0,5055.79,0
13140.0,46,2,632.45,316.225,117,57,58.5,422.47,0
13141.0,11,12,5138.33,428.19416666666666,356,230,29.666666666666668,2385.8,0
13143.0,210,1,399.2,399.2,210,23,210.0,0.0,1
13144.0,57,1,24.4,24.4,57,3,57.0,110.95,0
13145.0,46,3,510.0,170.0,225,1,75.0,614.77,0
13148.0,15,14,4623.01,330.21500000000003,358,290,25.571428571428573,3495.87,0
13150.0,110,3,435.02,145.00666666666666,256,7,85.33333333333333,0.0,1
13151.0,251,2,1196.84,598.42,253,70,126.5,1250.3700000000001,0
13152.0,43,7,2114.98,302.14,320,113,45.714285714285715,0.0,1
13154.0,25,3,1609.29,536.43,361,77,120.33333333333333,0.0,1
13155.0,39,2,398.72,199.36,117,23,58.5,971.76,0
13156.0,11,3,1586.54,528.8466666666667,302,94,100.66666666666667,0.0,1
13157.0,35,5,3946.14,789.228,267,121,53.4,1721.57,0
13158.0,14,1,307.12,307.12,14,21,14.0,1201.06,0
13161.0,126,1,359.38,359.38,126,25,126.0,112.75,0
13162.0,6,12,7471.95,622.6625,361,124,30.083333333333332,1644.99,0
13163.0,236,1,17.65,17.65,236,2,236.0,0.0,1
13164.0,195,2,308.45,154.225,293,7,146.5,0.0,1
13165.0,39,1,429.68,429.68,39,7,39.0,1021.48,0
13166.0,40,1,458.73,458.73,40,27,40.0,414.7,0
13167.0,16,1,333.82,333.82,16,16,16.0,779.33,0
13168.0,168,1,541.14,541.14,168,45,168.0,1291.54,0
13169.0,188,1,127.2,127.2,188,5,188.0,712.88,0
13172.0,26,1,69.6,69.6,26,1,26.0,0.0,1
13173.0,74,9,2017.3200000000002,224.14666666666668,355,131,39.44444444444444,353.65,0
13174.0,29,8,5233.64,654.205,361,462,45.125,2738.82,0
13175.0,208,2,793.1,396.55,361,39,180.5,0.0,1
13177.0,56,1,229.75,229.75,56,13,56.0,282.45,0
13178.0,23,10,8288.22,828.8219999999999,349,159,34.9,5725.47,0
13179.0,244,1,572.3100000000001,572.3100000000001,244,34,244.0,0.0,1
13180.0,233,1,86.10000000000001,86.10000000000001,233,4,233.0,0.0,1
13181.0,7,1,359.69,359.69,7,19,7.0,0.0,1
13183.0,20,6,3053.1,508.84999999999997,261,30,43.5,3957.78,0
13187.0,250,3,73.64,24.546666666666667,250,13,83.33333333333333,236.02,0
13190.0,170,3,518.76,172.92,358,16,119.33333333333333,0.0,1
13191.0,284,1,159.21,159.21,284,57,284.0,0.0,1
13192.0,161,4,1632.59,408.1475,312,92,78.0,911.94,0
13194.0,47,1,412.08,412.08,47,7,47.0,60.7,0
13195.0,40,1,136.73,136.73,40,43,40.0,0.0,1
13196.0,69,3,1261.86,420.61999999999995,243,74,81.0,1797.78,0
13197.0,235,1,373.01000000000005,373.01000000000005,235,19,235.0,0.0,1
13198.0,13,2,1526.24,763.12,60,79,30.0,3386.04,0
13199.0,0,29,6132.34,211.46,360,26,12.413793103448276,9788.96,0
13201.0,128,4,1233.06,308.265,268,65,67.0,0.0,1
13202.0,20,7,1571.35,224.47857142857143,356,55,50.857142857142854,0.0,1
13203.0,12,6,1761.09,293.515,348,105,58.0,869.46,0
13204.0,357,1,966.6600000000001,966.6600000000001,357,57,357.0,0.0,1
13205.0,69,1,2803.2,2803.2,69,1,69.0,0.0,1
13206.0,26,13,8308.19,639.0915384615384,358,393,27.53846153846154,0.0,1
13207.0,77,2,285.6,142.8,238,4,119.0,250.26000000000002,0
13208.0,75,3,758.65,252.88333333333333,362,92,120.66666666666667,1193.17,0
13209.0,140,5,2617.9,523.58,310,42,62.0,5843.76,0
13211.0,7,7,1523.35,217.62142857142857,359,75,51.285714285714285,1095.42,0
13213.0,9,6,2316.19,386.0316666666667,194,109,32.333333333333336,1518.43,0
13214.0,43,7,3264.23,466.31857142857143,272,207,38.857142857142854,0.0,1
13215.0,28,1,81.6,81.6,28,1,28.0,0.0,1
13217.0,281,1,132.5,132.5,281,1,281.0,133.62,0
13219.0,244,1,76.23,76.23,244,11,244.0,0.0,1
13220.0,201,1,516.8,516.8,201,32,201.0,819.2900000000001,0
13222.0,203,1,88.5,88.5,203,1,203.0,0.0,1
13223.0,49,4,805.9200000000001,201.48000000000002,291,4,72.75,163.20000000000002,0
13225.0,47,9,9796.23,1088.47,348,50,38.666666666666664,6083.04,0
13226.0,19,1,204.25,204.25,19,12,19.0,108.21000000000001,0
13230.0,2,16,3353.88,209.6175,257,402,16.0625,2711.35,0
13233.0,46,2,571.34,285.67,320,33,160.0,605.12,0
13234.0,298,2,346.5,173.25,358,56,179.0,0.0,1
13237.0,13,1,643.0,643.0,13,24,13.0,0.0,1
13238.0,56,2,305.9,152.95,216,11,108.0,680.83,0
13239.0,63,4,1250.28,312.57,128,69,32.0,329.56,0
13240.0,37,4,729.34,182.335,278,116,69.5,648.7,0
13241.0,37,1,112.53,112.53,37,40,37.0,0.0,1
13242.0,77,4,429.0,107.25,294,12,73.5,270.40000000000003,0
13243.0,75,4,635.26,158.815,257,121,64.25,585.12,0
13245.0,58,1,558.72,558.72,58,29,58.0,430.5,0
13246.0,19,5,1345.68,269.136,151,165,30.2,1894.32,0
13249.0,27,6,897.52,149.58666666666667,310,2,51.666666666666664,711.41,0
13250.0,86,2,245.59,122.795,128,17,64.0,0.0,1
13251.0,28,1,252.68,252.68,28,25,28.0,0.0,1
13252.0,20,2,341.3,170.65,251,18,125.5,0.0,1
13253.0,56,2,1920.71,960.355,329,39,164.5,1030.4,0
13254.0,2,1,51.410000000000004,51.410000000000004,2,4,2.0,0.0,1
13255.0,138,1,279.25,279.25,138,13,138.0,390.66,0
13257.0,62,1,117.95,117.95,62,6,62.0,0.0,1
13258.0,5,2,336.59999999999997,168.29999999999998,26,5,13.0,672.83,0
13259.0,23,8,1115.61,139.45125,324,180,40.5,283.18,0
13262.0,15,2,373.16,186.58,226,38,113.0,200.29,0
13263.0,19,4,1239.27,309.8175,39,137,9.75,7411.71,0
13264.0,68,1,722.5600000000001,722.5600000000001,68,38,68.0,0.0,1
13266.0,48,6,2202.63,367.105,348,83,58.0,3762.67,0
13267.0,0,17,4793.72,281.9835294117647,358,100,21.058823529411764,4418.34,0
13269.0,7,13,3194.04,245.69538461538463,363,103,27.923076923076923,5314.63,0
13274.0,35,1,360.85,360.85,35,19,35.0,0.0,1
13275.0,9,2,238.86,119.43,258,48,129.0,0.0,1
13276.0,23,3,1293.03,431.01,268,183,89.33333333333333,590.9300000000001,0
13277.0,6,3,264.9,88.3,165,7,55.0,258.4,0
13278.0,25,3,882.62,294.20666666666665,236,47,78.66666666666667,542.73,0
13280.0,5,4,1469.37,367.3425,270,112,67.5,798.46,0
13281.0,65,1,344.90000000000003,344.90000000000003,65,22,65.0,0.0,1
13282.0,32,1,181.05,181.05,32,14,32.0,1089.09,0
13283.0,193,2,279.7,139.85,266,13,133.0,93.66,0
13285.0,226,2,655.47,327.735,250,42,125.0,2709.12,0
13286.0,226,1,734.91,734.91,226,46,226.0,0.0,1
13287.0,229,3,547.47,182.49,330,35,110.0,0.0,1
13288.0,69,5,893.61,178.722,292,6,58.4,0.0,1
13289.0,349,1,307.95,307.95,349,16,349.0,0.0,1
13291.0,40,10,2909.68,290.96799999999996,292,134,29.2,361.11,0
13292.0,41,3,408.85,136.28333333333333,152,27,50.666666666666664,578.9399999999999,0
13293.0,18,6,1192.94,198.82333333333335,294,51,49.0,0.0,1
13294.0,272,1,815.79,815.79,272,48,272.0,873.74,0
13295.0,2,3,860.07,286.69,202,47,67.33333333333333,201.20000000000002,0
13296.0,49,5,705.11,141.022,203,46,40.6,87.4,0
13297.0,11,3,2262.82,754.2733333333334,168,57,56.0,2089.85,0
13299.0,49,2,1030.8,515.4,154,54,77.0,142.5,0
13300.0,14,2,901.9200000000001,450.96000000000004,200,28,100.0,365.29,0
13302.0,152,1,95.45,95.45,152,2,152.0,63.75,0
13303.0,26,1,61.72,61.72,26,4,26.0,0.0,1
13304.0,81,3,820.37,273.45666666666665,295,44,98.33333333333333,300.42,0
13305.0,12,6,1615.55,269.2583333333333,265,105,44.166666666666664,2000.86,0
13306.0,56,1,53.65,53.65,56,4,56.0,0.0,1
13307.0,113,2,258.34,129.17,218,14,109.0,15.0,0
13308.0,222,1,284.86,284.86,222,17,222.0,1369.71,0
13309.0,18,1,249.58,249.58,18,23,18.0,1456.79,0
13310.0,6,2,409.17,204.585,28,23,14.0,1083.63,0
13312.0,77,1,124.75,124.75,77,5,77.0,0.0,1
13313.0,105,7,1876.45,268.06428571428575,363,78,51.857142857142854,1555.32,0
13315.0,315,1,310.26,310.26,315,22,315.0,0.0,1
13316.0,18,6,7085.49,1180.915,265,68,44.166666666666664,5732.93,0
13317.0,11,13,3936.66,302.82,352,148,27.076923076923077,2140.92,0
13319.0,5,32,10290.27,321.5709375,359,212,11.21875,10692.81,0
13320.0,60,2,669.25,334.625,104,37,52.0,1475.2,0
13324.0,54,8,3350.17,418.77125,189,23,23.625,7072.8,0
13326.0,58,1,281.76,281.76,58,13,58.0,0.0,1
13327.0,21,11,5323.85,483.98636363636365,347,126,31.545454545454547,3617.57,0
13329.0,12,6,3928.42,654.7366666666667,361,60,60.166666666666664,740.4,0
13330.0,81,3,1655.17,551.7233333333334,280,53,93.33333333333333,1140.93,0
13331.0,27,1,262.4,262.4,27,12,27.0,0.0,1
13333.0,37,3,1015.74,338.58,284,54,94.66666666666667,0.0,1
13334.0,162,2,2699.48,1349.74,278,177,139.0,3502.32,0
13337.0,172,1,1550.06,1550.06,172,85,172.0,0.0,1
13338.0,167,3,1791.8,597.2666666666667,329,98,109.66666666666667,382.82,0
13340.0,43,5,11364.08,2272.816,281,77,56.2,10736.48,0
13346.0,88,6,299.4,49.9,222,4,37.0,0.0,1
13357.0,120,4,3185.61,796.4025,253,239,63.25,609.4,0
13359.0,29,1,520.7,520.7,29,30,29.0,381.26,0
13360.0,57,4,1464.1,366.025,326,57,81.5,0.0,1
13361.0,98,2,1450.5,725.25,243,29,121.5,0.0,1
13362.0,4,3,2272.08,757.36,51,105,17.0,3085.4900000000002,0
13363.0,35,1,731.36,731.36,35,42,35.0,892.5,0
13367.0,57,1,460.20000000000005,460.20000000000005,57,19,57.0,0.0,1
13368.0,40,2,412.7,206.35,49,21,24.5,573.4,0
13371.0,131,2,2271.46,1135.73,258,75,129.0,0.0,1
13373.0,41,3,4274.94,1424.9799999999998,359,184,119.66666666666667,3312.25,0
13374.0,40,2,372.8,186.4,75,16,37.5,0.0,1
13375.0,70,1,1013.58,1013.58,70,34,70.0,772.9,0
13377.0,22,2,1445.43,722.715,271,70,135.5,0.0,1
13380.0,58,1,62.4,62.4,58,3,58.0,0.0,1
13381.0,5,6,4574.46,762.41,364,112,60.666666666666664,3626.81,0
13382.0,54,4,1164.59,291.1475,357,61,89.25,222.99,0
13383.0,169,1,305.28000000000003,305.28000000000003,169,1,169.0,0.0,1
13384.0,16,4,2512.81,628.2025,126,80,31.5,4122.28,0
13386.0,40,2,835.46,417.73,63,24,31.5,0.0,1
13387.0,43,1,181.84,181.84,43,70,43.0,0.0,1
13388.0,229,1,508.55,508.55,229,34,229.0,627.15,0
13392.0,303,1,91.14,91.14,303,8,303.0,0.0,1
13393.0,209,4,1112.6,278.15,358,53,89.5,0.0,1
13394.0,5,11,4031.48,366.4981818181818,364,167,33.09090909090909,2336.3,0
13395.0,26,2,872.51,436.255,47,56,23.5,307.72,0
13397.0,63,5,1566.89,313.37800000000004,314,47,62.8,1539.18,0
13398.0,74,1,213.0,213.0,74,13,74.0,457.34,0
13399.0,90,3,275.4,91.8,145,10,48.333333333333336,0.0,1
13400.0,208,1,300.93,300.93,208,23,208.0,0.0,1
13402.0,131,2,605.62,302.81,190,34,95.0,621.23,0
13403.0,13,2,154.5,77.25,349,6,174.5,75.0,0
13405.0,107,3,624.11,208.03666666666666,350,14,116.66666666666667,557.45,0
13406.0,53,2,559.02,279.51,257,7,128.5,0.0,1
13407.0,204,3,2177.54,725.8466666666667,287,83,95.66666666666667,0.0,1
13408.0,1,44,21840.73,496.38022727272727,361,167,8.204545454545455,27907.83,0
13410.0,19,4,1183.6,295.9,357,18,89.25,988.91,0
13412.0,246,1,487.34999999999997,487.34999999999997,246,33,246.0,0.0,1
13413.0,265,5,353.12,70.624,313,37,62.6,0.0,1
13414.0,89,3,1103.64,367.88000000000005,229,27,76.33333333333333,1390.5,0
13415.0,98,4,665.42,166.355,354,85,88.5,0.0,1
13416.0,362,1,228.3,228.3,362,7,362.0,712.5,0
13417.0,173,4,953.0600000000001,238.26500000000001,295,35,73.75,640.83,0
13418.0,19,13,5396.78,415.13692307692304,354,156,27.23076923076923,5845.44,0
13421.0,32,6,2222.94,370.49,289,124,48.166666666666664,1823.21,0
13423.0,54,1,217.03,217.03,54,12,54.0,0.0,1
13424.0,75,1,557.92,557.92,75,39,75.0,0.0,1
13425.0,134,2,1748.42,874.21,205,85,102.5,1624.21,0
13426.0,8,12,4526.06,377.1716666666667,356,106,29.666666666666668,3558.32,0
13427.0,103,3,423.93,141.31,348,18,116.0,582.6,0
13428.0,140,2,276.76,138.38,140,66,70.0,201.78,0
13431.0,32,6,2020.14,336.69,285,73,47.5,1269.1,0
13432.0,197,2,436.55,218.275,238,97,119.0,0.0,1
13433.0,127,4,656.87,164.2175,322,22,80.5,0.0,1
13434.0,11,3,1132.6200000000001,377.54,281,14,93.66666666666667,534.24,0
13435.0,2,2,637.44,318.72,126,40,63.0,3794.4900000000002,0
13438.0,173,1,46.5,46.5,173,1,173.0,0.0,1
13439.0,14,2,702.9,351.45,152,101,76.0,283.71,0
13440.0,49,3,1230.8,410.26666666666665,77,49,25.666666666666668,0.0,1
13441.0,57,1,424.26,424.26,57,25,57.0,296.64,0
13442.0,293,3,419.87,139.95666666666668,364,33,121.33333333333333,0.0,1
13443.0,74,6,1236.92,206.15333333333334,303,175,50.5,0.0,1
13444.0,0,2,619.08,309.54,132,51,66.0,0.0,1
13445.0,252,1,241.89999999999998,241.89999999999998,252,7,252.0,0.0,1
13446.0,56,11,3689.77,335.43363636363637,289,113,26.272727272727273,0.0,1
13448.0,25,6,4851.53,808.5883333333333,359,247,59.833333333333336,3460.9900000000002,0
13450.0,0,7,2073.82,296.26000000000005,229,39,32.714285714285715,2043.7199999999998,0
13451.0,7,6,4190.66,698.4433333333333,254,362,42.333333333333336,2858.46,0
13452.0,98,1,139.8,139.8,98,1,98.0,590.0,0
13453.0,28,1,402.01,402.01,28,23,28.0,356.97999999999996,0
13454.0,267,1,219.87,219.87,267,23,267.0,0.0,1
13455.0,79,4,1073.53,268.3825,356,53,89.0,1008.35,0
13457.0,314,2,143.27,71.635,363,9,181.5,0.0,1
13458.0,5,2,2312.7,1156.35,14,94,7.0,9537.92,0
13459.0,250,2,1160.4099999999999,580.2049999999999,308,57,154.0,0.0,1
13461.0,33,3,2696.3,898.7666666666668,223,25,74.33333333333333,1445.0,0
13462.0,36,4,1002.35,250.5875,351,55,87.75,143.25,0
13464.0,20,5,2422.96,484.592,244,95,48.8,674.68,0
13465.0,72,2,931.12,465.56,212,34,106.0,0.0,1
13466.0,34,4,654.3,163.575,254,34,63.5,297.95,0
13468.0,7,35,6881.26,196.60742857142858,362,200,10.342857142857143,5656.75,0
13469.0,279,1,82.4,82.4,279,6,279.0,0.0,1
13472.0,89,2,592.24,296.12,181,24,90.5,0.0,1
13473.0,200,6,1993.44,332.24,350,44,58.333333333333336,417.54,0
13474.0,69,2,419.75,209.875,121,62,60.5,226.84,0
13476.0,32,3,823.0,274.3333333333333,270,38,90.0,1092.77,0
13477.0,81,5,1364.59,272.918,309,65,61.8,1441.53,0
13478.0,95,5,2068.03,413.60600000000005,303,109,60.6,0.0,1
13479.0,78,2,517.5,258.75,103,34,51.5,291.0,0
13480.0,42,2,627.82,313.91,305,40,152.5,0.0,1
13481.0,0,6,2022.03,337.005,361,87,60.166666666666664,1781.06,0
13482.0,253,1,151.45,151.45,253,9,253.0,184.64,0
13484.0,9,2,453.52,226.76,265,30,132.5,313.8,0
13485.0,2,10,2512.43,251.243,362,115,36.2,454.24,0
13487.0,131,2,271.47,135.735,360,11,180.0,575.4,0
13488.0,25,10,5216.25,521.625,309,167,30.9,8915.56,0
13490.0,280,1,154.25,154.25,280,8,280.0,0.0,1
13491.0,15,17,3251.84,191.28470588235294,358,100,21.058823529411764,1215.82,0
13495.0,6,5,2800.29,560.058,358,49,71.6,1990.1200000000001,0
13497.0,138,4,818.78,204.695,295,36,73.75,321.05,0
13498.0,356,1,327.38,327.38,356,17,356.0,0.0,1
13500.0,27,1,299.53,299.53,27,20,27.0,1136.77,0
13501.0,112,2,1529.79,764.895,196,51,98.0,1314.82,0
13502.0,41,2,482.6,241.3,174,14,87.0,292.0,0
13503.0,105,4,1514.39,378.5975,287,147,71.75,216.85,0
13506.0,21,3,855.71,285.2366666666667,86,42,28.666666666666668,452.82,0
13508.0,268,1,176.07999999999998,176.07999999999998,268,16,268.0,110.97,0
13509.0,133,1,135.0,135.0,133,5,133.0,964.72,0
13510.0,1,7,2712.43,387.48999999999995,344,126,49.142857142857146,1785.16,0
13511.0,302,1,244.61,244.61,302,5,302.0,0.0,1
13512.0,13,3,462.18,154.06,209,20,69.66666666666667,251.21,0
13513.0,67,2,609.59,304.795,281,24,140.5,205.1,0
13514.0,54,3,663.7,221.23333333333335,308,13,102.66666666666667,152.20000000000002,0
13515.0,75,2,374.7,187.35,270,17,135.0,891.12,0
13516.0,43,1,295.85,295.85,43,17,43.0,1389.41,0
13519.0,68,1,220.46,220.46,68,11,68.0,110.80000000000001,0
13520.0,28,5,2369.5,473.9,348,61,69.6,2967.75,0
13523.0,28,1,569.69,569.69,28,29,28.0,3757.98,0
13526.0,364,2,942.5999999999999,471.29999999999995,364,29,182.0,0.0,1
13527.0,44,5,2298.93,459.78599999999994,313,152,62.6,2218.61,0
13530.0,260,1,402.97999999999996,402.97999999999996,260,18,260.0,0.0,1
13531.0,124,4,949.27,237.3175,362,38,90.5,483.8,0
13534.0,5,10,1724.17,172.417,146,57,14.6,5643.06,0
13535.0,28,1,89.5,89.5,28,1,28.0,0.0,1
13537.0,51,2,717.85,358.925,77,38,38.5,0.0,1
13538.0,22,5,1822.28,364.456,301,102,60.2,1280.85,0
13539.0,46,4,925.42,231.355,216,45,54.0,631.34,0
13540.0,93,3,632.39,210.79666666666665,281,26,93.66666666666667,0.0,1
13541.0,53,2,719.5,359.75,196,9,98.0,0.0,1
13542.0,2,17,3924.09,230.82882352941178,355,96,20.88235294117647,0.0,1
13543.0,260,2,1439.6100000000001,719.8050000000001,313,37,156.5,0.0,1
13544.0,37,4,505.64,126.41,270,151,67.5,276.06,0
13545.0,16,2,364.93,182.465,170,54,85.0,0.0,1
13546.0,8,2,465.15,232.575,50,47,25.0,621.09,0
13547.0,34,1,164.53,164.53,34,43,34.0,0.0,1
13548.0,97,1,223.28,223.28,97,61,97.0,678.16,0
13549.0,13,1,87.6,87.6,13,8,13.0,918.2,0
13550.0,9,1,342.55,342.55,9,40,9.0,0.0,1
13551.0,292,1,152.39999999999998,152.39999999999998,292,1,292.0,91.80000000000001,0
13552.0,54,10,3063.5,306.35,284,86,28.4,3539.53,0
13553.0,300,1,499.6,499.6,300,85,300.0,0.0,1
13554.0,6,7,1547.46,221.06571428571428,72,150,10.285714285714286,0.0,1
13555.0,4,9,4700.11,522.2344444444444,315,175,35.0,4098.88,0
13556.0,55,2,200.82,100.41,61,8,30.5,0.0,1
13557.0,41,11,2410.87,219.17,357,106,32.45454545454545,584.06,0
13559.0,138,2,990.0,495.0,169,1,84.5,0.0,1
13561.0,23,10,1661.54,166.154,275,120,27.5,141.85999999999999,0
13562.0,27,5,3038.85,607.77,320,65,64.0,1799.33,0
13564.0,14,34,14492.54,426.25117647058823,363,469,10.676470588235293,1174.03,0
13565.0,37,1,174.57999999999998,174.57999999999998,37,22,37.0,240.22,0
13566.0,60,3,827.91,275.96999999999997,265,158,88.33333333333333,856.84,0
13567.0,54,4,1074.19,268.5475,167,180,41.75,0.0,1
13569.0,7,2,387.92,193.96,54,85,27.0,337.12,0
13571.0,8,14,2448.32,174.88000000000002,357,158,25.5,2088.94,0
13573.0,5,4,612.82,153.205,263,51,65.75,290.25,0
13574.0,37,1,404.45,404.45,37,84,37.0,0.0,1
13576.0,18,10,4464.12,446.412,357,91,35.7,6703.3,0
13577.0,8,6,1701.82,283.63666666666666,350,55,58.333333333333336,1658.3,0
13578.0,35,1,147.66,147.66,35,9,35.0,0.0,1
13579.0,27,3,904.1,301.3666666666667,285,57,95.0,467.04,0
13580.0,32,1,107.75,107.75,32,5,32.0,0.0,1
13581.0,40,1,162.53,162.53,40,23,40.0,118.0,0
13582.0,15,2,241.68,120.84,243,10,121.5,0.0,1
13583.0,305,1,664.0,664.0,305,42,305.0,781.03,0
13584.0,124,1,198.0,198.0,124,52,124.0,142.4,0
13585.0,156,3,674.46,224.82000000000002,364,29,121.33333333333333,0.0,1
13586.0,167,1,127.28,127.28,167,20,167.0,0.0,1
13587.0,75,3,961.1,320.3666666666667,289,20,96.33333333333333,347.0,0
13589.0,75,4,741.09,185.2725,359,29,89.75,379.65,0
13590.0,1,12,4314.17,359.51416666666665,364,224,30.333333333333332,1976.12,0
13591.0,61,4,964.0600000000001,241.01500000000001,351,42,87.75,1117.13,0
13593.0,13,9,3479.73,386.63666666666666,273,173,30.333333333333332,1965.0800000000002,0
13594.0,111,1,136.35000000000002,136.35000000000002,111,7,111.0,396.97,0
13595.0,142,3,784.48,261.49333333333334,272,114,90.66666666666667,0.0,1
13597.0,26,2,377.21,188.605,28,16,14.0,0.0,1
13598.0,121,4,601.92,150.48,277,46,69.25,147.29,0
13599.0,21,12,4407.52,367.29333333333335,364,100,30.333333333333332,5036.67,0
13600.0,260,1,298.9,298.9,260,22,260.0,219.52,0
13601.0,18,2,466.67,233.335,172,77,86.0,693.32,0
13602.0,7,3,596.28,198.76,186,29,62.0,428.89,0
13604.0,284,1,713.39,713.39,284,21,284.0,0.0,1
13605.0,13,2,522.67,261.335,197,50,98.5,0.0,1
13607.0,28,1,382.6,382.6,28,23,28.0,675.51,0
13608.0,166,1,232.05,232.05,166,31,166.0,0.0,1
13609.0,219,1,167.35,167.35,219,7,219.0,0.0,1
13610.0,13,7,1004.83,143.54714285714286,329,156,47.0,1065.88,0
13611.0,0,7,2118.63,302.6614285714286,362,122,51.714285714285715,1140.8,0
13612.0,258,1,798.04,798.04,258,50,258.0,0.0,1
13613.0,78,5,1039.8500000000001,207.97000000000003,286,50,57.2,0.0,1
13614.0,19,2,747.28,373.64,177,67,88.5,1585.46,0
13615.0,25,7,5812.24,830.3199999999999,306,244,43.714285714285715,399.99,0
13616.0,194,2,283.85,141.925,317,31,158.5,0.0,1
13617.0,34,5,719.62,143.924,121,30,24.2,544.18,0
13619.0,170,2,223.44,111.72,300,38,150.0,0.0,1
13620.0,154,1,112.34,112.34,154,5,154.0,0.0,1
13622.0,322,1,651.45,651.45,322,32,322.0,0.0,1
13623.0,6,5,1764.59,352.918,363,152,72.6,717.79,0
13624.0,14,1,427.18,427.18,14,20,14.0,0.0,1
13625.0,222,1,301.26,301.26,222,21,222.0,0.0,1
13626.0,5,1,432.26,432.26,5,24,5.0,257.23,0
13627.0,114,2,593.53,296.765,266,36,133.0,1624.02,0
13628.0,302,1,310.14,310.14,302,16,302.0,0.0,1
13629.0,39,8,5578.5,697.3125,292,7,36.5,7792.36,0
13632.0,20,3,1517.68,505.8933333333334,237,63,79.0,2114.68,0
13634.0,2,9,2886.8,320.7555555555556,324,151,36.0,1547.3600000000001,0
13635.0,68,3,1888.29,629.43,364,88,121.33333333333333,1071.03,0
13639.0,62,1,312.93,312.93,62,19,62.0,1033.34,0
13640.0,237,1,405.0,405.0,237,4,237.0,0.0,1
13641.0,266,4,901.27,225.3175,360,40,90.0,0.0,1
13642.0,58,3,147.17,49.056666666666665,58,40,19.333333333333332,312.28,0
13643.0,8,7,1602.63,228.94714285714286,357,57,51.0,519.44,0
13646.0,25,2,326.25,163.125,25,58,12.5,0.0,1
13647.0,120,4,1393.56,348.39,229,50,57.25,1640.22,0
13648.0,26,7,1681.1200000000001,240.16000000000003,364,91,52.0,0.0,1
13649.0,23,4,1107.08,276.77,153,82,38.25,346.6,0
13650.0,0,4,1350.41,337.6025,308,62,77.0,1805.74,0
13651.0,7,1,114.75,114.75,7,7,7.0,79.2,0
13652.0,54,2,1166.97,583.485,278,77,139.0,1095.08,0
13653.0,113,1,152.2,152.2,113,9,113.0,0.0,1
13654.0,6,5,3600.67,720.134,363,133,72.6,2707.33,0
13655.0,0,4,1328.69,332.1725,217,54,54.25,932.97,0
13656.0,125,2,682.2,341.1,221,37,110.5,379.65,0
13658.0,9,4,3350.6,837.65,298,91,74.5,2421.47,0
13659.0,42,10,3205.48,320.548,286,134,28.6,1544.25,0
13660.0,26,1,295.74,295.74,26,39,26.0,0.0,1
13661.0,229,1,325.24,325.24,229,17,229.0,0.0,1
13662.0,11,8,1303.35,162.91875,284,75,35.5,862.71,0
13663.0,6,4,1824.14,456.035,272,75,68.0,189.47,0
13665.0,12,3,1711.6599999999999,570.5533333333333,130,97,43.333333333333336,0.0,1
13666.0,46,2,42.4,21.2,361,6,180.5,84.65,0
13668.0,9,14,6430.32,459.3085714285714,354,191,25.285714285714285,6182.37,0
13669.0,33,1,195.0,195.0,33,5,33.0,218.55,0
13671.0,20,1,172.6,172.6,20,61,20.0,0.0,1
13672.0,356,1,171.4,171.4,356,9,356.0,124.26,0
13674.0,58,1,215.88,215.88,58,13,58.0,0.0,1
13676.0,165,2,153.15,76.575,245,11,122.5,0.0,1
13677.0,30,2,551.24,275.62,146,98,73.0,0.0,1
13679.0,119,3,281.26,93.75333333333333,361,44,120.33333333333333,0.0,1
13680.0,97,8,7700.55,962.56875,361,244,45.125,2199.01,0
13683.0,83,1,258.6,258.6,83,10,83.0,0.0,1
13684.0,16,3,488.65000000000003,162.88333333333335,247,56,82.33333333333333,62.13,0
13686.0,6,2,337.04,168.52,27,23,13.5,72.0,0
13687.0,64,1,11880.84,11880.84,64,45,64.0,0.0,1
13688.0,261,1,375.5,375.5,261,5,261.0,0.0,1
13689.0,70,1,349.5,349.5,70,3,70.0,910.0,0
13691.0,22,1,210.78,210.78,22,53,22.0,0.0,1
13692.0,34,2,1549.58,774.79,46,43,23.0,1473.3700000000001,0
13693.0,0,9,1979.82,219.98,358,77,39.77777777777778,0.0,1
13694.0,6,91,127063.42,1396.3013186813187,361,652,3.967032967032967,63067.14,0
13695.0,203,1,266.6,266.6,203,6,203.0,2504.13,0
13696.0,47,3,2020.4,673.4666666666667,292,24,97.33333333333333,0.0,1
13698.0,222,2,451.73,225.865,307,31,153.5,0.0,1
13699.0,176,1,402.82,402.82,176,22,176.0,308.58000000000004,0
13700.0,43,3,348.34,116.11333333333333,296,41,98.66666666666667,2248.63,0
13701.0,72,1,159.55,159.55,72,9,72.0,0.0,1
13702.0,71,1,135.18,135.18,71,5,71.0,0.0,1
13705.0,68,4,1005.33,251.3325,250,37,62.5,711.86,0
13706.0,252,1,300.38,300.38,252,18,252.0,330.79,0
13707.0,55,3,2559.45,853.15,162,102,54.0,806.41,0
13709.0,72,5,1263.7,252.74,323,64,64.6,6228.71,0
13710.0,49,2,329.04,164.52,238,7,119.0,180.48,0
13711.0,32,7,1437.75,205.39285714285714,350,70,50.0,252.06,0
13712.0,236,1,537.58,537.58,236,23,236.0,228.84,0
13713.0,34,3,740.76,246.92,209,70,69.66666666666667,0.0,1
13714.0,91,1,161.35,161.35,91,30,91.0,0.0,1
13715.0,21,12,7056.67,588.0558333333333,264,226,22.0,1051.99,0
13717.0,83,2,315.79,157.895,111,21,55.5,1432.26,0
13719.0,19,6,1740.42,290.07,197,148,32.833333333333336,1041.68,0
13721.0,21,1,217.39999999999998,217.39999999999998,21,14,21.0,524.14,0
13722.0,46,7,3260.0,465.7142857142857,272,84,38.857142857142854,2369.16,0
13723.0,18,5,994.23,198.846,237,46,47.4,199.85000000000002,0
13724.0,263,1,213.01,213.01,263,39,263.0,0.0,1
13727.0,237,6,727.9200000000001,121.32000000000001,356,55,59.333333333333336,333.48,0
13728.0,13,10,1839.03,183.903,356,56,35.6,1016.14,0
13729.0,61,3,681.53,227.17666666666665,310,36,103.33333333333333,0.0,1
13733.0,36,2,487.03000000000003,243.51500000000001,361,28,180.5,0.0,1
13734.0,134,3,3445.3400000000006,1148.446666666667,144,24,48.0,0.0,1
13735.0,2,9,6618.4400000000005,735.3822222222223,352,267,39.111111111111114,2802.69,0
13736.0,51,5,1979.8700000000001,395.97400000000005,359,223,71.8,728.1,0
13738.0,22,1,434.78000000000003,434.78000000000003,22,88,22.0,0.0,1
13739.0,153,1,75.3,75.3,153,3,153.0,216.9,0
13740.0,41,4,1232.02,308.005,363,62,90.75,350.75,0
13745.0,172,1,469.73,469.73,172,30,172.0,291.54,0
13746.0,39,1,176.69,176.69,39,9,39.0,0.0,1
13747.0,50,1,90.19999999999999,90.19999999999999,50,4,50.0,79.6,0
13748.0,8,4,1116.1,279.025,364,22,91.0,948.25,0
13750.0,6,6,1916.3400000000001,319.39000000000004,243,34,40.5,1647.26,0
13752.0,153,1,404.45000000000005,404.45000000000005,153,19,153.0,1175.38,0
13753.0,224,3,1353.31,451.1033333333333,362,37,120.66666666666667,741.26,0
13754.0,63,1,164.45000000000002,164.45000000000002,63,9,63.0,282.59999999999997,0
13756.0,11,9,3452.53,383.6144444444445,350,103,38.888888888888886,5145.12,0
13757.0,300,1,195.55,195.55,300,8,300.0,0.0,1
13758.0,2,7,5364.24,766.3199999999999,364,128,52.0,3190.55,0
13760.0,30,3,1071.85,357.2833333333333,219,53,73.0,286.79,0
13761.0,128,4,881.52,220.38,282,50,70.5,1070.65,0
13762.0,219,4,2165.76,541.44,324,21,81.0,0.0,1
13763.0,43,2,3468.48,1734.24,61,35,30.5,1714.96,0
13764.0,195,3,1392.25,464.0833333333333,268,140,89.33333333333333,1516.42,0
13765.0,279,1,352.82,352.82,279,16,279.0,0.0,1
13766.0,121,1,190.35,190.35,121,16,121.0,0.0,1
13767.0,0,36,16550.56,459.7377777777778,364,101,10.11111111111111,16945.71,0
13768.0,352,2,875.97,437.985,356,30,178.0,0.0,1
13769.0,36,10,2672.46,267.246,349,80,34.9,2771.87,0
13770.0,48,4,785.37,196.3425,356,48,89.0,0.0,1
13771.0,159,5,3094.37,618.874,278,85,55.6,2631.7,0
13772.0,26,5,1957.89,391.57800000000003,280,290,56.0,1122.63,0
13773.0,22,2,301.54,150.77,285,19,142.5,0.0,1
13775.0,216,1,1049.66,1049.66,216,63,216.0,0.0,1
13777.0,20,28,23542.11,840.7896428571429,363,35,12.964285714285714,25792.88,0
13778.0,117,3,945.79,315.2633333333333,191,27,63.666666666666664,178.7,0
13779.0,141,1,161.13,161.13,141,27,141.0,0.0,1
13780.0,33,1,372.06,372.06,33,35,33.0,360.01,0
13781.0,218,2,643.04,321.52,347,39,173.5,127.84,0
13782.0,79,7,869.27,124.18142857142857,359,105,51.285714285714285,908.86,0
13783.0,113,4,1542.09,385.5225,299,4,74.75,0.0,1
13784.0,60,3,436.18,145.39333333333335,76,9,25.333333333333332,2462.79,0
13785.0,54,4,542.49,135.6225,86,26,21.5,0.0,1
13786.0,9,5,2882.59,576.518,362,78,72.4,230.39999999999998,0
13787.0,84,4,865.02,216.255,320,49,80.0,309.04,0
13788.0,131,1,3.75,3.75,131,1,131.0,0.0,1
13789.0,14,1,239.45999999999998,239.45999999999998,14,18,14.0,0.0,1
13792.0,48,1,188.4,188.4,48,10,48.0,195.55,0
13793.0,272,1,96.0,96.0,272,7,272.0,0.0,1
13794.0,172,1,126.03,126.03,172,9,172.0,0.0,1
13795.0,14,4,836.3,209.075,263,23,65.75,0.0,1
13796.0,125,1,289.7,289.7,125,22,125.0,0.0,1
13797.0,62,3,1168.45,389.48333333333335,273,71,91.0,0.0,1
13798.0,1,52,36691.73,705.6101923076924,357,120,6.865384615384615,36541.93,0
13799.0,70,7,1546.34,220.90571428571428,270,41,38.57142857142857,688.86,0
13800.0,56,2,1121.24,560.62,362,40,181.0,558.32,0
13802.0,0,16,21333.34,1333.33375,287,197,17.9375,4179.42,0
13803.0,57,2,1042.04,521.02,244,57,122.0,277.07,0
13804.0,61,2,572.73,286.365,62,32,31.0,2588.39,0
13807.0,200,2,309.6,154.8,361,17,180.5,112.6,0
13809.0,20,2,524.65,262.325,86,13,43.0,155.05,0
13813.0,153,4,1153.01,288.2525,359,49,89.75,1155.41,0
13814.0,153,1,676.95,676.95,153,22,153.0,1562.12,0
13815.0,32,4,2892.88,723.22,291,122,72.75,3654.91,0
13818.0,55,1,61.28,61.28,55,5,55.0,0.0,1
13819.0,295,3,1490.75,496.9166666666667,364,34,121.33333333333333,1140.35,0
13820.0,44,3,646.0,215.33333333333334,306,68,102.0,0.0,1
13821.0,19,4,969.74,242.435,330,131,82.5,385.64,0
13823.0,6,5,2400.89,480.178,350,90,70.0,957.66,0
13824.0,5,7,1574.42,224.91714285714286,263,34,37.57142857142857,1698.94,0
13825.0,247,2,255.59,127.795,356,38,178.0,0.0,1
13830.0,207,1,135.95000000000002,135.95000000000002,207,10,207.0,0.0,1
13831.0,47,12,4375.59,364.6325,355,78,29.583333333333332,2198.45,0
13832.0,48,1,557.6899999999999,557.6899999999999,48,51,48.0,40.949999999999996,0
13833.0,30,1,316.56,316.56,30,16,30.0,383.85,0
13834.0,202,2,324.19,162.095,295,15,147.5,0.0,1
13835.0,145,3,223.75,74.58333333333333,271,14,90.33333333333333,834.57,0
13836.0,25,2,602.52,301.26,40,29,20.0,0.0,1
13838.0,51,6,1015.25,169.20833333333334,205,205,34.166666666666664,674.82,0
13839.0,112,1,139.95000000000002,139.95000000000002,112,7,112.0,0.0,1
13840.0,42,1,651.4,651.4,42,40,42.0,0.0,1
13842.0,41,9,1907.07,211.89666666666665,287,105,31.88888888888889,3385.62,0
13843.0,7,1,319.75,319.75,7,18,7.0,0.0,1
13846.0,25,1,436.88,436.88,25,26,25.0,853.46,0
13847.0,345,1,310.72,310.72,345,19,345.0,0.0,1
13848.0,32,5,1760.0,352.0,356,1,71.2,1255.0,0
13849.0,23,3,1905.85,635.2833333333333,250,108,83.33333333333333,1537.95,0
13851.0,5,5,1865.3000000000002,373.06000000000006,305,44,61.0,2651.46,0
13852.0,236,1,170.45000000000002,170.45000000000002,236,11,236.0,0.0,1
13854.0,6,14,3823.79,273.1278571428571,326,35,23.285714285714285,8025.42,0
13855.0,126,4,1257.69,314.4225,357,64,89.25,0.0,1
13856.0,89,8,708.23,88.52875,245,27,30.625,363.4,0
13857.0,19,6,997.01,166.16833333333332,197,97,32.833333333333336,0.0,1
13859.0,155,1,314.7,314.7,155,8,155.0,201.16,0
13861.0,55,2,251.31,125.655,156,20,78.0,0.0,1
13862.0,15,1,346.73,346.73,15,21,15.0,2187.31,0
13863.0,91,3,918.07,306.02333333333337,219,43,73.0,299.56,0
13864.0,12,1,662.4000000000001,662.4000000000001,12,1,12.0,0.0,1
13869.0,7,6,4913.22,818.87,317,359,52.833333333333336,3083.65,0
13870.0,13,7,2938.59,419.79857142857145,295,86,42.142857142857146,2751.25,0
13871.0,54,4,1415.15,353.7875,345,48,86.25,6389.8,0
13872.0,153,3,908.27,302.75666666666666,351,51,117.0,0.0,1
13873.0,9,5,649.32,129.864,272,36,54.4,381.7,0
13874.0,130,6,1477.05,246.17499999999998,299,33,49.833333333333336,540.45,0
13875.0,13,9,3027.58,336.3977777777778,348,114,38.666666666666664,1786.79,0
13877.0,96,2,329.09000000000003,164.54500000000002,315,20,157.5,117.24,0
13878.0,173,3,1145.33,381.77666666666664,230,59,76.66666666666667,1271.57,0
13879.0,271,1,395.5,395.5,271,25,271.0,0.0,1
13880.0,34,4,1074.09,268.5225,188,46,47.0,3219.77,0
13881.0,1,22,27402.98,1245.59,271,147,12.318181818181818,16989.52,0
13883.0,29,9,3763.7400000000002,418.1933333333334,275,133,30.555555555555557,2572.85,0
13884.0,2,5,1007.63,201.526,96,85,19.2,781.3000000000001,0
13888.0,30,5,1405.92,281.184,201,96,40.2,595.67,0
13889.0,8,5,1486.0800000000002,297.216,312,48,62.4,416.90000000000003,0
13890.0,0,4,1008.52,252.13,359,48,89.75,1860.8600000000001,0
13891.0,4,3,859.21,286.40333333333336,208,97,69.33333333333333,0.0,1
13892.0,103,2,634.68,317.34,201,8,100.5,632.97,0
13895.0,141,2,1335.5,667.75,362,66,181.0,2588.12,0
13896.0,251,1,388.55,388.55,251,21,251.0,0.0,1
13897.0,64,2,849.56,424.78,303,42,151.5,311.16,0
13898.0,37,1,530.47,530.47,37,34,37.0,155.93,0
13900.0,15,3,867.52,289.17333333333335,250,46,83.33333333333333,740.95,0
13901.0,0,10,2732.14,273.214,329,145,32.9,2867.2,0
13902.0,258,5,30392.46,6078.492,350,57,70.0,0.0,1
13903.0,26,1,165.45000000000002,165.45000000000002,26,10,26.0,0.0,1
13905.0,358,1,249.65,249.65,358,12,358.0,0.0,1
13906.0,35,1,42.0,42.0,35,1,35.0,0.0,1
13907.0,317,1,136.8,136.8,317,4,317.0,0.0,1
13909.0,49,2,282.85,141.425,147,35,73.5,0.0,1
13911.0,5,11,1619.1299999999999,147.19363636363636,274,67,24.90909090909091,2580.91,0
13912.0,49,1,124.95,124.95,49,7,49.0,0.0,1
13913.0,132,1,42.22,42.22,132,3,132.0,0.0,1
13915.0,20,1,70.80000000000001,70.80000000000001,20,2,20.0,0.0,1
13916.0,89,4,1275.81,318.9525,301,72,75.25,0.0,1
13919.0,50,2,903.87,451.935,166,44,83.0,314.15999999999997,0
13920.0,57,4,1734.88,433.72,188,79,47.0,0.0,1
13921.0,28,4,720.75,180.1875,347,35,86.75,0.0,1
13922.0,63,2,655.4,327.7,93,22,46.5,172.25,0
13927.0,63,1,340.97,340.97,63,20,63.0,348.99,0
13929.0,42,8,2515.25,314.40625,320,37,40.0,802.8499999999999,0
13931.0,18,9,4019.85,446.65,362,170,40.22222222222222,1230.93,0
13935.0,222,3,6116.92,2038.9733333333334,278,67,92.66666666666667,0.0,1
13936.0,8,2,563.08,281.54,40,31,20.0,361.28,0
13937.0,28,1,708.53,708.53,28,44,28.0,158.85,0
13939.0,57,4,976.91,244.2275,238,52,59.5,556.75,0
13941.0,20,10,4914.22,491.422,349,32,34.9,4907.610000000001,0
13942.0,160,1,320.0,320.0,160,1,160.0,0.0,1
13943.0,203,1,246.54,246.54,203,15,203.0,0.0,1
13944.0,279,1,200.43,200.43,279,35,279.0,0.0,1
13945.0,20,2,854.15,427.075,105,49,52.5,0.0,1
13946.0,2,3,1183.8600000000001,394.62000000000006,361,40,120.33333333333333,561.5699999999999,0
13948.0,37,3,434.86,144.95333333333335,361,20,120.33333333333333,102.0,0
13952.0,6,12,9544.8,795.4,349,183,29.083333333333332,3246.09,0
13953.0,35,5,3125.0,625.0,354,1,70.8,3515.68,0
13955.0,1,1,221.10999999999999,221.10999999999999,1,52,1.0,322.96,0
13957.0,43,3,458.25,152.75,284,21,94.66666666666667,0.0,1
13958.0,5,8,4544.2300000000005,568.0287500000001,360,168,45.0,0.0,1
13959.0,25,3,470.73,156.91,137,56,45.666666666666664,594.04,0
13961.0,18,1,498.7,498.7,18,18,18.0,0.0,1
13962.0,61,1,193.25,193.25,61,12,61.0,169.55,0
13963.0,14,13,2083.78,160.29076923076926,223,100,17.153846153846153,664.54,0
13964.0,13,2,421.9,210.95,56,22,28.0,0.0,1
13965.0,102,3,777.66,259.21999999999997,329,19,109.66666666666667,0.0,1
13966.0,61,1,384.26,384.26,61,21,61.0,0.0,1
13967.0,22,1,85.6,85.6,22,4,22.0,80.7,0
13968.0,49,1,123.66,123.66,49,8,49.0,0.0,1
13969.0,12,17,3863.44,227.26117647058823,250,230,14.705882352941176,8956.92,0
13970.0,12,2,846.55,423.275,63,10,31.5,0.0,1
13971.0,49,6,1891.6100000000001,315.2683333333334,308,86,51.333333333333336,2702.2200000000003,0
13974.0,208,1,249.93,249.93,208,15,208.0,413.59000000000003,0
13975.0,19,6,2795.16,465.85999999999996,301,290,50.166666666666664,2438.19,0
13976.0,132,3,834.38,278.12666666666667,294,43,98.0,357.98,0
13977.0,37,1,519.8100000000001,519.8100000000001,37,13,37.0,0.0,1
13979.0,19,6,2468.36,411.3933333333334,362,305,60.333333333333336,869.87,0
13980.0,65,4,532.63,133.1575,282,46,70.5,200.14,0
13981.0,41,1,327.39,327.39,41,22,41.0,0.0,1
13982.0,125,5,2066.7799999999997,413.35599999999994,314,77,62.8,1861.31,0
13983.0,28,9,4068.54,452.06,356,173,39.55555555555556,2600.88,0
13984.0,12,7,973.29,139.04142857142855,358,47,51.142857142857146,488.03,0
13985.0,0,7,2957.78,422.54,294,81,42.0,7024.53,0
13987.0,5,2,682.54,341.27,26,46,13.0,0.0,1
13988.0,9,2,609.84,304.92,251,54,125.5,4098.8,0
13989.0,90,3,759.98,253.32666666666668,189,34,63.0,1266.08,0
13992.0,6,2,142.7,71.35,89,5,44.5,76.8,0
13993.0,5,10,3280.7000000000003,328.07000000000005,362,79,36.2,3411.76,0
13995.0,5,9,2452.77,272.53,347,104,38.55555555555556,1383.49,0
13996.0,12,2,845.76,422.88,25,28,12.5,0.0,1
13997.0,145,3,376.46,125.48666666666666,176,36,58.666666666666664,0.0,1
13998.0,72,3,566.7,188.9,202,30,67.33333333333333,0.0,1
13999.0,0,17,5572.75,327.80882352941177,360,132,21.176470588235293,3867.6600000000003,0
14000.0,40,4,1243.88,310.97,363,22,90.75,633.71,0
14001.0,25,6,2185.77,364.295,119,40,19.833333333333332,2043.0800000000002,0
14003.0,358,1,209.41,209.41,358,16,358.0,0.0,1
14004.0,19,4,1675.81,418.9525,61,61,15.25,4582.64,0
14006.0,154,4,1234.48,308.62,278,40,69.5,962.19,0
14007.0,138,1,79.48,79.48,138,5,138.0,0.0,1
14008.0,58,1,493.74,493.74,58,31,58.0,0.0,1
14009.0,88,1,404.3,404.3,88,32,88.0,685.9300000000001,0
14010.0,191,2,288.1,144.05,191,19,95.5,0.0,1
14011.0,106,2,450.32,225.16,233,32,116.5,0.0,1
14013.0,6,2,611.5500000000001,305.77500000000003,249,30,124.5,473.02,0
14014.0,2,2,1443.03,721.515,202,37,101.0,505.18,0
14016.0,22,7,7001.25,1000.1785714285714,326,245,46.57142857142857,4278.46,0
14017.0,197,1,229.75,229.75,197,14,197.0,0.0,1
14018.0,271,1,367.15000000000003,367.15000000000003,271,13,271.0,0.0,1
14020.0,102,2,570.46,285.23,155,28,77.5,642.8,0
14021.0,0,4,1084.68,271.17,218,64,54.5,631.9,0
14022.0,112,1,352.15000000000003,352.15000000000003,112,19,112.0,440.0,0
14024.0,16,1,318.04,318.04,16,18,16.0,327.7,0
14025.0,90,8,3969.1,496.1375,209,60,26.125,0.0,1
14026.0,96,2,713.11,356.555,251,43,125.5,0.0,1
14028.0,176,2,6786.0,3393.0,176,3,88.0,0.0,1
14030.0,2,12,5162.96,430.24666666666667,355,441,29.583333333333332,2358.84,0
14031.0,4,25,21467.95,858.7180000000001,362,200,14.48,14700.86,0
14032.0,12,5,1552.37,310.474,351,47,70.2,2929.84,0
14033.0,181,1,109.44,109.44,181,1,181.0,0.0,1
14035.0,32,4,1362.48,340.62,238,42,59.5,1428.02,0
14037.0,104,4,575.0,143.75,358,75,89.5,147.20000000000002,0
14038.0,23,2,1446.45,723.225,299,53,149.5,1554.48,0
14039.0,201,1,115.08000000000001,115.08000000000001,201,4,201.0,152.2,0
14040.0,12,23,8847.69,384.6821739130435,364,265,15.826086956521738,3491.64,0
14042.0,351,1,431.98,431.98,351,21,351.0,0.0,1
14043.0,117,2,302.6,151.3,355,37,177.5,0.0,1
14044.0,44,6,2410.58,401.7633333333333,310,444,51.666666666666664,646.42,0
14045.0,6,11,7674.48,697.68,326,15,29.636363636363637,1659.75,0
14047.0,25,9,2591.1,287.9,302,83,33.55555555555556,1290.01,0
14048.0,8,2,334.16,167.08,8,55,4.0,379.73,0
14049.0,13,9,7300.23,811.1366666666667,243,360,27.0,5552.07,0
14051.0,7,14,5984.89,427.4921428571429,362,49,25.857142857142858,15473.74,0
14052.0,16,1,241.3,241.3,16,65,16.0,225.36,0
14053.0,23,2,312.05,156.025,112,3,56.0,260.25,0
14055.0,203,2,795.3199999999999,397.65999999999997,349,23,174.5,725.6400000000001,0
14057.0,7,5,2135.0,427.0,362,124,72.4,6141.099999999999,0
14058.0,88,2,469.19,234.595,156,23,78.0,0.0,1
14060.0,6,11,2747.92,249.8109090909091,264,39,24.0,6135.38,0
14061.0,133,3,917.4300000000001,305.81,364,17,121.33333333333333,0.0,1
14062.0,0,12,14954.23,1246.1858333333332,355,112,29.583333333333332,10464.85,0
14063.0,312,7,9471.5,1353.0714285714287,357,29,51.0,0.0,1
14064.0,56,10,1798.65,179.865,313,87,31.3,1172.46,0
14065.0,15,3,889.37,296.45666666666665,57,42,19.0,0.0,1
14068.0,229,3,1227.47,409.1566666666667,303,72,101.0,265.85,0
14069.0,140,2,225.81,112.905,187,37,93.5,0.0,1
14070.0,310,1,321.6,321.6,310,40,310.0,0.0,1
14072.0,292,1,390.85,390.85,292,19,292.0,0.0,1
14074.0,249,1,219.39999999999998,219.39999999999998,249,6,249.0,0.0,1
14075.0,29,2,782.61,391.305,96,35,48.0,942.26,0
14077.0,21,1,115.66,115.66,21,14,21.0,499.41999999999996,0
14078.0,100,3,502.45,167.48333333333332,247,72,82.33333333333333,1049.37,0
14080.0,39,4,1030.13,257.5325,363,69,90.75,45.599999999999994,0
14081.0,32,8,3881.25,485.15625,355,420,44.375,891.77,0
14082.0,18,1,231.10999999999999,231.10999999999999,18,36,18.0,182.25,0
14083.0,137,2,79.28999999999999,39.644999999999996,347,8,173.5,1002.9,0
14084.0,138,1,150.5,150.5,138,7,138.0,0.0,1
14085.0,0,14,5271.63,376.545,357,332,25.5,4421.29,0
14086.0,88,1,39.95,39.95,88,1,88.0,0.0,1
14087.0,30,2,595.25,297.625,361,124,180.5,191.47,0
14088.0,32,2,13316.14,6658.07,47,92,23.5,50415.49,0
14091.0,280,2,9530.08,4765.04,324,13,162.0,0.0,1
14092.0,0,10,3146.64,314.664,349,92,34.9,4069.0,0
14094.0,65,1,310.82,310.82,65,41,65.0,0.0,1
14095.0,348,1,2.95,2.95,348,1,348.0,0.0,1
14097.0,107,2,422.85999999999996,211.42999999999998,271,39,135.5,0.0,1
14099.0,1,9,2592.7400000000002,288.08222222222224,355,165,39.44444444444444,3092.9700000000003,0
14101.0,14,7,3965.34,566.4771428571429,247,15,35.285714285714285,5976.79,0
14104.0,15,3,524.3199999999999,174.7733333333333,186,99,62.0,216.20999999999998,0
14105.0,34,4,4517.9,1129.475,347,172,86.75,1260.33,0
14106.0,363,1,214.79999999999998,214.79999999999998,363,1,363.0,0.0,1
14107.0,74,4,2165.2200000000003,541.3050000000001,356,71,89.0,2688.48,0
14108.0,357,2,447.05,223.525,364,18,182.0,594.16,0
14110.0,61,21,7289.95,347.1404761904762,364,126,17.333333333333332,5669.65,0
14112.0,77,6,2769.94,461.6566666666667,280,118,46.666666666666664,2774.17,0
14113.0,1,12,4962.28,413.5233333333333,357,55,29.75,1402.77,0
14114.0,21,5,977.5600000000001,195.512,232,58,46.4,386.53,0
14115.0,127,2,622.6700000000001,311.33500000000004,292,22,146.0,0.0,1
14118.0,54,1,458.45,458.45,54,15,54.0,0.0,1
14119.0,1,2,163.47,81.735,344,10,172.0,0.0,1
14122.0,32,3,309.77,103.25666666666666,363,10,121.0,0.0,1
14123.0,359,1,436.18,436.18,359,24,359.0,0.0,1
14126.0,70,1,466.33000000000004,466.33000000000004,70,28,70.0,643.6300000000001,0
14127.0,6,3,1190.3700000000001,396.79,51,64,17.0,709.71,0
14128.0,177,1,271.86,271.86,177,18,177.0,637.5,0
14129.0,25,4,1467.48,366.87,205,22,51.25,1123.8600000000001,0
14130.0,1,3,1377.86,459.28666666666663,354,131,118.0,480.91,0
14131.0,274,1,168.22,168.22,274,45,274.0,0.0,1
14133.0,359,1,305.5,305.5,359,8,359.0,592.89,0
14134.0,8,15,11123.35,741.5566666666667,355,130,23.666666666666668,0.0,1
14135.0,4,9,4110.49,456.7211111111111,363,62,40.333333333333336,4690.31,0
14136.0,26,5,1553.96,310.79200000000003,357,86,71.4,0.0,1
14137.0,321,1,294.1,294.1,321,11,321.0,0.0,1
14139.0,116,3,670.98,223.66,168,29,56.0,415.82,0
14142.0,272,1,344.13,344.13,272,22,272.0,311.81,0
14144.0,112,1,30.599999999999998,30.599999999999998,112,1,112.0,0.0,1
14145.0,85,3,3857.85,1285.95,236,10,78.66666666666667,3148.2,0
14146.0,9,7,5259.3,751.3285714285714,321,204,45.857142857142854,2949.57,0
14147.0,14,7,1566.8,223.82857142857142,266,20,38.0,468.4,0
14148.0,40,1,309.09000000000003,309.09000000000003,40,14,40.0,157.2,0
14151.0,299,2,666.7,333.35,342,43,171.0,0.0,1
14152.0,13,5,1364.35,272.87,285,74,57.0,611.09,0
14153.0,109,1,233.4,233.4,109,17,109.0,0.0,1
14154.0,7,5,4917.98,983.5959999999999,321,204,64.2,1345.62,0
14156.0,4,88,184181.82,2092.9752272727274,364,1085,4.136363636363637,113693.36,0
14157.0,15,3,553.8000000000001,184.60000000000002,272,33,90.66666666666667,392.44,0
14159.0,5,9,2913.35,323.7055555555555,362,366,40.22222222222222,4613.2699999999995,0
14160.0,236,7,8421.47,1203.0671428571427,324,80,46.285714285714285,0.0,1
14161.0,65,4,1899.31,474.8275,352,140,88.0,1097.6200000000001,0
14163.0,88,1,148.71,148.71,88,6,88.0,2445.91,0
14166.0,131,2,251.15,125.575,252,39,126.0,0.0,1
14167.0,90,4,711.7,177.925,307,32,76.75,562.59,0
14168.0,46,2,305.9,152.95,190,10,95.0,0.0,1
14169.0,56,2,613.11,306.555,70,49,35.0,0.0,1
14170.0,1,3,570.18,190.05999999999997,21,123,7.0,0.0,1
14171.0,356,1,135.0,135.0,356,6,356.0,363.79,0
14172.0,231,3,356.27,118.75666666666666,268,37,89.33333333333333,0.0,1
14173.0,267,2,135.16,67.58,356,3,178.0,450.84,0
14175.0,44,5,4249.13,849.826,253,124,50.6,3108.06,0
14176.0,7,1,179.56,179.56,7,6,7.0,574.0,0
14177.0,7,9,1660.23,184.47,277,118,30.77777777777778,544.01,0
14180.0,9,8,1268.23,158.52875,174,36,21.75,4640.77,0
14181.0,36,2,308.35,154.175,188,48,94.0,0.0,1
14182.0,69,4,660.07,165.0175,222,42,55.5,0.0,1
14183.0,37,2,278.34000000000003,139.17000000000002,107,27,53.5,0.0,1
14186.0,53,5,1550.63,310.12600000000003,270,75,54.0,0.0,1
14187.0,99,1,123.5,123.5,99,8,99.0,0.0,1
14189.0,14,1,849.0699999999999,849.0699999999999,14,42,14.0,4604.31,0
14190.0,292,1,79.9,79.9,292,1,292.0,0.0,1
14191.0,20,2,132.9,66.45,354,6,177.0,4662.96,0
14192.0,14,1,293.74,293.74,14,14,14.0,0.0,1
14193.0,22,1,356.8,356.8,22,22,22.0,853.39,0
14194.0,18,15,7235.37,482.358,328,246,21.866666666666667,11216.75,0
14195.0,65,4,1438.7,359.675,260,5,65.0,962.7,0
14197.0,36,1,390.05,390.05,36,20,36.0,0.0,1
14198.0,26,5,864.08,172.816,329,33,65.8,663.5,0
14199.0,49,3,731.0999999999999,243.69999999999996,156,13,52.0,185.39999999999998,0
14200.0,243,1,379.2,379.2,243,21,243.0,0.0,1
14201.0,35,3,446.1,148.70000000000002,214,17,71.33333333333333,717.74,0
14202.0,7,3,847.76,282.58666666666664,250,27,83.33333333333333,0.0,1
14203.0,23,1,339.34,339.34,23,16,23.0,0.0,1
14204.0,48,3,874.22,291.4066666666667,363,158,121.0,150.61,0
14205.0,20,7,1691.4,241.62857142857143,268,63,38.285714285714285,466.7,0
14206.0,14,2,836.9499999999999,418.47499999999997,28,42,14.0,328.15999999999997,0
14207.0,313,1,157.8,157.8,313,2,313.0,0.0,1
14208.0,177,1,415.31,415.31,177,25,177.0,151.74,0
14209.0,11,9,2879.19,319.91,312,97,34.666666666666664,2067.13,0
14210.0,62,10,3608.48,360.848,328,127,32.8,1900.89,0
14211.0,37,9,2093.39,232.59888888888887,356,94,39.55555555555556,2208.3,0
14212.0,71,1,1119.6599999999999,1119.6599999999999,71,12,71.0,1070.48,0
14215.0,96,3,1460.61,486.86999999999995,357,75,119.0,1777.92,0
14216.0,40,1,303.09,303.09,40,18,40.0,1839.3,0
14217.0,2,6,1180.16,196.69333333333336,153,62,25.5,1925.3600000000001,0
14219.0,35,2,543.89,271.945,119,32,59.5,89.94,0
14220.0,193,2,882.5999999999999,441.29999999999995,195,12,97.5,632.4,0
14221.0,75,8,3084.69,385.58625,238,67,29.75,3427.85,0
14224.0,16,5,831.98,166.39600000000002,170,101,34.0,1009.73,0
14225.0,60,4,2011.21,502.8025,322,70,80.5,0.0,1
14226.0,67,1,766.14,766.14,67,31,67.0,2184.64,0
14227.0,40,5,3012.0,602.4,295,163,59.0,3315.71,0
14228.0,63,3,745.5,248.5,172,38,57.333333333333336,0.0,1
14229.0,29,4,1018.39,254.5975,97,21,24.25,1450.6,0
14230.0,61,3,979.8000000000001,326.6,174,27,58.0,0.0,1
14231.0,76,1,309.91,309.91,76,19,76.0,822.0600000000001,0
14233.0,91,3,1319.45,439.81666666666666,270,28,90.0,1447.51,0
14235.0,124,4,1573.1299999999999,393.28249999999997,245,53,61.25,3093.86,0
14236.0,57,3,1053.58,351.1933333333333,131,27,43.666666666666664,490.86,0
14237.0,216,1,305.04,305.04,216,17,216.0,161.0,0
14238.0,288,2,287.38,143.69,360,5,180.0,146.85,0
14239.0,57,10,1880.22,188.022,360,41,36.0,2323.5,0
14240.0,49,1,357.15,357.15,49,19,49.0,890.34,0
14241.0,322,1,120.0,120.0,322,2,322.0,213.70000000000002,0
14243.0,1,7,4616.18,659.4542857142858,102,178,14.571428571428571,2535.88,0
14244.0,286,1,354.82,354.82,286,16,286.0,0.0,1
14247.0,30,4,613.84,153.46,177,72,44.25,136.76999999999998,0
14248.0,85,2,730.37,365.185,141,33,70.5,302.58,0
14249.0,36,12,5400.46,450.03833333333336,305,177,25.416666666666668,0.0,1
14252.0,7,1,350.99,350.99,7,10,7.0,0.0,1
14253.0,119,2,363.40000000000003,181.70000000000002,249,11,124.5,0.0,1
14254.0,58,1,601.03,601.03,58,23,58.0,0.0,1
14256.0,117,3,1449.08,483.02666666666664,320,69,106.66666666666667,935.0600000000001,0
14257.0,6,4,2854.73,713.6825,274,97,68.5,3099.7200000000003,0
14258.0,21,16,18685.67,1167.854375,361,84,22.5625,12652.98,0
14260.0,97,3,824.28,274.76,174,50,58.0,0.0,1
14263.0,49,1,322.93,322.93,49,16,49.0,0.0,1
14264.0,5,4,1141.89,285.4725,237,48,59.25,333.97,0
14265.0,90,2,843.17,421.585,238,47,119.0,530.18,0
14266.0,54,1,40.56,40.56,54,1,54.0,0.0,1
14268.0,96,1,354.85,354.85,96,19,96.0,0.0,1
14269.0,65,1,261.68,261.68,65,16,65.0,0.0,1
14271.0,35,1,101.86,101.86,35,28,35.0,112.32,0
14272.0,188,2,482.85,241.425,208,31,104.0,437.96,0
14274.0,312,1,256.6,256.6,312,15,312.0,0.0,1
14275.0,21,6,1189.3799999999999,198.23,233,14,38.833333333333336,0.0,1
14276.0,33,4,914.34,228.585,286,38,71.5,1019.39,0
14277.0,37,5,849.32,169.864,352,102,70.4,3892.8,0
14278.0,35,1,205.83,205.83,35,13,35.0,0.0,1
14279.0,146,2,191.86,95.93,307,3,153.5,0.0,1
14281.0,34,1,245.15,245.15,34,7,34.0,0.0,1
14282.0,7,10,3544.32,354.432,288,55,28.8,3701.44,0
14283.0,89,4,628.4399999999999,157.10999999999999,195,36,48.75,0.0,1
14284.0,279,1,704.4,704.4,279,35,279.0,578.45,0
14285.0,139,4,1374.41,343.6025,357,33,89.25,1910.01,0
14286.0,30,4,3800.89,950.2225,361,166,90.25,4595.81,0
14290.0,39,3,2167.21,722.4033333333333,357,43,119.0,2311.7000000000003,0
14291.0,6,12,3971.1,330.925,356,158,29.666666666666668,3873.3,0
14292.0,36,7,4090.02,584.2885714285715,256,64,36.57142857142857,4839.1900000000005,0
14293.0,9,5,1762.8500000000001,352.57000000000005,355,49,71.0,1046.56,0
14294.0,33,1,375.34,375.34,33,23,33.0,0.0,1
14295.0,64,3,2151.36,717.12,356,60,118.66666666666667,166.20000000000002,0
14296.0,47,2,448.45,224.225,200,27,100.0,0.0,1
14298.0,1,38,39626.87,1042.8123684210527,354,711,9.31578947368421,50862.44,0
14299.0,13,18,9416.23,523.1238888888888,363,90,20.166666666666668,3195.81,0
14301.0,42,3,1324.95,441.65000000000003,292,28,97.33333333333333,632.04,0
14302.0,56,3,742.9000000000001,247.63333333333335,363,25,121.0,0.0,1
14303.0,33,2,277.94,138.97,60,21,30.0,0.0,1
14304.0,5,2,1140.3600000000001,570.1800000000001,196,56,98.0,383.45,0
14306.0,4,4,1058.0800000000002,264.52000000000004,303,12,75.75,2083.42,0
14307.0,134,4,1284.25,321.0625,358,74,89.5,2995.72,0
14309.0,39,2,1413.98,706.99,176,69,88.0,2333.98,0
14310.0,58,1,492.1,492.1,58,22,58.0,0.0,1
14311.0,193,1,206.19,206.19,193,11,193.0,229.71,0
14312.0,4,5,1478.7,295.74,130,88,26.0,1611.59,0
14314.0,56,1,101.9,101.9,56,2,56.0,120.0,0
14315.0,190,2,711.74,355.87,260,26,130.0,2456.98,0
14316.0,48,5,1355.34,271.068,256,21,51.2,0.0,1
14318.0,86,1,158.02,158.02,86,9,86.0,0.0,1
14319.0,50,1,494.85,494.85,50,26,50.0,0.0,1
14320.0,172,3,861.01,287.00333333333333,313,46,104.33333333333333,343.11,0
14321.0,57,2,676.33,338.165,99,55,49.5,1530.75,0
14322.0,55,4,392.2,98.05,285,10,71.25,0.0,1
14324.0,35,2,701.61,350.805,319,41,159.5,0.0,1
14325.0,195,1,245.48000000000002,245.48000000000002,195,18,195.0,0.0,1
14326.0,89,2,757.13,378.565,158,48,79.0,166.85,0
14327.0,8,5,1583.28,316.656,326,89,65.2,311.65,0
14329.0,1,8,4806.78,600.8475,349,203,43.625,4889.14,0
14330.0,249,1,200.63,200.63,249,13,249.0,0.0,1
14332.0,7,2,1077.2,538.6,42,31,21.0,840.21,0
14334.0,51,4,1753.52,438.38,194,76,48.5,2539.46,0
14338.0,162,1,339.88,339.88,162,19,162.0,562.47,0
14339.0,54,1,310.75,310.75,54,9,54.0,294.56,0
14341.0,46,10,2277.09,227.709,364,100,36.4,2151.08,0
14342.0,58,2,235.03,117.515,98,11,49.0,608.71,0
14343.0,47,4,1079.66,269.915,316,193,79.0,0.0,1
14344.0,1,12,2103.12,175.26,252,100,21.0,889.9300000000001,0
14346.0,51,3,1294.17,431.39000000000004,123,78,41.0,1021.58,0
14347.0,362,1,82.6,82.6,362,6,362.0,0.0,1
14350.0,6,2,689.1,344.55,56,38,28.0,262.1,0
14353.0,36,2,285.9,142.95,57,14,28.5,90.6,0
14355.0,75,2,665.65,332.825,253,48,126.5,174.4,0
14358.0,15,2,400.06,200.03,54,21,27.0,0.0,1
14361.0,204,1,214.70999999999998,214.70999999999998,204,14,204.0,0.0,1
14363.0,28,2,227.47000000000003,113.73500000000001,77,8,38.5,0.0,1
14365.0,20,2,634.68,317.34,307,50,153.5,0.0,1
14366.0,151,1,136.0,136.0,151,1,151.0,0.0,1
14369.0,268,2,469.13,234.565,287,24,143.5,0.0,1
14370.0,76,6,1092.13,182.02166666666668,302,36,50.333333333333336,0.0,1
14372.0,69,2,860.08,430.04,225,36,112.5,0.0,1
14374.0,167,1,108.0,108.0,167,7,167.0,0.0,1
14375.0,76,2,871.26,435.63,167,128,83.5,235.56,0
14376.0,309,1,215.46,215.46,309,17,309.0,0.0,1
14378.0,247,1,131.25,131.25,247,9,247.0,0.0,1
14379.0,19,2,917.06,458.53,106,68,53.0,348.1,0
14381.0,77,1,423.26,423.26,77,56,77.0,202.68,0
14382.0,16,1,578.14,578.14,16,137,16.0,615.49,0
14384.0,126,1,58.5,58.5,126,3,126.0,0.0,1
14388.0,12,8,3117.91,389.73875,314,100,39.25,3172.04,0
14389.0,50,3,828.33,276.11,216,29,72.0,1012.26,0
14390.0,0,4,1491.31,372.8275,51,105,12.75,4588.17,0
14391.0,202,1,135.6,135.6,202,14,202.0,0.0,1
14392.0,58,1,266.4,266.4,58,14,58.0,0.0,1
14394.0,190,1,93.8,93.8,190,6,190.0,0.0,1
14395.0,15,11,4310.62,391.87454545454545,226,222,20.545454545454547,3444.11,0
14396.0,121,5,1481.39,296.278,363,136,72.6,487.99,0
14398.0,27,2,707.79,353.895,153,50,76.5,0.0,1
14399.0,20,8,2108.21,263.52625,300,119,37.5,0.0,1
14400.0,34,2,1143.3,571.65,257,47,128.5,559.7,0
14401.0,50,9,2663.42,295.93555555555554,351,61,39.0,4039.98,0
14402.0,278,1,285.6,285.6,278,8,278.0,0.0,1
14403.0,215,2,396.45,198.225,265,4,132.5,1426.31,0
14404.0,121,7,1215.41,173.63000000000002,345,64,49.285714285714285,1409.72,0
14405.0,12,1,195.0,195.0,12,2,12.0,0.0,1
14408.0,97,4,1503.2400000000002,375.81000000000006,358,11,89.5,2599.03,0
14409.0,6,3,1367.84,455.94666666666666,193,45,64.33333333333333,1926.25,0
14410.0,2,2,1263.13,631.565,63,160,31.5,883.6800000000001,0
14412.0,50,1,656.16,656.16,50,41,50.0,761.3299999999999,0
14413.0,36,2,300.67,150.335,315,73,157.5,121.05,0
14414.0,0,1,902.35,902.35,0,21,0.0,1485.1299999999999,0
14415.0,5,10,6039.47,603.947,349,297,34.9,5781.9,0
14417.0,13,1,524.65,524.65,13,106,13.0,0.0,1
14419.0,8,1,202.85,202.85,8,23,8.0,1051.79,0
14420.0,22,3,1241.85,413.95,317,58,105.66666666666667,385.87,0
14421.0,138,4,1643.51,410.8775,317,56,79.25,813.11,0
14422.0,0,13,5937.28,456.71384615384613,348,193,26.76923076923077,4263.64,0
14423.0,63,2,649.76,324.88,320,11,160.0,265.2,0
14425.0,60,3,648.64,216.21333333333334,363,35,121.0,0.0,1
14426.0,29,7,7166.02,1023.7171428571429,271,313,38.714285714285715,3981.15,0
14427.0,120,2,900.1800000000001,450.09000000000003,257,27,128.5,363.34000000000003,0
14429.0,29,1,516.28,516.28,29,22,29.0,0.0,1
14430.0,137,3,1181.1000000000001,393.70000000000005,233,28,77.66666666666667,0.0,1
14431.0,5,3,2143.84,714.6133333333333,313,61,104.33333333333333,423.26,0
14433.0,91,1,280.7,280.7,91,72,91.0,0.0,1
14435.0,127,1,90.42,90.42,127,3,127.0,0.0,1
14436.0,179,1,182.64000000000001,182.64000000000001,179,2,179.0,89.06,0
14437.0,30,4,787.84,196.96,209,31,52.25,63.0,0
14439.0,69,4,6781.8,1695.45,313,83,78.25,2661.24,0
14440.0,19,7,3515.6,502.2285714285714,363,45,51.857142857142854,2357.6800000000003,0
14441.0,0,7,2785.75,397.9642857142857,316,71,45.142857142857146,1645.44,0
14442.0,40,5,3743.3,748.6600000000001,316,96,63.2,1548.87,0
14443.0,5,1,647.2,647.2,5,39,5.0,1416.45,0
14444.0,82,1,120.44,120.44,82,11,82.0,0.0,1
14445.0,81,1,221.65,221.65,81,32,81.0,0.0,1
14446.0,12,1,189.93,189.93,12,42,12.0,1005.55,0
14447.0,26,1,548.5,548.5,26,36,26.0,1163.23,0
14449.0,28,4,1345.16,336.29,62,152,15.5,885.8,0
14450.0,5,4,645.19,161.2975,236,24,59.0,483.25,0
14451.0,15,10,2571.6,257.15999999999997,317,192,31.7,643.9,0
14452.0,21,2,399.9,199.95,147,62,73.5,259.05,0
14454.0,2,5,977.3,195.45999999999998,359,93,71.8,0.0,1
14455.0,58,4,587.12,146.78,121,63,30.25,0.0,1
14458.0,6,1,219.26999999999998,219.26999999999998,6,45,6.0,0.0,1
14459.0,277,1,3537.82,3537.82,277,75,277.0,1837.92,0
14460.0,39,5,485.26,97.05199999999999,350,18,70.0,434.34,0
14461.0,8,10,4557.95,455.79499999999996,316,367,31.6,2102.67,0
14462.0,58,1,262.24,262.24,58,48,58.0,1947.52,0
14463.0,125,1,256.95,256.95,125,2,125.0,529.62,0
14464.0,194,2,111.0,55.5,253,4,126.5,0.0,1
14465.0,54,8,2887.4100000000003,360.92625000000004,327,31,40.875,1038.44,0
14466.0,50,6,1994.75,332.4583333333333,352,68,58.666666666666664,2272.4,0
14467.0,15,8,1606.98,200.8725,363,113,45.375,596.26,0
14468.0,359,1,204.24,204.24,359,12,359.0,0.0,1
14469.0,42,4,2093.46,523.365,305,120,76.25,0.0,1
14470.0,56,1,250.85,250.85,56,17,56.0,461.19,0
14471.0,217,2,400.95,200.475,358,38,179.0,0.0,1
14472.0,315,1,266.05,266.05,315,41,315.0,1852.67,0
14474.0,205,1,711.23,711.23,205,97,205.0,537.71,0
14475.0,34,1,225.3,225.3,34,6,34.0,809.77,0
14477.0,62,3,656.7,218.9,330,3,110.0,1307.81,0
14478.0,8,4,1276.66,319.165,364,59,91.0,0.0,1
14479.0,44,2,808.46,404.23,359,116,179.5,316.25,0
14480.0,28,3,1016.22,338.74,344,43,114.66666666666667,279.05,0
14481.0,33,3,1648.18,549.3933333333333,303,103,101.0,636.51,0
14482.0,5,6,2118.25,353.0416666666667,96,90,16.0,2022.81,0
14483.0,362,1,120.0,120.0,362,4,362.0,137.1,0
14484.0,27,3,749.0600000000001,249.6866666666667,348,37,116.0,321.92,0
14486.0,137,2,175.5,87.75,179,4,89.5,0.0,1
14487.0,5,1,88.04,88.04,5,23,5.0,1165.48,0
14489.0,63,3,1111.55,370.51666666666665,238,54,79.33333333333333,463.38,0
14490.0,32,2,1273.47,636.735,54,72,27.0,0.0,1
14492.0,56,6,1574.3600000000001,262.3933333333334,245,69,40.833333333333336,0.0,1
14493.0,16,5,2630.92,526.184,267,202,53.4,2362.84,0
14494.0,27,2,261.9,130.95,357,10,178.5,139.56,0
14495.0,285,1,42.5,42.5,285,1,285.0,123.8,0
14496.0,5,5,1803.33,360.666,259,58,51.8,538.8100000000001,0
14497.0,299,1,221.69,221.69,299,11,299.0,457.47,0
14498.0,27,5,1943.51,388.702,176,145,35.2,1957.32,0
14499.0,0,4,1275.0,318.75,95,85,23.75,808.44,0
14505.0,30,11,5871.55,533.7772727272727,356,536,32.36363636363637,5805.2300000000005,0
14506.0,28,2,999.6,499.8,225,97,112.5,1960.65,0
14507.0,4,5,1789.3600000000001,357.872,355,127,71.0,1352.88,0
14508.0,2,3,536.02,178.67333333333332,166,100,55.333333333333336,268.05,0
14509.0,160,1,110.95,110.95,160,25,160.0,0.0,1
14510.0,1,3,964.55,321.51666666666665,62,67,20.666666666666668,0.0,1
14512.0,9,5,940.69,188.138,358,41,71.6,275.28,0
14513.0,62,3,332.42,110.80666666666667,194,5,64.66666666666667,438.49,0
14514.0,62,6,3389.84,564.9733333333334,352,178,58.666666666666664,990.2,0
14515.0,13,6,1616.81,269.4683333333333,176,54,29.333333333333332,2076.89,0
14516.0,142,1,151.17,151.17,142,35,142.0,0.0,1
14519.0,309,2,203.14,101.57,354,38,177.0,0.0,1
14521.0,117,1,182.5,182.5,117,16,117.0,0.0,1
14522.0,221,4,773.8800000000001,193.47000000000003,310,23,77.5,974.54,0
14524.0,35,4,1066.03,266.5075,42,114,10.5,1843.83,0
14525.0,54,8,3802.69,475.33625,352,162,44.0,4164.92,0
14526.0,15,1,258.65,258.65,15,41,15.0,0.0,1
14527.0,0,66,18291.65,277.14621212121216,363,452,5.5,8486.03,0
14530.0,22,10,3115.01,311.50100000000003,313,179,31.3,2862.11,0
14531.0,105,1,376.34,376.34,105,29,105.0,0.0,1
14532.0,37,7,2900.18,414.31142857142856,324,187,46.285714285714285,932.85,0
14533.0,33,4,1372.5,343.125,236,25,59.0,1812.6200000000001,0
14534.0,23,7,1656.37,236.6242857142857,260,163,37.142857142857146,4047.75,0
14535.0,21,6,2972.05,495.3416666666667,279,379,46.5,2831.7400000000002,0
14537.0,249,1,279.89,279.89,249,13,249.0,355.56,0
14538.0,156,3,982.59,327.53000000000003,309,28,103.0,388.25,0
14540.0,5,8,2747.08,343.385,358,140,44.75,952.66,0
14541.0,42,6,1038.03,173.005,327,49,54.5,1453.35,0
14543.0,6,22,8641.19,392.78136363636366,364,72,16.545454545454547,3325.18,0
14544.0,96,1,934.23,934.23,96,68,96.0,2004.3,0
14545.0,300,1,349.25,349.25,300,23,300.0,0.0,1
14546.0,2,6,2488.39,414.7316666666666,359,257,59.833333333333336,2513.68,0
14548.0,110,7,1888.49,269.7842857142857,359,66,51.285714285714285,652.8,0
14549.0,46,3,624.36,208.12,363,70,121.0,289.24,0
14550.0,14,2,587.69,293.845,109,46,54.5,757.37,0
14551.0,37,5,670.41,134.082,307,62,61.4,186.23,0
14552.0,6,2,343.71,171.855,218,80,109.0,164.22,0
14553.0,37,4,933.83,233.4575,135,141,33.75,859.27,0
14555.0,7,4,1986.54,496.635,347,83,86.75,312.54,0
14556.0,222,3,815.69,271.8966666666667,314,158,104.66666666666667,0.0,1
14558.0,280,3,630.0,210.0,357,13,119.0,0.0,1
14559.0,16,1,75.6,75.6,16,2,16.0,0.0,1
14560.0,5,22,3876.2599999999998,176.19363636363636,363,38,16.5,2175.63,0
14562.0,16,8,1631.38,203.9225,296,116,37.0,4727.92,0
14563.0,135,2,625.42,312.71,218,94,109.0,0.0,1
14564.0,60,2,2525.22,1262.61,361,104,180.5,0.0,1
14565.0,99,1,760.1,760.1,99,33,99.0,2923.77,0
14566.0,43,3,2660.0,886.6666666666666,159,8,53.0,1432.0,0
14568.0,61,1,909.5,909.5,61,46,61.0,0.0,1
14569.0,78,3,369.94,123.31333333333333,229,21,76.33333333333333,227.39,0
14570.0,69,1,295.19,295.19,69,36,69.0,217.21,0
14571.0,51,1,160.0,160.0,51,30,51.0,0.0,1
14572.0,43,4,2688.7400000000002,672.1850000000001,247,186,61.75,2790.34,0
14573.0,170,4,523.3,130.825,326,77,81.5,1590.12,0
14574.0,358,1,143.70000000000002,143.70000000000002,358,11,358.0,0.0,1
14575.0,114,1,420.22,420.22,114,71,114.0,0.0,1
14577.0,20,3,504.44,168.14666666666668,354,48,118.0,859.71,0
14579.0,58,1,105.56,105.56,58,24,58.0,0.0,1
14580.0,144,1,14.850000000000001,14.850000000000001,144,1,144.0,0.0,1
14581.0,170,1,271.05,271.05,170,43,170.0,138.6,0
14583.0,9,3,673.33,224.44333333333336,247,149,82.33333333333333,986.96,0
14584.0,47,4,705.1,176.275,286,79,71.5,969.26,0
14585.0,8,4,986.22,246.555,42,64,10.5,157.05,0
14588.0,204,1,135.39,135.39,204,16,204.0,0.0,1
14590.0,50,20,2895.41,144.7705,358,124,17.9,0.0,1
14593.0,23,9,2985.16,331.6844444444444,356,323,39.55555555555556,617.15,0
14595.0,79,2,423.85,211.925,314,28,157.0,1740.6,0
14596.0,252,1,222.22000000000003,222.22000000000003,252,50,252.0,0.0,1
14597.0,5,4,1318.3899999999999,329.59749999999997,63,41,15.75,866.24,0
14599.0,16,2,457.89,228.945,135,77,67.5,0.0,1
14600.0,19,1,471.84000000000003,471.84000000000003,19,29,19.0,393.33000000000004,0
14602.0,282,1,205.35999999999999,205.35999999999999,282,31,282.0,0.0,1
14604.0,259,1,136.35999999999999,136.35999999999999,259,19,259.0,0.0,1
14605.0,0,4,920.71,230.1775,357,87,89.25,0.0,1
14606.0,1,94,17394.06,185.0431914893617,362,1061,3.851063829787234,11662.21,0
14607.0,93,8,7433.13,929.14125,350,76,43.75,10726.7,0
14608.0,5,6,1494.29,249.04833333333332,359,9,59.833333333333336,1785.15,0
14609.0,85,5,620.64,124.128,294,5,58.8,601.56,0
14610.0,21,2,24.35,12.175,140,10,70.0,0.0,1
14611.0,69,2,599.38,299.69,224,37,112.0,0.0,1
14612.0,41,1,877.7,877.7,41,14,41.0,0.0,1
14613.0,306,1,76.32000000000001,76.32000000000001,306,1,306.0,0.0,1
14614.0,12,1,295.13,295.13,12,19,12.0,0.0,1
14615.0,20,5,934.26,186.852,174,39,34.8,0.0,1
14616.0,11,2,121.7,60.85,174,2,87.0,406.08000000000004,0
14617.0,28,2,190.47000000000003,95.23500000000001,41,7,20.5,0.0,1
14618.0,2,4,757.08,189.27,172,32,43.0,553.44,0
14619.0,167,1,896.8000000000001,896.8000000000001,167,40,167.0,379.51,0
14621.0,137,4,1154.51,288.6275,309,63,77.25,1765.76,0
14623.0,6,5,1121.43,224.286,228,110,45.6,862.12,0
14624.0,41,4,588.22,147.055,230,30,57.5,225.85,0
14625.0,0,9,3546.8,394.0888888888889,349,140,38.77777777777778,886.13,0
14626.0,21,7,2617.7,373.95714285714286,355,89,50.714285714285715,2757.07,0
14627.0,5,1,440.9,440.9,5,29,5.0,0.0,1
14628.0,68,3,1326.04,442.0133333333333,309,52,103.0,671.96,0
14630.0,110,1,338.65,338.65,110,21,110.0,0.0,1
14631.0,12,3,1016.19,338.73,113,39,37.666666666666664,1006.98,0
14634.0,63,4,2111.2599999999998,527.8149999999999,167,105,41.75,0.0,1
14635.0,79,1,215.22,215.22,79,15,79.0,0.0,1
14637.0,303,1,106.67999999999999,106.67999999999999,303,7,303.0,0.0,1
14639.0,34,3,1994.47,664.8233333333334,287,97,95.66666666666667,2952.34,0
14640.0,35,4,1421.88,355.47,312,85,78.0,2024.45,0
14643.0,243,3,986.08,328.6933333333333,354,28,118.0,668.61,0
14644.0,43,4,1299.01,324.7525,362,29,90.5,780.46,0
14645.0,260,1,243.15,243.15,260,16,260.0,597.09,0
14646.0,0,72,244143.27,3390.87875,363,602,5.041666666666667,278742.02,0
14647.0,149,1,270.0,270.0,149,18,149.0,236.04000000000002,0
14648.0,42,15,4378.14,291.87600000000003,355,283,23.666666666666668,0.0,1
14649.0,8,5,2227.45,445.48999999999995,314,268,62.8,1402.59,0
14650.0,215,1,62.5,62.5,215,4,215.0,0.0,1
14651.0,20,7,1371.77,195.96714285714285,257,146,36.714285714285715,653.75,0
14653.0,139,4,1488.1,372.025,363,131,90.75,1916.7,0
14654.0,364,1,246.86,246.86,364,27,364.0,0.0,1
14655.0,14,3,1906.58,635.5266666666666,222,48,74.0,1930.15,0
14656.0,41,3,498.95,166.31666666666666,229,95,76.33333333333333,291.05,0
14657.0,55,2,601.97,300.985,61,66,30.5,838.27,0
14662.0,53,3,635.06,211.68666666666664,362,70,120.66666666666667,741.37,0
14663.0,56,2,490.6,245.3,56,60,28.0,0.0,1
14665.0,53,2,913.95,456.975,218,40,109.0,1258.38,0
14667.0,6,29,11100.75,382.7844827586207,363,360,12.517241379310345,9160.79,0
14668.0,71,1,111.63,111.63,71,10,71.0,0.0,1
14669.0,259,4,1957.54,489.385,363,203,90.75,1259.24,0
14670.0,358,1,190.47,190.47,358,56,358.0,392.86,0
14671.0,175,2,1127.45,563.725,194,48,97.0,0.0,1
14672.0,141,2,347.59,173.795,306,38,153.0,765.55,0
14673.0,6,2,1300.92,650.46,35,62,17.5,1736.4,0
14674.0,135,1,173.66,173.66,135,14,135.0,0.0,1
14675.0,14,1,419.22,419.22,14,114,14.0,596.36,0
14676.0,20,6,5742.37,957.0616666666666,265,63,44.166666666666664,2544.85,0
14677.0,218,1,184.91,184.91,218,14,218.0,0.0,1
14678.0,205,1,386.44,386.44,205,23,205.0,0.0,1
14679.0,7,3,1272.95,424.31666666666666,357,49,119.0,0.0,1
14680.0,5,41,26023.35,634.7158536585365,361,204,8.804878048780488,27057.65,0
14681.0,13,3,376.20000000000005,125.40000000000002,279,13,93.0,498.95,0
14682.0,54,4,1462.81,365.7025,298,78,74.5,52.0,0
14683.0,214,1,146.56,146.56,214,21,214.0,0.0,1
14684.0,16,1,228.52,228.52,16,94,16.0,1201.51,0
14685.0,202,8,4271.29,533.91125,352,106,44.0,0.0,1
14686.0,40,5,852.53,170.506,285,185,57.0,0.0,1
14687.0,26,2,773.6800000000001,386.84000000000003,177,23,88.5,628.38,0
14688.0,22,7,1601.8700000000001,228.83857142857144,82,90,11.714285714285714,5065.58,0
14690.0,18,2,409.54,204.77,36,43,18.0,355.05,0
14692.0,6,8,1123.59,140.44875,243,60,30.375,582.05,0
14693.0,51,6,966.96,161.16,151,39,25.166666666666668,172.9,0
14694.0,243,1,244.31,244.31,243,15,243.0,0.0,1
14695.0,145,3,1534.22,511.4066666666667,358,76,119.33333333333333,0.0,1
14696.0,47,1,394.33,394.33,47,24,47.0,2072.67,0
14699.0,61,3,593.47,197.82333333333335,151,40,50.333333333333336,109.13000000000001,0
14700.0,41,2,880.96,440.48,111,45,55.5,2195.1,0
14701.0,68,6,1921.72,320.2866666666667,310,228,51.666666666666664,2502.2400000000002,0
14702.0,5,12,3088.19,257.3491666666667,355,193,29.583333333333332,3210.29,0
14704.0,50,2,258.96,129.48,250,53,125.0,1461.6200000000001,0
14706.0,244,1,367.54,367.54,244,25,244.0,0.0,1
14707.0,61,2,139.2,69.6,202,1,101.0,0.0,1
14708.0,49,2,666.85,333.425,81,9,40.5,1096.6699999999998,0
14709.0,5,12,3955.34,329.6116666666667,360,60,30.0,4911.14,0
14710.0,5,9,1300.31,144.4788888888889,362,203,40.22222222222222,599.48,0
14712.0,44,1,411.0,411.0,44,7,44.0,917.07,0
14713.0,5,10,2422.36,242.23600000000002,362,140,36.2,2660.1,0
14714.0,33,3,739.8,246.6,313,59,104.33333333333333,160.19,0
14715.0,68,4,942.17,235.5425,315,56,78.75,867.38,0
14716.0,70,1,235.77,235.77,70,44,70.0,307.51,0
14717.0,359,1,81.3,81.3,359,11,359.0,0.0,1
14718.0,36,1,226.42,226.42,36,11,36.0,0.0,1
14721.0,5,1,109.07,109.07,5,24,5.0,0.0,1
14722.0,103,2,309.1,154.55,112,53,56.0,180.42000000000002,0
14723.0,11,5,680.7,136.14000000000001,361,123,72.2,1120.66,0
14724.0,216,1,341.9,341.9,216,40,216.0,0.0,1
14725.0,20,3,540.88,180.29333333333332,160,40,53.333333333333336,655.58,0
14726.0,280,1,116.5,116.5,280,15,280.0,0.0,1
14727.0,172,2,22.55,11.275,172,10,86.0,268.58,0
14728.0,39,1,190.58,190.58,39,14,39.0,0.0,1
14729.0,251,2,272.75,136.375,251,59,125.5,313.49,0
14732.0,18,11,2761.1800000000003,251.01636363636365,356,81,32.36363636363637,2686.34,0
14733.0,1,3,4749.24,1583.08,28,87,9.333333333333334,9453.05,0
14734.0,51,4,1045.47,261.3675,177,48,44.25,0.0,1
14735.0,14,24,6106.97,254.45708333333334,361,122,15.041666666666666,5792.69,0
14736.0,111,2,374.05,187.025,111,70,55.5,0.0,1
14737.0,26,1,2389.62,2389.62,26,28,26.0,1164.55,0
14738.0,187,2,507.45,253.725,358,23,179.0,1289.94,0
14739.0,30,18,7656.59,425.36611111111114,363,109,20.166666666666668,3899.1,0
14740.0,35,8,2645.65,330.70625,278,113,34.75,1423.21,0
14741.0,43,1,312.75,312.75,43,17,43.0,1400.34,0
14742.0,61,1,579.85,579.85,61,34,61.0,0.0,1
14743.0,218,1,50.48,50.48,218,3,218.0,0.0,1
14744.0,14,7,2560.1,365.7285714285714,196,45,28.0,1088.53,0
14745.0,127,7,1303.9,186.27142857142857,263,39,37.57142857142857,1167.16,0
14746.0,32,4,593.5,148.375,49,7,12.25,0.0,1
14748.0,63,4,859.8399999999999,214.95999999999998,243,47,60.75,1415.75,0
14749.0,105,1,310.15,310.15,105,18,105.0,0.0,1
14750.0,362,1,112.03,112.03,362,32,362.0,0.0,1
14751.0,310,2,126.45,63.225,352,7,176.0,0.0,1
14753.0,86,1,306.36,306.36,86,18,86.0,563.15,0
14754.0,51,4,905.68,226.42,316,82,79.0,638.05,0
14755.0,7,14,4895.67,349.6907142857143,362,143,25.857142857142858,4965.38,0
14756.0,8,2,1824.5,912.25,50,66,25.0,738.96,0
14758.0,22,3,1380.9099999999999,460.3033333333333,236,52,78.66666666666667,1484.06,0
14761.0,70,1,192.02,192.02,70,13,70.0,255.9,0
14762.0,252,1,117.05000000000001,117.05000000000001,252,9,252.0,300.52,0
14766.0,5,5,3834.81,766.962,177,161,35.4,2473.37,0
14767.0,100,1,382.81,382.81,100,18,100.0,0.0,1
14769.0,16,9,5055.07,561.6744444444444,349,252,38.77777777777778,10382.18,0
14770.0,93,6,2748.4700000000003,458.0783333333334,278,119,46.333333333333336,876.42,0
14771.0,247,2,579.92,289.96,362,45,181.0,0.0,1
14773.0,218,1,125.7,125.7,218,9,218.0,0.0,1
14774.0,154,1,241.45,241.45,154,13,154.0,0.0,1
14776.0,13,4,1143.44,285.86,72,43,18.0,2195.58,0
14777.0,29,1,239.26,239.26,29,15,29.0,0.0,1
14783.0,285,1,305.35,305.35,285,17,285.0,0.0,1
14784.0,15,1,159.94,159.94,15,12,15.0,289.99,0
14786.0,176,1,90.96,90.96,176,7,176.0,0.0,1
14787.0,97,1,110.65,110.65,97,14,97.0,0.0,1
14788.0,222,1,476.88,476.88,222,28,222.0,679.4399999999999,0
14790.0,0,6,1781.56,296.9266666666667,354,52,59.0,745.06,0
14791.0,232,1,303.63,303.63,232,19,232.0,0.0,1
14793.0,161,1,396.91,396.91,161,25,161.0,214.14,0
14794.0,28,3,617.04,205.67999999999998,113,22,37.666666666666664,1276.11,0
14796.0,5,10,2178.3,217.83,351,179,35.1,7792.9,0
14797.0,133,1,300.31,300.31,133,16,133.0,0.0,1
14798.0,7,5,541.37,108.274,274,22,54.8,173.74,0
14799.0,363,1,180.45,180.45,363,10,363.0,157.7,0
14800.0,9,4,2649.94,662.485,61,151,15.25,4240.14,0
14805.0,30,3,536.15,178.71666666666667,247,72,82.33333333333333,546.4,0
14806.0,65,1,110.03999999999999,110.03999999999999,65,9,65.0,193.39000000000001,0
14807.0,16,2,504.14,252.07,275,37,137.5,0.0,1
14809.0,247,2,686.76,343.38,247,18,123.5,0.0,1
14810.0,44,2,268.7,134.35,55,39,27.5,2085.33,0
14811.0,13,1,170.5,170.5,13,28,13.0,0.0,1
14812.0,224,1,178.85,178.85,224,36,224.0,0.0,1
14813.0,11,2,736.03,368.015,236,97,118.0,152.88,0
14814.0,207,1,152.96,152.96,207,27,207.0,0.0,1
14817.0,21,5,2574.02,514.804,253,105,50.6,1010.34,0
14818.0,84,3,495.76,165.25333333333333,273,52,91.0,657.8,0
14819.0,120,2,184.34,92.17,344,40,172.0,272.07,0
14820.0,6,5,767.47,153.494,303,31,60.6,507.29,0
14821.0,4,6,1181.35,196.89166666666665,302,65,50.333333333333336,48.800000000000004,0
14822.0,111,1,157.70000000000002,157.70000000000002,111,9,111.0,0.0,1
14824.0,5,6,2824.8,470.8,263,76,43.833333333333336,1127.71,0
14825.0,8,12,2495.52,207.96,238,123,19.833333333333332,2221.01,0
14826.0,207,2,385.2,192.6,321,10,160.5,0.0,1
14828.0,14,10,7663.7,766.37,358,65,35.8,2139.76,0
14829.0,13,3,728.32,242.77333333333334,62,43,20.666666666666668,674.65,0
14831.0,306,3,1623.97,541.3233333333334,363,67,121.0,0.0,1
14833.0,124,1,94.8,94.8,124,7,124.0,0.0,1
14834.0,33,1,485.86,485.86,33,20,33.0,1698.35,0
14835.0,154,2,293.7,146.85,243,1,121.5,0.0,1
14837.0,68,5,1804.6200000000001,360.92400000000004,310,91,62.0,1641.2,0
14838.0,49,2,769.9200000000001,384.96000000000004,362,69,181.0,0.0,1
14839.0,44,3,915.28,305.0933333333333,330,61,110.0,0.0,1
14840.0,165,1,277.36,277.36,165,17,165.0,62.85,0
14841.0,0,8,3867.2400000000002,483.40500000000003,363,129,45.375,3295.76,0
14843.0,62,1,211.79999999999998,211.79999999999998,62,9,62.0,0.0,1
14844.0,56,6,3505.12,584.1866666666666,232,98,38.666666666666664,3189.81,0
14845.0,225,1,150.0,150.0,225,1,225.0,0.0,1
14846.0,53,1,406.79999999999995,406.79999999999995,53,12,53.0,0.0,1
14847.0,33,2,1011.1999999999999,505.59999999999997,190,47,95.0,309.4,0
14848.0,30,1,310.56,310.56,30,11,30.0,0.0,1
14849.0,7,17,7282.32,428.37176470588236,324,175,19.058823529411764,7904.28,0
14850.0,44,5,1274.01,254.802,194,118,38.8,325.75,0
14851.0,256,1,318.06,318.06,256,14,256.0,511.35,0
14852.0,50,12,3272.19,272.6825,270,73,22.5,2836.69,0
14853.0,49,3,890.12,296.70666666666665,231,19,77.0,464.85,0
14854.0,16,4,1552.28,388.07,312,75,78.0,2730.09,0
14855.0,100,5,5874.65,1174.9299999999998,236,156,47.2,645.65,0
14857.0,68,5,2413.28,482.65600000000006,260,123,52.0,1165.65,0
14858.0,131,1,180.75,180.75,131,11,131.0,0.0,1
14859.0,180,1,351.9,351.9,180,8,180.0,1352.04,0
14861.0,6,9,1196.36,132.92888888888888,357,56,39.666666666666664,125.79,0
14865.0,0,2,40.32000000000001,20.160000000000004,364,2,182.0,52.2,0
14866.0,30,6,6346.64,1057.7733333333333,70,12,11.666666666666666,14160.95,0
14867.0,21,13,2200.13,169.24076923076925,360,53,27.692307692307693,710.28,0
14868.0,6,4,1230.42,307.605,46,56,11.5,2939.64,0
14869.0,14,4,2033.0,508.25,349,136,87.25,717.7,0
14870.0,39,5,1467.3500000000001,293.47,309,33,61.8,327.25,0
14871.0,119,5,726.89,145.378,364,73,72.8,501.28000000000003,0
14872.0,109,3,802.6800000000001,267.56,259,33,86.33333333333333,0.0,1
14873.0,259,1,334.45,334.45,259,21,259.0,519.68,0
14874.0,161,1,116.18,116.18,161,6,161.0,0.0,1
14875.0,67,1,1393.33,1393.33,67,42,67.0,1457.67,0
14876.0,147,2,256.7,128.35,187,12,93.5,0.0,1
14877.0,44,2,425.85,212.925,268,57,134.0,0.0,1
14878.0,2,16,2458.21,153.638125,282,122,17.625,1476.09,0
14879.0,310,1,185.06,185.06,310,27,310.0,0.0,1
14882.0,16,12,2755.35,229.61249999999998,245,31,20.416666666666668,589.7,0
14884.0,295,1,120.6,120.6,295,8,295.0,0.0,1
14885.0,53,2,730.8,365.4,91,15,45.5,765.3199999999999,0
14890.0,244,2,691.6,345.8,285,49,142.5,125.65,0
14891.0,42,2,552.35,276.175,62,29,31.0,554.38,0
14892.0,316,1,202.35000000000002,202.35000000000002,316,13,316.0,0.0,1
14893.0,243,1,547.16,547.16,243,32,243.0,1237.8500000000001,0
14894.0,69,2,770.76,385.38,363,23,181.5,655.75,0
14895.0,9,17,13358.880000000001,785.8164705882353,355,262,20.88235294117647,11096.01,0
14896.0,139,6,1272.03,212.005,359,130,59.833333333333336,468.77000000000004,0
14897.0,35,4,1734.36,433.59,350,61,87.5,1366.38,0
14898.0,7,8,2027.19,253.39875,362,124,45.25,1217.96,0
14899.0,21,1,1331.38,1331.38,21,126,21.0,0.0,1
14900.0,148,1,13.919999999999998,13.919999999999998,148,1,148.0,0.0,1
14901.0,32,3,497.71000000000004,165.90333333333334,124,35,41.333333333333336,1414.99,0
14902.0,21,2,686.16,343.08,179,34,89.5,314.11,0
14904.0,34,2,605.05,302.525,53,62,26.5,1025.44,0
14905.0,0,6,1339.79,223.29833333333332,362,39,60.333333333333336,599.9,0
14907.0,5,9,2010.3700000000001,223.37444444444446,228,70,25.333333333333332,3478.85,0
14908.0,89,1,104.10000000000001,104.10000000000001,89,5,89.0,277.8,0
14909.0,63,3,1380.98,460.32666666666665,289,61,96.33333333333333,0.0,1
14911.0,4,175,129684.8,741.056,364,1704,2.08,128946.06,0
14912.0,27,3,961.93,320.6433333333333,216,27,72.0,867.85,0
14913.0,14,4,2845.7,711.425,111,124,27.75,1227.43,0
14915.0,1,9,1493.8200000000002,165.98000000000002,362,56,40.22222222222222,258.83,0
14916.0,57,4,1623.3700000000001,405.84250000000003,243,50,60.75,1264.84,0
14917.0,222,2,1123.75,561.875,222,29,111.0,0.0,1
14918.0,30,7,4345.66,620.8085714285714,236,64,33.714285714285715,1610.15,0
14919.0,165,1,359.35,359.35,165,13,165.0,0.0,1
14920.0,191,1,629.4,629.4,191,40,191.0,977.77,0
14922.0,19,2,843.74,421.87,133,49,66.5,0.0,1
14924.0,236,2,620.96,310.48,265,20,132.5,310.05,0
14926.0,7,2,337.65,168.825,224,2,112.0,0.0,1
14927.0,22,1,308.2,308.2,22,20,22.0,0.0,1
14928.0,253,1,204.46,204.46,253,20,253.0,0.0,1
14929.0,47,1,612.8100000000001,612.8100000000001,47,23,47.0,223.88,0
14930.0,96,3,2763.78,921.2600000000001,232,129,77.33333333333333,2362.96,0
14932.0,11,1,252.6,252.6,11,14,11.0,313.53,0
14933.0,69,3,885.0,295.0,69,1,23.0,0.0,1
14934.0,4,1,582.23,582.23,4,36,4.0,1888.84,0
14935.0,245,1,1065.12,1065.12,245,16,245.0,1784.71,0
14936.0,16,4,4261.04,1065.26,209,128,52.25,8117.42,0
14938.0,188,2,2292.81,1146.405,188,71,94.0,0.0,1
14940.0,43,2,531.49,265.745,359,32,179.5,0.0,1
14941.0,204,1,182.1,182.1,204,7,204.0,0.0,1
14942.0,27,4,746.56,186.64,355,12,88.75,0.0,1
14943.0,289,1,107.62,107.62,289,5,289.0,0.0,1
14944.0,15,7,3692.37,527.4814285714285,286,109,40.857142857142854,5884.95,0
14945.0,39,1,179.4,179.4,39,11,39.0,0.0,1
14947.0,14,4,758.97,189.7425,250,37,62.5,290.82,0
14949.0,95,4,498.55,124.6375,347,16,86.75,0.0,1
14952.0,22,21,9351.86,445.3266666666667,362,140,17.238095238095237,8015.79,0
14953.0,44,3,674.75,224.91666666666666,61,152,20.333333333333332,285.67,0
14954.0,329,1,167.27,167.27,329,41,329.0,294.85,0
14955.0,358,1,163.77,163.77,358,30,358.0,0.0,1
14956.0,47,1,1325.0,1325.0,47,4,47.0,0.0,1
14957.0,270,1,203.2,203.2,270,15,270.0,58.49,0
14958.0,221,3,458.26,152.75333333333333,362,26,120.66666666666667,483.72999999999996,0
14961.0,5,13,9322.32,717.1015384615384,361,212,27.76923076923077,7008.38,0
14962.0,165,3,240.21000000000004,80.07000000000001,210,9,70.0,126.7,0
14963.0,5,7,1651.23,235.89000000000001,151,193,21.571428571428573,1472.34,0
14966.0,13,5,881.24,176.248,350,93,70.0,183.02,0
14967.0,67,5,1518.81,303.762,362,19,72.4,463.8,0
14968.0,84,1,349.9,349.9,84,46,84.0,147.59,0
14969.0,329,1,906.23,906.23,329,13,329.0,0.0,1
14970.0,35,7,2719.89,388.55571428571426,289,52,41.285714285714285,1592.06,0
14972.0,7,1,30.300000000000004,30.300000000000004,7,2,7.0,114.77,0
14975.0,47,1,192.45,192.45,47,15,47.0,279.94,0
14977.0,351,1,31.929999999999996,31.929999999999996,351,4,351.0,0.0,1
14978.0,56,5,1170.92,234.18400000000003,216,56,43.2,1921.3700000000001,0
14979.0,361,1,429.66,429.66,361,42,361.0,0.0,1
14980.0,363,1,150.68,150.68,363,24,363.0,0.0,1
14981.0,49,1,211.39999999999998,211.39999999999998,49,12,49.0,102.12,0
14982.0,198,1,234.88,234.88,198,38,198.0,0.0,1
14983.0,315,1,183.20000000000002,183.20000000000002,315,30,315.0,0.0,1
14984.0,14,4,1058.1399999999999,264.53499999999997,323,11,80.75,202.37,0
14986.0,2,2,563.1,281.55,310,87,155.0,0.0,1
14987.0,7,6,1142.6499999999999,190.44166666666663,363,4,60.5,326.4,0
14988.0,6,6,1704.11,284.0183333333333,228,140,38.0,334.54,0
14989.0,287,1,342.4,342.4,287,18,287.0,0.0,1
14990.0,238,2,304.17,152.085,356,41,178.0,0.0,1
14991.0,56,1,314.67,314.67,56,21,56.0,0.0,1
14992.0,68,1,210.5,210.5,68,27,68.0,0.0,1
14993.0,189,1,36.13,36.13,189,9,189.0,0.0,1
14994.0,8,5,904.54,180.908,249,224,49.8,0.0,1
14996.0,107,2,442.28999999999996,221.14499999999998,107,37,53.5,0.0,1
14997.0,281,1,230.4,230.4,281,12,281.0,540.98,0
14998.0,54,2,338.31,169.155,231,49,115.5,414.87,0
14999.0,218,1,129.48000000000002,129.48000000000002,218,9,218.0,0.0,1
15001.0,20,2,197.10999999999999,98.55499999999999,20,43,10.0,0.0,1
15002.0,133,5,2496.32,499.264,322,152,64.4,1641.76,0
15003.0,99,6,1024.53,170.755,308,252,51.333333333333336,0.0,1
15005.0,1,28,7277.0,259.89285714285717,364,399,13.0,6190.59,0
15006.0,79,1,277.4,277.4,79,47,79.0,475.43,0
15008.0,106,2,360.0,180.0,263,6,131.5,0.0,1
15011.0,21,2,416.6,208.3,42,17,21.0,0.0,1
15012.0,202,1,241.22,241.22,202,68,202.0,405.04,0
15013.0,113,10,1610.82,161.082,303,177,30.3,0.0,1
15015.0,127,12,2281.82,190.15166666666667,351,156,29.25,0.0,1
15016.0,19,4,442.85,110.7125,169,77,42.25,170.04,0
15020.0,5,1,198.47,198.47,5,27,5.0,0.0,1
15021.0,5,3,573.82,191.27333333333334,124,131,41.333333333333336,1848.53,0
15022.0,303,1,281.05,281.05,303,19,303.0,852.39,0
15023.0,26,9,4815.1,535.0111111111112,300,237,33.333333333333336,6661.91,0
15024.0,4,6,1922.96,320.49333333333334,50,113,8.333333333333334,1636.43,0
15025.0,194,1,609.88,609.88,194,71,194.0,361.96,0
15026.0,1,2,579.89,289.945,74,65,37.0,464.2,0
15027.0,21,6,1922.09,320.3483333333333,250,45,41.666666666666664,1051.95,0
15028.0,4,2,335.81,167.905,20,42,10.0,627.13,0
15029.0,245,1,362.15000000000003,362.15000000000003,245,10,245.0,0.0,1
15030.0,6,6,1448.88,241.48000000000002,271,18,45.166666666666664,518.28,0
15031.0,20,10,2218.15,221.815,357,185,35.7,653.19,0
15032.0,48,5,6050.95,1210.19,355,30,71.0,4464.1,0
15034.0,12,6,3957.04,659.5066666666667,203,231,33.833333333333336,4243.21,0
15037.0,2,2,397.76,198.88,2,40,1.0,0.0,1
15038.0,16,3,460.79,153.59666666666666,51,97,17.0,645.84,0
15039.0,1,46,19214.45,417.70543478260873,355,381,7.717391304347826,19640.79,0
15040.0,167,1,7.49,7.49,167,1,167.0,0.0,1
15041.0,70,1,109.05,109.05,70,34,70.0,179.93,0
15042.0,221,1,179.52,179.52,221,4,221.0,135.93,0
15043.0,89,5,2318.3199999999997,463.66399999999993,159,38,31.8,537.0,0
15044.0,5,15,8085.58,539.0386666666667,349,201,23.266666666666666,7577.9800000000005,0
15046.0,51,10,2459.72,245.97199999999998,320,137,32.0,4921.71,0
15050.0,47,2,2349.5,1174.75,106,58,53.0,1682.77,0
15051.0,5,6,2528.55,421.425,364,113,60.666666666666664,1383.3600000000001,0
15055.0,100,3,549.12,183.04,349,77,116.33333333333333,0.0,1
15056.0,146,1,113.64999999999999,113.64999999999999,146,6,146.0,0.0,1
15057.0,69,3,1695.06,565.02,360,37,120.0,1489.5,0
15058.0,2,5,1246.79,249.358,279,52,55.8,2102.54,0
15059.0,2,10,2087.68,208.76799999999997,359,208,35.9,1332.77,0
15061.0,7,78,70731.79,906.8178205128204,364,112,4.666666666666667,54240.5,0
15062.0,49,4,1597.76,399.44,236,75,59.0,987.86,0
15064.0,36,4,1154.41,288.6025,343,74,85.75,0.0,1
15065.0,36,1,168.73,168.73,36,11,36.0,3135.98,0
15067.0,39,2,2105.37,1052.685,233,93,116.5,1744.76,0
15068.0,44,2,621.54,310.77,247,104,123.5,553.36,0
15070.0,217,2,630.85,315.425,350,26,175.0,106.2,0
15071.0,12,2,473.49,236.745,196,27,98.0,982.07,0
15072.0,105,1,187.51999999999998,187.51999999999998,105,13,105.0,0.0,1
15073.0,26,5,1744.61,348.92199999999997,307,89,61.4,612.43,0
15074.0,55,2,817.46,408.73,93,31,46.5,735.67,0
15076.0,118,2,555.94,277.97,148,30,74.0,880.85,0
15077.0,120,2,2421.38,1210.69,356,28,178.0,0.0,1
15078.0,32,20,7457.27,372.86350000000004,361,57,18.05,9634.1,0
15079.0,96,7,2652.54,378.9342857142857,357,80,51.0,895.61,0
15080.0,53,2,546.25,273.125,127,31,63.5,0.0,1
15081.0,4,7,1349.77,192.8242857142857,161,54,23.0,487.35,0
15082.0,294,1,93.35000000000001,93.35000000000001,294,6,294.0,0.0,1
15084.0,5,2,965.2,482.6,271,31,135.5,0.0,1
15085.0,355,1,347.54,347.54,355,9,355.0,0.0,1
15086.0,190,2,218.53,109.265,251,10,125.5,0.0,1
15091.0,300,2,558.95,279.475,300,27,150.0,476.96,0
15092.0,88,1,315.35,315.35,88,19,88.0,457.81,0
15093.0,26,16,8444.86,527.80375,357,85,22.3125,4589.29,0
15094.0,89,2,83.0,41.5,270,4,135.0,0.0,1
15095.0,46,6,1771.04,295.17333333333335,313,60,52.166666666666664,1364.7,0
15097.0,209,2,338.97,169.485,209,39,104.5,248.08,0
15100.0,6,4,1115.0,278.75,327,10,81.75,635.1,0
15101.0,141,4,1005.46,251.365,216,48,54.0,310.75,0
15102.0,156,2,554.67,277.335,172,26,86.0,0.0,1
15105.0,56,2,795.98,397.99,252,50,126.0,2298.93,0
15107.0,12,3,492.6,164.20000000000002,77,24,25.666666666666668,260.0,0
15109.0,205,2,498.15000000000003,249.07500000000002,361,18,180.5,463.75,0
15110.0,29,2,509.75,254.875,111,14,55.5,973.2,0
15111.0,50,2,874.89,437.445,218,50,109.0,1567.48,0
15112.0,237,1,209.4,209.4,237,7,237.0,0.0,1
15114.0,9,2,639.56,319.78,47,33,23.5,2760.56,0
15115.0,358,1,187.99,187.99,358,14,358.0,340.11,0
15117.0,74,3,932.54,310.84666666666664,260,46,86.66666666666667,1551.78,0
15122.0,48,8,2839.09,354.88625,245,106,30.625,1612.13,0
15123.0,47,3,2456.86,818.9533333333334,259,66,86.33333333333333,2199.31,0
15124.0,102,2,266.63,133.315,277,16,138.5,184.19,0
15125.0,105,9,5052.33,561.37,244,70,27.11111111111111,11125.65,0
15126.0,162,2,449.49,224.745,313,25,156.5,0.0,1
15127.0,145,1,304.97,304.97,145,12,145.0,406.53,0
15128.0,56,1,312.68,312.68,56,21,56.0,1431.75,0
15129.0,11,12,3412.78,284.39833333333337,236,56,19.666666666666668,3447.4,0
15131.0,20,1,80.28,80.28,20,7,20.0,0.0,1
15133.0,8,2,824.48,412.24,146,20,73.0,982.42,0
15134.0,7,2,208.3,104.15,48,12,24.0,1387.99,0
15135.0,182,1,166.63,166.63,182,11,182.0,127.15,0
15137.0,146,2,820.22,410.11,306,34,153.0,0.0,1
15138.0,19,1,486.59000000000003,486.59000000000003,19,31,19.0,0.0,1
15140.0,68,1,889.44,889.44,68,32,68.0,2350.0,0
15141.0,83,7,1378.31,196.90142857142857,247,44,35.285714285714285,0.0,1
15142.0,36,5,2110.23,422.046,126,97,25.2,498.74,0
15143.0,58,1,304.18,304.18,58,17,58.0,259.45,0
15144.0,5,12,5476.47,456.3725,352,96,29.333333333333332,6530.04,0
15149.0,203,3,1003.8100000000001,334.60333333333335,275,43,91.66666666666667,520.8000000000001,0
15150.0,82,3,3686.61,1228.8700000000001,169,231,56.333333333333336,5280.83,0
15151.0,49,2,2085.61,1042.805,135,56,67.5,0.0,1
15152.0,327,1,518.14,518.14,327,29,327.0,4684.24,0
15154.0,104,2,1089.44,544.72,104,101,52.0,224.73,0
15155.0,9,1,383.96999999999997,383.96999999999997,9,24,9.0,0.0,1
15157.0,195,2,718.04,359.02,355,27,177.5,1879.84,0
15158.0,27,1,36.26,36.26,27,3,27.0,401.40000000000003,0
15159.0,21,4,3475.7200000000003,868.9300000000001,57,91,14.25,18573.68,0
15160.0,0,3,431.11,143.70333333333335,47,16,15.666666666666666,158.16,0
15161.0,14,1,119.92,119.92,14,33,14.0,0.0,1
15162.0,357,1,241.5,241.5,357,12,357.0,0.0,1
15164.0,15,6,1186.63,197.77166666666668,316,192,52.666666666666664,824.58,0
15166.0,93,1,167.16,167.16,93,12,93.0,0.0,1
15167.0,33,4,1468.82,367.205,299,233,74.75,158.8,0
15169.0,8,2,569.22,284.61,352,58,176.0,0.0,1
15170.0,32,1,81.15,81.15,32,4,32.0,0.0,1
15173.0,6,7,1399.26,199.8942857142857,243,68,34.714285714285715,0.0,1
15174.0,36,1,345.71,345.71,36,23,36.0,135.75,0
15176.0,293,1,985.09,985.09,293,52,293.0,0.0,1
15177.0,51,1,948.93,948.93,51,26,51.0,0.0,1
15179.0,18,8,5255.57,656.94625,362,154,45.25,2202.7,0
15180.0,43,2,729.4300000000001,364.71500000000003,215,43,107.5,87.5,0
15181.0,46,2,506.47,253.235,357,4,178.5,689.4799999999999,0
15182.0,11,9,2340.75,260.0833333333333,282,67,31.333333333333332,622.85,0
15183.0,173,3,637.03,212.34333333333333,210,33,70.0,0.0,1
15184.0,13,2,283.19,141.595,349,19,174.5,402.2,0
15186.0,100,3,991.7900000000001,330.5966666666667,322,22,107.33333333333333,411.41,0
15188.0,351,1,310.43,310.43,351,23,351.0,0.0,1
15189.0,7,5,1298.99,259.798,135,20,27.0,15806.960000000001,0
15190.0,60,1,834.4399999999999,834.4399999999999,60,40,60.0,0.0,1
15191.0,89,3,588.05,196.01666666666665,314,33,104.66666666666667,0.0,1
15192.0,201,2,622.07,311.035,305,35,152.5,1044.32,0
15194.0,6,13,4336.25,333.5576923076923,362,102,27.846153846153847,7535.17,0
15196.0,58,2,313.7,156.85,352,34,176.0,0.0,1
15197.0,20,3,781.4,260.46666666666664,354,23,118.0,656.4399999999999,0
15198.0,34,3,365.81,121.93666666666667,315,20,105.0,193.64,0
15199.0,0,6,1853.7,308.95,201,17,33.5,1268.7,0
15200.0,120,1,549.05,549.05,120,30,120.0,0.0,1
15201.0,65,2,568.35,284.175,237,23,118.5,987.77,0
15203.0,16,9,2572.38,285.82,357,108,39.666666666666664,1827.8,0
15207.0,42,3,657.27,219.09,173,18,57.666666666666664,0.0,1
15208.0,49,1,100.4,100.4,49,6,49.0,867.62,0
15209.0,356,1,178.98000000000002,178.98000000000002,356,13,356.0,0.0,1
15210.0,4,2,845.01,422.505,201,46,100.5,331.18,0
15212.0,2,1,106.47999999999999,106.47999999999999,2,5,2.0,88.94999999999999,0
15215.0,19,3,839.67,279.89,238,37,79.33333333333333,656.79,0
15216.0,244,1,389.49,389.49,244,22,244.0,96.6,0
15217.0,189,1,426.24,426.24,189,28,189.0,0.0,1
15218.0,15,11,5650.12,513.6472727272727,308,94,28.0,5756.89,0
15219.0,274,1,379.7,379.7,274,17,274.0,305.75,0
15221.0,32,3,1304.3,434.76666666666665,263,20,87.66666666666667,403.25,0
15222.0,98,10,2840.73,284.073,349,95,34.9,585.0,0
15223.0,235,3,662.2,220.73333333333335,360,12,120.0,454.90000000000003,0
15224.0,138,3,525.13,175.04333333333332,319,19,106.33333333333333,322.08,0
15227.0,22,4,1269.0900000000001,317.27250000000004,259,54,64.75,1219.4,0
15228.0,54,2,2193.56,1096.78,125,94,62.5,3376.96,0
15229.0,212,1,160.5,160.5,212,9,212.0,0.0,1
15231.0,247,1,228.35999999999999,228.35999999999999,247,14,247.0,0.0,1
15233.0,27,1,59.400000000000006,59.400000000000006,27,1,27.0,0.0,1
15235.0,7,4,525.25,131.3125,14,35,3.5,2247.51,0
15240.0,0,7,2636.49,376.64142857142855,360,93,51.42857142857143,1691.02,0
15241.0,56,3,1293.72,431.24,280,56,93.33333333333333,1738.59,0
15242.0,48,1,302.04,302.04,48,4,48.0,0.0,1
15243.0,61,1,610.6,610.6,61,39,61.0,316.68,0
15244.0,292,1,218.61,218.61,292,13,292.0,631.57,0
15245.0,28,5,2095.0,419.0,221,36,44.2,2515.84,0
15246.0,181,1,266.25,266.25,181,18,181.0,514.15,0
15247.0,103,2,611.11,305.555,163,10,81.5,356.0,0
15248.0,37,3,1865.03,621.6766666666666,160,103,53.333333333333336,0.0,1
15249.0,56,5,2489.79,497.95799999999997,249,120,49.8,6657.36,0
15250.0,266,1,60.0,60.0,266,3,266.0,0.0,1
15251.0,40,10,9793.61,979.3610000000001,305,99,30.5,10327.96,0
15252.0,47,3,1312.28,437.4266666666667,237,72,79.0,740.78,0
15253.0,29,3,1117.99,372.66333333333336,212,58,70.66666666666667,915.3,0
15254.0,172,2,787.99,393.995,186,46,93.0,300.36,0
15255.0,22,8,2756.52,344.565,362,99,45.25,890.85,0
15256.0,187,1,71.95,71.95,187,4,187.0,98.45,0
15257.0,40,1,368.75,368.75,40,5,40.0,152.14999999999998,0
15259.0,138,4,1182.3799999999999,295.59499999999997,308,50,77.0,0.0,1
15260.0,36,18,6909.21,383.845,359,148,19.944444444444443,1780.77,0
15261.0,7,3,1253.18,417.7266666666667,60,70,20.0,254.82,0
15262.0,6,2,239.87,119.935,114,14,57.0,178.95000000000002,0
15264.0,156,1,450.46000000000004,450.46000000000004,156,32,156.0,393.74,0
15265.0,230,2,1839.52,919.76,364,109,182.0,1506.1200000000001,0
15266.0,5,4,732.91,183.2275,327,36,81.75,119.3,0
15268.0,104,3,941.25,313.75,231,21,77.0,0.0,1
15269.0,6,2,816.56,408.28,16,32,8.0,408.8,0
15270.0,26,14,5048.6,360.61428571428576,348,54,24.857142857142858,2292.49,0
15271.0,5,9,1986.2,220.6888888888889,117,237,13.0,2472.09,0
15272.0,76,4,1309.01,327.2525,289,209,72.25,721.94,0
15273.0,225,1,228.96,228.96,225,1,225.0,0.0,1
15276.0,20,2,472.67,236.335,60,111,30.0,128.63,0
15277.0,51,1,220.44,220.44,51,14,51.0,255.89999999999998,0
15278.0,187,4,496.15999999999997,124.03999999999999,291,29,72.75,0.0,1
15279.0,6,4,1264.33,316.0825,301,57,75.25,290.51,0
15280.0,114,2,284.4,142.2,197,39,98.5,113.12,0
15281.0,4,7,6077.67,868.2385714285714,53,333,7.571428571428571,2245.05,0
15282.0,196,1,348.59,348.59,196,27,196.0,0.0,1
15283.0,16,3,135.43,45.14333333333334,144,9,48.0,0.0,1
15284.0,126,1,24.75,24.75,126,1,126.0,0.0,1
15285.0,33,1,94.92,94.92,33,6,33.0,0.0,1
15287.0,5,3,369.34000000000003,123.11333333333334,363,13,121.0,485.24,0
15288.0,27,5,1400.01,280.002,291,56,58.2,2306.52,0
15289.0,84,2,635.61,317.805,247,32,123.5,935.1,0
15290.0,19,8,2551.81,318.97625,279,34,34.875,7803.7699999999995,0
15291.0,5,25,8550.92,342.0368,362,78,14.48,4588.6,0
15293.0,291,1,247.5,247.5,291,19,291.0,0.0,1
15294.0,36,1,222.3,222.3,36,15,36.0,0.0,1
15295.0,280,1,207.04,207.04,280,50,280.0,0.0,1
15296.0,46,6,6594.82,1099.1366666666665,313,251,52.166666666666664,3610.31,0
15298.0,26,11,4187.28,380.66181818181815,357,141,32.45454545454545,4764.1,0
15299.0,14,3,1645.71,548.57,322,2,107.33333333333333,3904.8100000000004,0
15301.0,4,5,1859.72,371.944,76,75,15.2,5007.72,0
15302.0,356,1,291.05,291.05,356,14,356.0,0.0,1
15303.0,191,2,604.76,302.38,309,34,154.5,574.02,0
15304.0,47,1,102.0,102.0,47,1,47.0,680.3,0
15305.0,181,1,93.6,93.6,181,5,181.0,0.0,1
15306.0,126,6,2306.63,384.43833333333333,285,80,47.5,1174.35,0
15309.0,236,3,732.53,244.17666666666665,361,47,120.33333333333333,0.0,1
15310.0,104,1,1634.64,1634.64,104,45,104.0,0.0,1
15311.0,1,115,52436.69,455.9712173913044,364,576,3.1652173913043478,59340.33,0
15312.0,9,8,1991.64,248.955,349,90,43.625,924.85,0
15314.0,54,1,472.67999999999995,472.67999999999995,54,25,54.0,327.97,0
15317.0,303,1,129.75,129.75,303,5,303.0,0.0,1
15321.0,63,9,3924.77,436.0855555555556,300,185,33.333333333333336,2667.48,0
15322.0,102,1,711.18,711.18,102,41,102.0,611.27,0
15323.0,188,3,340.8,113.60000000000001,287,23,95.66666666666667,0.0,1
15324.0,327,1,140.22000000000003,140.22000000000003,327,8,327.0,0.0,1
15325.0,21,7,1434.52,204.93142857142857,287,141,41.0,161.74,0
15326.0,235,4,1239.31,309.8275,364,73,91.0,311.71,0
15328.0,33,1,107.24,107.24,33,8,33.0,0.0,1
15329.0,0,7,1730.73,247.24714285714285,351,56,50.142857142857146,1023.2,0
15331.0,125,3,755.41,251.8033333333333,235,40,78.33333333333333,0.0,1
15332.0,26,2,3231.62,1615.81,139,104,69.5,1661.06,0
15336.0,27,1,240.5,240.5,27,15,27.0,0.0,1
15337.0,37,1,344.72,344.72,37,21,37.0,0.0,1
15338.0,303,1,277.93,277.93,303,56,303.0,0.0,1
15339.0,47,5,1053.2,210.64000000000001,295,108,59.0,574.07,0
15340.0,187,1,105.5,105.5,187,7,187.0,0.0,1
15341.0,75,1,382.2,382.2,75,7,75.0,2020.52,0
15346.0,51,2,339.23,169.615,57,20,28.5,252.42000000000002,0
15347.0,4,2,930.6999999999999,465.34999999999997,63,25,31.5,201.60000000000002,0
15350.0,9,1,431.95000000000005,431.95000000000005,9,25,9.0,115.65,0
15351.0,30,3,1434.3899999999999,478.12999999999994,58,70,19.333333333333332,1886.1100000000001,0
15352.0,174,1,111.15,111.15,174,34,174.0,0.0,1
15353.0,12,5,2024.35,404.87,363,238,72.6,770.12,0
15356.0,6,3,521.54,173.84666666666666,48,136,16.0,2718.03,0
15358.0,0,20,7958.05,397.90250000000003,358,257,17.9,8270.2,0
15359.0,288,7,162.6,23.228571428571428,319,10,45.57142857142857,0.0,1
15361.0,152,3,270.15000000000003,90.05000000000001,169,3,56.333333333333336,418.92,0
15362.0,74,2,613.08,306.54,364,38,182.0,0.0,1
15363.0,118,1,352.11,352.11,118,19,118.0,318.05,0
15365.0,29,6,2242.81,373.8016666666667,299,82,49.833333333333336,1549.17,0
15366.0,35,5,1786.57,357.31399999999996,277,67,55.4,602.51,0
15367.0,44,7,3128.14,446.8771428571428,355,147,50.714285714285715,1877.59,0
15368.0,20,1,275.8,275.8,20,4,20.0,446.94000000000005,0
15369.0,118,10,3219.8599999999997,321.986,357,44,35.7,0.0,1
15370.0,36,1,1352.96,1352.96,36,50,36.0,2360.55,0
15371.0,288,1,59.400000000000006,59.400000000000006,288,1,288.0,0.0,1
15372.0,76,7,3947.02,563.86,289,19,41.285714285714285,2007.3999999999999,0
15373.0,34,5,668.63,133.726,212,45,42.4,2213.11,0
15374.0,250,1,139.32,139.32,250,6,250.0,168.0,0
15375.0,316,1,60.959999999999994,60.959999999999994,316,6,316.0,0.0,1
15377.0,8,4,1179.95,294.9875,41,15,10.25,0.0,1
15378.0,88,2,246.5,123.25,127,8,63.5,0.0,1
15379.0,26,1,1174.55,1174.55,26,69,26.0,3631.8900000000003,0
15380.0,46,6,1509.74,251.62333333333333,364,6,60.666666666666664,1682.3600000000001,0
15381.0,49,3,1290.77,430.25666666666666,209,16,69.66666666666667,596.85,0
15382.0,0,6,7719.34,1286.5566666666666,361,194,60.166666666666664,5927.86,0
15384.0,7,2,1378.73,689.365,218,70,109.0,642.41,0
15385.0,18,2,625.2,312.6,303,8,151.5,316.88,0
15387.0,118,1,468.65,468.65,118,20,118.0,0.0,1
15389.0,26,4,2233.8,558.45,307,2,76.75,500.0,0
15390.0,22,2,1216.66,608.33,35,77,17.5,0.0,1
15391.0,210,1,282.92,282.92,210,12,210.0,0.0,1
15392.0,0,3,1376.0900000000001,458.6966666666667,57,48,19.0,1515.73,0
15393.0,193,3,659.48,219.82666666666668,350,29,116.66666666666667,231.86,0
15394.0,21,7,3067.86,438.2657142857143,350,101,50.0,2183.54,0
15396.0,209,1,508.20000000000005,508.20000000000005,209,2,209.0,288.18,0
15400.0,46,3,586.1,195.36666666666667,186,11,62.0,666.7,0
15401.0,78,2,216.95000000000002,108.47500000000001,194,14,97.0,0.0,1
15402.0,13,4,1189.87,297.4675,217,58,54.25,626.35,0
15403.0,117,2,170.88,85.44,356,6,178.0,0.0,1
15404.0,1,1,257.06,257.06,1,16,1.0,0.0,1
15405.0,202,1,310.74,310.74,202,22,202.0,349.1,0
15406.0,79,2,465.15999999999997,232.57999999999998,79,66,39.5,426.61,0
15409.0,347,1,117.2,117.2,347,9,347.0,0.0,1
15410.0,194,2,1234.88,617.44,225,32,112.5,3450.84,0
15413.0,317,5,6798.72,1359.7440000000001,364,20,72.8,0.0,1
15416.0,104,3,588.5,196.16666666666666,302,36,100.66666666666667,3974.37,0
15418.0,51,2,449.42,224.71,212,64,106.0,0.0,1
15420.0,60,6,743.0,123.83333333333333,360,52,60.0,0.0,1
15421.0,11,6,2854.98,475.83,358,160,59.666666666666664,950.36,0
15422.0,5,5,1522.27,304.454,296,79,59.2,97.7,0
15423.0,207,2,175.64,87.82,247,9,123.5,43.5,0
15424.0,89,1,214.44,214.44,89,16,89.0,383.34,0
15425.0,26,4,1941.1200000000001,485.28000000000003,289,114,72.25,0.0,1
15426.0,68,4,744.84,186.21,212,137,53.0,1394.02,0
15428.0,13,3,668.97,222.99,348,35,116.0,93.78,0
15430.0,93,2,903.75,451.875,154,35,77.0,0.0,1
15431.0,128,1,153.24,153.24,128,2,128.0,0.0,1
15432.0,167,1,130.07,130.07,167,6,167.0,171.19,0
15434.0,0,6,1519.63,253.27166666666668,310,60,51.666666666666664,997.48,0
15437.0,266,1,193.29000000000002,193.29000000000002,266,12,266.0,200.16,0
15439.0,30,4,1269.05,317.2625,279,49,69.75,0.0,1
15441.0,22,3,1254.21,418.07,356,45,118.66666666666667,0.0,1
15443.0,100,7,1865.6,266.5142857142857,268,212,38.285714285714285,3189.74,0
15445.0,216,1,171.0,171.0,216,9,216.0,113.5,0
15446.0,2,3,396.75,132.25,352,89,117.33333333333333,0.0,1
15447.0,153,4,329.76,82.44,251,20,62.75,155.17,0
15448.0,300,1,294.17,294.17,300,21,300.0,494.64,0
15451.0,60,2,226.86,113.43,225,56,112.5,0.0,1
15452.0,16,3,1256.63,418.8766666666667,137,126,45.666666666666664,528.48,0
15454.0,244,1,124.79,124.79,244,14,244.0,179.1,0
15455.0,223,1,38.25,38.25,223,2,223.0,0.0,1
15456.0,29,7,1656.93,236.70428571428573,357,105,51.0,434.59000000000003,0
15458.0,28,1,208.79999999999998,208.79999999999998,28,6,28.0,161.64,0
15459.0,43,2,202.82999999999998,101.41499999999999,123,6,61.5,0.0,1
15461.0,86,2,429.7,214.85,257,1,128.5,0.0,1
15462.0,71,1,502.45,502.45,71,30,71.0,234.6,0
15465.0,2,14,4725.88,337.5628571428571,355,76,25.357142857142858,6948.62,0
15466.0,15,3,1225.93,408.6433333333334,362,172,120.66666666666667,334.53,0
15468.0,18,1,947.77,947.77,18,56,18.0,439.71000000000004,0
15469.0,64,1,329.90000000000003,329.90000000000003,64,19,64.0,504.5,0
15470.0,201,1,63.419999999999995,63.419999999999995,201,4,201.0,0.0,1
15471.0,6,2,837.53,418.765,176,67,88.0,454.48,0
15473.0,70,1,274.8,274.8,70,3,70.0,1465.2,0
15474.0,221,1,150.35,150.35,221,19,221.0,0.0,1
15476.0,6,4,2180.28,545.07,68,66,17.0,0.0,1
15477.0,275,1,368.4,368.4,275,2,275.0,0.0,1
15478.0,201,1,541.06,541.06,201,23,201.0,1399.92,0
15479.0,359,1,147.4,147.4,359,9,359.0,0.0,1
15480.0,95,2,2686.75,1343.375,302,161,151.0,905.5,0
15481.0,27,1,1993.34,1993.34,27,38,27.0,0.0,1
15482.0,12,7,3537.6,505.37142857142857,363,41,51.857142857142854,6353.52,0
15483.0,11,6,585.42,97.57,310,148,51.666666666666664,225.26,0
15484.0,166,2,1061.69,530.845,360,53,180.0,3559.21,0
15485.0,39,4,2192.42,548.105,364,38,91.0,2564.5,0
15486.0,153,1,102.0,102.0,153,1,153.0,0.0,1
15487.0,305,1,231.32,231.32,305,14,305.0,0.0,1
15488.0,82,4,340.6,85.15,209,8,52.25,91.32000000000001,0
15489.0,26,5,1234.93,246.98600000000002,319,42,63.8,1090.03,0
15490.0,56,1,181.35,181.35,56,22,56.0,0.0,1
15493.0,15,4,2159.78,539.945,280,200,70.0,1918.8600000000001,0
15494.0,104,3,2422.02,807.34,355,219,118.33333333333333,1280.58,0
15495.0,5,1,246.5,246.5,5,20,5.0,0.0,1
15496.0,257,1,146.14000000000001,146.14000000000001,257,22,257.0,0.0,1
15497.0,8,7,7383.76,1054.8228571428572,347,61,49.57142857142857,1259.7,0
15498.0,1,17,11486.51,675.6770588235295,349,331,20.529411764705884,13252.55,0
15499.0,349,1,158.65,158.65,349,40,349.0,0.0,1
15501.0,30,2,399.95,199.975,41,64,20.5,0.0,1
15502.0,64,2,2524.04,1262.02,180,107,90.0,5727.77,0
15503.0,352,1,116.26,116.26,352,50,352.0,141.04,0
15504.0,146,3,328.67,109.55666666666667,291,32,97.0,52.83,0
15506.0,7,3,1058.25,352.75,103,82,34.333333333333336,972.08,0
15509.0,6,1,152.41,152.41,6,26,6.0,0.0,1
15512.0,16,2,210.58,105.29,302,22,151.0,121.0,0
15513.0,25,16,11499.03,718.689375,321,151,20.0625,14520.08,0
15514.0,5,7,2364.56,337.7942857142857,361,96,51.57142857142857,2946.55,0
15515.0,13,1,171.81,171.81,13,7,13.0,0.0,1
15518.0,5,7,2180.89,311.55571428571426,345,165,49.285714285714285,1900.7,0
15519.0,9,2,344.61,172.305,72,34,36.0,0.0,1
15521.0,26,8,4080.74,510.0925,329,120,41.125,2699.65,0
15523.0,14,15,16813.18,1120.8786666666667,363,63,24.2,412.01000000000005,0
15524.0,232,1,151.4,151.4,232,8,232.0,440.0,0
15525.0,8,1,155.85,155.85,8,24,8.0,716.97,0
15527.0,20,14,2801.91,200.13642857142855,350,110,25.0,2411.68,0
15529.0,20,1,821.0600000000001,821.0600000000001,20,122,20.0,3932.6,0
15530.0,138,1,311.37,311.37,138,31,138.0,1497.31,0
15532.0,2,6,2158.12,359.68666666666667,175,279,29.166666666666668,1497.23,0
15534.0,351,1,162.25,162.25,351,8,351.0,0.0,1
15535.0,30,2,503.22,251.61,75,49,37.5,477.4,0
15536.0,35,1,259.09,259.09,35,16,35.0,0.0,1
15538.0,163,6,3358.3999999999996,559.7333333333332,289,3,48.166666666666664,0.0,1
15540.0,1,1,247.38,247.38,1,16,1.0,213.3,0
15542.0,138,3,833.16,277.71999999999997,363,210,121.0,0.0,1
15543.0,85,1,114.4,114.4,85,28,85.0,127.86,0
15544.0,32,11,4237.07,385.1881818181818,306,120,27.818181818181817,3542.51,0
15546.0,232,1,539.5500000000001,539.5500000000001,232,6,232.0,0.0,1
15547.0,2,12,5081.1,423.425,359,364,29.916666666666668,4910.6,0
15548.0,221,1,158.09,158.09,221,23,221.0,0.0,1
15549.0,47,5,652.7,130.54000000000002,323,43,64.6,1640.21,0
15550.0,4,8,1418.97,177.37125,362,136,45.25,575.63,0
15551.0,20,5,1189.75,237.95,176,95,35.2,436.06,0
15552.0,249,1,162.4,162.4,249,13,249.0,90.12,0
15555.0,1,20,6120.36,306.018,359,406,17.95,4758.3,0
15558.0,265,1,131.88,131.88,265,22,265.0,0.0,1
15559.0,194,1,1109.4,1109.4,194,62,194.0,0.0,1
15560.0,23,2,153.52,76.76,23,10,11.5,0.0,1
15561.0,9,4,1133.8,283.45,289,44,72.25,722.74,0
15562.0,50,2,536.88,268.44,352,31,176.0,134.55,0
15563.0,140,3,1453.98,484.66,306,111,102.0,1310.69,0
15564.0,89,2,70.74000000000001,35.370000000000005,302,4,151.0,0.0,1
15566.0,18,2,227.87,113.935,350,9,175.0,0.0,1
15569.0,16,5,2207.74,441.54799999999994,275,102,55.0,1375.71,0
15570.0,0,13,4562.17,350.93615384615384,247,287,19.0,4111.27,0
15571.0,12,10,3241.92,324.192,359,410,35.9,650.4300000000001,0
15572.0,6,3,1431.78,477.26,230,113,76.66666666666667,2533.42,0
15573.0,244,3,597.23,199.07666666666668,355,104,118.33333333333333,583.24,0
15574.0,46,2,383.8,191.9,90,74,45.0,675.64,0
15575.0,245,1,30.1,30.1,245,3,245.0,0.0,1
15577.0,349,2,137.15,68.575,352,20,176.0,258.88,0
15579.0,9,3,887.78,295.9266666666667,58,103,19.333333333333332,327.6,0
15580.0,2,8,1251.09,156.38625,296,140,37.0,0.0,1
15581.0,13,22,3640.58,165.48090909090908,363,409,16.5,717.4300000000001,0
15583.0,2,1,95.96,95.96,2,37,2.0,0.0,1
15584.0,25,2,547.34,273.67,296,93,148.0,712.36,0
15586.0,218,3,1128.66,376.22,326,30,108.66666666666667,0.0,1
15587.0,18,3,608.4000000000001,202.80000000000004,117,3,39.0,913.6800000000001,0
15588.0,303,1,579.6,579.6,303,4,303.0,0.0,1
15590.0,8,5,1496.6,299.32,232,75,46.4,0.0,1
15591.0,208,3,217.9,72.63333333333334,299,6,99.66666666666667,0.0,1
15595.0,113,1,357.6,357.6,113,4,113.0,0.0,1
15596.0,15,4,1277.93,319.4825,125,56,31.25,1339.44,0
15597.0,201,1,238.8,238.8,201,15,201.0,315.71999999999997,0
15598.0,53,1,307.34,307.34,53,22,53.0,235.68,0
15599.0,71,1,488.32,488.32,71,31,71.0,761.74,0
15600.0,54,4,1179.96,294.99,219,54,54.75,0.0,1
15601.0,15,16,7405.4800000000005,462.84250000000003,364,152,22.75,6745.36,0
15602.0,8,7,1817.14,259.5914285714286,363,47,51.857142857142854,1102.3700000000001,0
15603.0,274,1,26.25,26.25,274,2,274.0,48.480000000000004,0
15605.0,214,4,540.32,135.08,320,30,80.0,1198.23,0
15606.0,16,8,2169.86,271.2325,273,47,34.125,2563.61,0
15607.0,169,8,1514.6100000000001,189.32625000000002,326,81,40.75,104.76,0
15608.0,41,1,692.3,692.3,41,45,41.0,1093.68,0
15611.0,9,13,1292.38,99.41384615384617,309,24,23.76923076923077,1547.39,0
15613.0,236,1,433.71999999999997,433.71999999999997,236,27,236.0,0.0,1
15614.0,63,4,3021.61,755.4025,252,71,63.0,0.0,1
15615.0,16,24,10938.23,455.7595833333333,363,192,15.125,10369.99,0
15616.0,64,1,317.11,317.11,64,13,64.0,0.0,1
15617.0,22,3,828.5500000000001,276.18333333333334,133,41,44.333333333333336,0.0,1
15620.0,35,1,385.53000000000003,385.53000000000003,35,29,35.0,1523.08,0
15622.0,53,8,4097.8,512.225,271,197,33.875,3248.33,0
15623.0,19,7,2136.02,305.1457142857143,355,77,50.714285714285715,301.03,0
15625.0,2,5,1698.69,339.738,168,78,33.6,1504.56,0
15626.0,47,1,373.57,373.57,47,30,47.0,675.8,0
15627.0,83,2,566.9,283.45,148,23,74.0,0.0,1
15628.0,27,8,2418.54,302.3175,352,81,44.0,2865.64,0
15629.0,76,4,2240.9,560.225,158,39,39.5,0.0,1
15630.0,270,1,295.05,295.05,270,20,270.0,1180.4,0
15631.0,268,1,596.67,596.67,268,39,268.0,0.0,1
15633.0,135,13,4155.51,319.6546153846154,357,77,27.46153846153846,0.0,1
15634.0,9,1,311.1,311.1,9,19,9.0,243.55,0
15635.0,21,1,100.35,100.35,21,2,21.0,0.0,1
15636.0,63,2,719.82,359.91,195,27,97.5,724.76,0
15637.0,39,4,574.23,143.5575,350,23,87.5,223.36,0
15638.0,4,6,2154.2,359.0333333333333,236,20,39.333333333333336,0.0,1
15639.0,77,2,599.81,299.905,231,39,115.5,425.32,0
15640.0,13,14,10980.15,784.2964285714286,351,138,25.071428571428573,12371.44,0
15641.0,22,8,3458.35,432.29375,359,168,44.875,1887.2,0
15642.0,355,1,105.78000000000002,105.78000000000002,355,6,355.0,0.0,1
15645.0,40,2,430.56,215.28,51,15,25.5,611.59,0
15646.0,20,2,337.17,168.585,36,33,18.0,425.14000000000004,0
15647.0,41,1,169.0,169.0,41,11,41.0,0.0,1
15649.0,1,2,844.3499999999999,422.17499999999995,13,8,6.5,816.0,0
15650.0,147,2,539.03,269.515,254,32,127.0,0.0,1
15651.0,46,2,612.76,306.38,222,28,111.0,646.3,0
15652.0,13,4,1059.7,264.925,111,75,27.75,337.74,0
15658.0,67,3,1005.24,335.08,362,46,120.66666666666667,958.9,0
15659.0,12,2,226.04,113.02,279,8,139.5,306.45,0
15660.0,7,6,1002.83,167.13833333333335,298,39,49.666666666666664,1552.51,0
15661.0,5,6,906.15,151.025,204,26,34.0,309.8,0
15662.0,287,2,283.73,141.865,364,12,182.0,0.0,1
15664.0,75,3,813.1,271.03333333333336,275,43,91.66666666666667,386.43,0
15665.0,37,3,1764.86,588.2866666666666,261,122,87.0,2222.21,0
15666.0,98,2,632.9399999999999,316.46999999999997,121,62,60.5,0.0,1
15670.0,182,1,142.15,142.15,182,7,182.0,173.05,0
15672.0,351,1,45.300000000000004,45.300000000000004,351,3,351.0,0.0,1
15673.0,77,5,3473.14,694.6279999999999,281,95,56.2,2726.23,0
15674.0,43,8,4473.83,559.22875,357,199,44.625,1744.02,0
15675.0,30,1,218.35,218.35,30,14,30.0,323.69,0
15677.0,47,2,648.4,324.2,89,32,44.5,657.23,0
15678.0,21,2,1473.24,736.62,148,67,74.0,352.7,0
15680.0,40,7,2677.31,382.47285714285715,363,115,51.857142857142854,1333.68,0
15681.0,5,9,1533.84,170.42666666666665,190,22,21.11111111111111,946.36,0
15682.0,225,2,316.99,158.495,313,25,156.5,0.0,1
15683.0,99,1,330.79,330.79,99,16,99.0,193.75,0
15684.0,173,3,159.1,53.03333333333333,361,9,120.33333333333333,0.0,1
15685.0,76,1,55.980000000000004,55.980000000000004,76,17,76.0,0.0,1
15686.0,46,1,90.0,90.0,46,1,46.0,0.0,1
15688.0,44,1,190.57,190.57,44,26,44.0,0.0,1
15689.0,243,1,266.93,266.93,243,15,243.0,254.1,0
15691.0,20,3,375.0,125.0,359,9,119.66666666666667,136.8,0
15693.0,285,1,37.5,37.5,285,1,285.0,0.0,1
15694.0,22,10,3318.73,331.873,358,42,35.8,6408.6,0
15695.0,223,2,721.06,360.53,307,35,153.5,409.98,0
15696.0,49,5,1113.91,222.782,310,36,62.0,2619.11,0
15697.0,315,1,246.75,246.75,315,14,315.0,0.0,1
15698.0,250,1,46.2,46.2,250,2,250.0,0.0,1
15702.0,102,1,112.57000000000001,112.57000000000001,102,29,102.0,0.0,1
15704.0,128,2,1370.24,685.12,209,74,104.5,2293.62,0
15708.0,16,2,631.6800000000001,315.84000000000003,51,47,25.5,3209.05,0
15709.0,215,1,194.6,194.6,215,20,215.0,133.25,0
15710.0,43,1,898.87,898.87,43,110,43.0,0.0,1
15711.0,182,2,420.25,210.125,310,25,155.0,0.0,1
15712.0,5,7,2395.1,342.15714285714284,364,69,52.0,1072.3600000000001,0
15713.0,245,2,468.09000000000003,234.04500000000002,349,31,174.5,346.75,0
15714.0,79,3,453.93,151.31,181,14,60.333333333333336,330.03000000000003,0
15715.0,181,5,658.02,131.60399999999998,245,33,49.0,0.0,1
15716.0,79,7,1381.63,197.3757142857143,358,116,51.142857142857146,1101.1100000000001,0
15717.0,47,4,456.70000000000005,114.17500000000001,218,13,54.5,150.3,0
15718.0,166,1,293.79,293.79,166,18,166.0,0.0,1
15719.0,7,18,5103.65,283.5361111111111,364,282,20.22222222222222,5026.77,0
15720.0,176,1,140.49,140.49,176,25,176.0,598.73,0
15722.0,71,6,2935.94,489.3233333333333,266,73,44.333333333333336,2205.31,0
15723.0,37,3,740.0,246.66666666666666,200,77,66.66666666666667,190.7,0
15724.0,26,1,87.5,87.5,26,6,26.0,212.3,0
15726.0,16,1,321.91,321.91,16,23,16.0,0.0,1
15727.0,13,8,4212.65,526.58125,310,278,38.75,5159.06,0
15728.0,5,2,394.8,197.4,70,10,35.0,0.0,1
15729.0,26,2,92.7,46.35,29,5,14.5,62.0,0
15730.0,7,2,599.8,299.9,57,40,28.5,1108.38,0
15731.0,179,1,125.3,125.3,179,8,179.0,0.0,1
15732.0,134,8,1205.3,150.6625,299,51,37.375,294.12,0
15734.0,62,2,923.85,461.925,173,14,86.5,1339.45,0
15735.0,47,1,327.68,327.68,47,19,47.0,0.0,1
15736.0,61,2,1706.92,853.46,61,93,30.5,0.0,1
15738.0,28,25,8226.65,329.066,355,64,14.2,4788.77,0
15741.0,84,2,208.62,104.31,244,11,122.0,0.0,1
15742.0,245,1,156.87,156.87,245,41,245.0,0.0,1
15747.0,1,6,1551.22,258.5366666666667,316,78,52.666666666666664,946.64,0
15748.0,75,2,465.45000000000005,232.72500000000002,75,16,37.5,144.36,0
15750.0,0,10,3929.4900000000002,392.949,364,240,36.4,2457.2,0
15751.0,86,10,1318.84,131.884,359,88,35.9,0.0,1
15752.0,27,2,1298.31,649.155,83,167,41.5,2618.15,0
15754.0,119,6,2546.38,424.3966666666667,281,89,46.833333333333336,455.67,0
15755.0,5,11,3618.07,328.91545454545457,361,181,32.81818181818182,2318.88,0
15757.0,12,4,2225.94,556.485,173,127,43.25,714.42,0
15759.0,137,4,557.94,139.485,363,6,90.75,253.04,0
15761.0,68,1,143.05,143.05,68,5,68.0,0.0,1
15764.0,60,2,1207.81,603.905,104,68,52.0,3245.47,0
15765.0,292,1,370.63,370.63,292,25,292.0,0.0,1
15766.0,82,2,484.6,242.3,308,15,154.0,315.06,0
15768.0,102,31,14687.06,473.77612903225804,362,416,11.67741935483871,621.8299999999999,0
15769.0,0,20,32359.8,1617.99,354,11,17.7,51823.72,0
15770.0,238,1,321.45,321.45,238,18,238.0,0.0,1
15771.0,230,3,1006.54,335.5133333333333,319,26,106.33333333333333,0.0,1
15772.0,44,1,280.88,280.88,44,16,44.0,0.0,1
15773.0,35,1,138.84,138.84,35,37,35.0,635.6800000000001,0
15774.0,44,5,1016.29,203.25799999999998,282,68,56.4,270.8,0
15775.0,257,1,45.6,45.6,257,2,257.0,104.9,0
15777.0,22,3,711.25,237.08333333333334,194,15,64.66666666666667,1021.61,0
15778.0,57,1,307.95,307.95,57,17,57.0,0.0,1
15779.0,89,2,124.08000000000001,62.040000000000006,158,8,79.0,0.0,1
15782.0,56,1,1399.36,1399.36,56,18,56.0,2593.94,0
15784.0,93,2,848.3299999999999,424.16499999999996,298,33,149.0,0.0,1
15785.0,5,11,3530.84,320.98545454545456,350,78,31.818181818181817,2303.75,0
15786.0,43,2,3558.65,1779.325,162,165,81.0,4821.0,0
15788.0,134,1,215.53,215.53,134,14,134.0,0.0,1
15789.0,57,5,1580.71,316.142,249,88,49.8,351.3,0
15791.0,155,3,1941.3,647.1,267,73,89.0,1604.44,0
15792.0,25,2,933.84,466.92,244,57,122.0,0.0,1
15793.0,4,5,1433.96,286.79200000000003,364,9,72.8,948.96,0
15794.0,362,2,777.0,388.5,363,15,181.5,0.0,1
15795.0,56,7,1369.8600000000001,195.69428571428574,316,74,45.142857142857146,610.01,0
15796.0,0,9,2448.07,272.0077777777778,244,107,27.11111111111111,2704.6600000000003,0
15797.0,207,2,613.6800000000001,306.84000000000003,307,4,153.5,2192.4,0
15798.0,118,3,1535.37,511.78999999999996,307,73,102.33333333333333,0.0,1
15799.0,44,1,537.1999999999999,537.1999999999999,44,54,44.0,884.14,0
15800.0,79,5,530.18,106.03599999999999,244,97,48.8,696.89,0
15803.0,71,3,1513.84,504.6133333333333,302,42,100.66666666666667,415.82000000000005,0
15805.0,11,13,4361.6,335.5076923076923,355,175,27.307692307692307,5408.43,0
15807.0,34,2,913.62,456.81,292,40,146.0,903.9,0
15808.0,7,17,13403.83,788.4605882352942,364,279,21.41176470588235,3648.7200000000003,0
15809.0,85,2,463.66999999999996,231.83499999999998,161,21,80.5,399.21,0
15810.0,12,4,1607.06,401.765,299,48,74.75,1176.22,0
15811.0,14,1,1173.93,1173.93,14,117,14.0,2171.32,0
15812.0,61,7,3385.03,483.5757142857143,350,57,50.0,1801.14,0
15814.0,19,2,689.11,344.555,229,23,114.5,1919.23,0
15816.0,168,2,93.3,46.65,168,10,84.0,0.0,1
15817.0,46,3,2766.4,922.1333333333333,169,133,56.333333333333336,0.0,1
15818.0,214,1,340.5,340.5,214,11,214.0,0.0,1
15819.0,57,6,2009.99,334.99833333333333,257,109,42.833333333333336,1905.45,0
15822.0,119,4,948.34,237.085,359,25,89.75,885.47,0
15823.0,355,2,3285.26,1642.63,357,142,178.5,0.0,1
15824.0,79,2,890.94,445.47,158,24,79.0,0.0,1
15826.0,194,1,933.77,933.77,194,50,194.0,1649.3600000000001,0
15827.0,47,13,1598.55,122.96538461538461,326,63,25.076923076923077,1648.54,0
15828.0,1,1,1108.82,1108.82,1,74,1.0,0.0,1
15833.0,363,1,80.4,80.4,363,5,363.0,0.0,1
15834.0,2,3,1515.39,505.13000000000005,50,104,16.666666666666668,2097.65,0
15837.0,111,1,385.03000000000003,385.03000000000003,111,28,111.0,391.98,0
15838.0,6,15,23568.2,1571.2133333333334,350,11,23.333333333333332,33643.08,0
15841.0,12,5,1507.4,301.48,355,41,71.0,1209.1,0
15842.0,19,2,528.75,264.375,153,24,76.5,0.0,1
15845.0,162,3,622.78,207.59333333333333,308,34,102.66666666666667,3650.87,0
15846.0,11,1,107.01,107.01,11,27,11.0,0.0,1
15847.0,54,3,433.3,144.43333333333334,267,22,89.0,389.27,0
15848.0,247,1,137.99,137.99,247,34,247.0,0.0,1
15850.0,2,4,771.87,192.9675,352,197,88.0,234.88,0
15851.0,152,1,109.73,109.73,152,8,152.0,0.0,1
15852.0,152,1,96.55,96.55,152,11,152.0,160.71,0
15854.0,2,9,2609.16,289.90666666666664,355,83,39.44444444444444,2969.12,0
15855.0,102,1,340.48,340.48,102,15,102.0,712.24,0
15856.0,0,25,15943.31,637.7324,362,178,14.48,15966.880000000001,0
15857.0,56,1,273.48,273.48,56,10,56.0,297.0,0
15858.0,54,8,2099.34,262.4175,355,179,44.375,1427.57,0
15859.0,58,1,438.46,438.46,58,22,58.0,0.0,1
15860.0,2,9,1393.64,154.8488888888889,359,160,39.888888888888886,965.16,0
15861.0,82,4,1206.48,301.62,306,189,76.5,2981.92,0
15862.0,13,9,1674.26,186.0288888888889,348,298,38.666666666666664,832.88,0
15863.0,243,3,286.26,95.42,348,56,116.0,68.84,0
15864.0,7,1,244.44000000000003,244.44000000000003,7,3,7.0,1769.7800000000002,0
15865.0,39,2,1346.29,673.145,329,86,164.5,895.13,0
15867.0,0,16,5028.92,314.3075,351,345,21.9375,3788.75,0
15868.0,209,1,94.53,94.53,209,4,209.0,0.0,1
15869.0,252,1,171.47,171.47,252,18,252.0,149.64,0
15870.0,22,3,506.02,168.67333333333332,72,61,24.0,351.44,0
15871.0,63,1,33.099999999999994,33.099999999999994,63,5,63.0,0.0,1
15872.0,4,2,413.0,206.5,176,70,88.0,316.25,0
15873.0,125,4,138.24,34.56,126,2,31.5,0.0,1
15874.0,13,14,6775.78,483.9842857142857,327,168,23.357142857142858,4399.9800000000005,0
15875.0,272,1,108.52,108.52,272,18,272.0,0.0,1
15876.0,35,2,1449.1399999999999,724.5699999999999,74,11,37.0,0.0,1
15878.0,187,2,330.77,165.385,359,47,179.5,0.0,1
15879.0,30,4,1137.8,284.45,348,171,87.0,0.0,1
15882.0,13,4,603.23,150.8075,355,33,88.75,493.08000000000004,0
15884.0,58,2,244.60000000000002,122.30000000000001,362,14,181.0,0.0,1
15885.0,9,12,1358.22,113.185,313,66,26.083333333333332,349.35,0
15886.0,42,3,871.78,290.5933333333333,224,47,74.66666666666667,181.09,0
15887.0,32,3,1027.15,342.3833333333334,181,27,60.333333333333336,0.0,1
15888.0,26,2,260.85,130.425,152,24,76.0,135.6,0
15889.0,6,6,995.83,165.97166666666666,355,187,59.166666666666664,400.77,0
15890.0,20,5,535.65,107.13,230,10,46.0,0.0,1
15892.0,295,1,128.2,128.2,295,38,295.0,0.0,1
15893.0,107,1,305.28000000000003,305.28000000000003,107,1,107.0,0.0,1
15898.0,44,19,3573.92,188.10105263157894,354,238,18.63157894736842,1379.63,0
15900.0,39,3,539.39,179.79666666666665,188,67,62.666666666666664,337.28,0
15901.0,77,3,318.14,106.04666666666667,169,48,56.333333333333336,349.75,0
15902.0,6,1,145.01,145.01,6,18,6.0,0.0,1
15903.0,4,5,3813.0800000000004,762.6160000000001,320,20,64.0,5126.34,0
15905.0,169,1,114.69,114.69,169,22,169.0,0.0,1
15906.0,0,3,874.75,291.5833333333333,76,39,25.333333333333332,1567.69,0
15908.0,116,2,758.62,379.31,138,37,69.0,0.0,1
15910.0,26,7,1432.29,204.61285714285714,313,244,44.714285714285715,1228.88,0
15911.0,249,8,1683.79,210.47375,356,161,44.5,0.0,1
15912.0,62,7,810.08,115.72571428571429,355,66,50.714285714285715,264.62,0
15913.0,160,1,6.300000000000001,6.300000000000001,160,1,160.0,0.0,1
15914.0,4,2,205.99,102.995,4,13,2.0,0.0,1
15915.0,27,1,364.24,364.24,27,104,27.0,0.0,1
15916.0,19,5,1605.6299999999999,321.126,355,130,71.0,1484.31,0
15917.0,232,4,407.07,101.7675,363,115,90.75,123.1,0
15918.0,257,1,248.65,248.65,257,21,257.0,334.23,0
15920.0,50,5,401.64,80.328,351,42,70.2,163.55,0
15921.0,22,3,442.58,147.52666666666667,266,51,88.66666666666667,323.03000000000003,0
15924.0,357,1,102.82,102.82,357,14,357.0,0.0,1
15926.0,168,1,134.44,134.44,168,7,168.0,0.0,1
15927.0,273,1,106.54,106.54,273,13,273.0,0.0,1
15928.0,282,1,293.53,293.53,282,11,282.0,0.0,1
15929.0,270,1,594.0,594.0,270,1,270.0,0.0,1
15931.0,54,1,239.9,239.9,54,14,54.0,0.0,1
15934.0,43,2,2190.66,1095.33,55,29,27.5,0.0,1
15936.0,5,2,282.79,141.395,93,16,46.5,0.0,1
15938.0,82,4,330.23,82.5575,182,19,45.5,404.58,0
15939.0,0,1,2904.83,2904.83,0,40,0.0,6087.26,0
15941.0,263,1,216.0,216.0,263,5,263.0,0.0,1
15943.0,275,2,271.28999999999996,135.64499999999998,303,12,151.5,0.0,1
15944.0,19,3,1839.1399999999999,613.0466666666666,352,25,117.33333333333333,325.1,0
15945.0,67,3,465.27000000000004,155.09,364,24,121.33333333333333,181.0,0
15946.0,128,3,2304.18,768.06,259,25,86.33333333333333,0.0,1
15948.0,50,1,553.85,553.85,50,35,50.0,955.24,0
15950.0,1,6,5234.75,872.4583333333334,308,182,51.333333333333336,1684.46,0
15951.0,7,1,304.95,304.95,7,18,7.0,669.57,0
15953.0,12,9,1644.1599999999999,182.68444444444444,362,50,40.22222222222222,1651.33,0
15954.0,215,1,187.8,187.8,215,19,215.0,0.0,1
15955.0,36,8,3664.67,458.08375,280,110,35.0,4389.81,0
15956.0,177,2,617.6,308.8,352,18,176.0,0.0,1
15957.0,46,2,492.36,246.18,46,88,23.0,428.89,0
15958.0,29,3,357.77,119.25666666666666,176,45,58.666666666666664,104.35,0
15959.0,308,3,542.89,180.96333333333334,308,58,102.66666666666667,0.0,1
15960.0,0,4,394.0,98.5,61,24,15.25,0.0,1
15961.0,5,1,451.28999999999996,451.28999999999996,5,42,5.0,0.0,1
15962.0,75,1,289.48,289.48,75,43,75.0,0.0,1
15964.0,289,1,269.21000000000004,269.21000000000004,289,20,289.0,0.0,1
15965.0,7,9,1952.8700000000001,216.98555555555558,362,138,40.22222222222222,808.87,0
15966.0,76,1,399.58,399.58,76,26,76.0,0.0,1
15967.0,5,10,2568.32,256.832,364,270,36.4,397.68,0
15968.0,14,1,401.8,401.8,14,69,14.0,0.0,1
15969.0,51,2,460.95,230.475,148,15,74.0,582.9,0
15970.0,224,1,703.22,703.22,224,13,224.0,314.1,0
15971.0,11,5,1439.5800000000002,287.91600000000005,357,2,71.4,4194.9,0
15972.0,82,5,1769.33,353.866,226,104,45.2,0.0,1
15973.0,54,1,346.84999999999997,346.84999999999997,54,6,54.0,110.72,0
15976.0,36,4,1252.67,313.1675,177,202,44.25,427.64,0
15978.0,58,2,2173.84,1086.92,270,72,135.0,1098.78,0
15979.0,228,1,329.22,329.22,228,22,228.0,0.0,1
15980.0,116,4,4097.42,1024.355,182,64,45.5,2398.86,0
15981.0,27,13,5875.59,451.96846153846155,246,103,18.923076923076923,3408.48,0
15982.0,231,1,324.51,324.51,231,45,231.0,0.0,1
15983.0,18,4,1645.25,411.3125,359,98,89.75,1465.12,0
15984.0,6,20,5544.89,277.2445,364,289,18.2,2759.93,0
15985.0,62,5,1572.8600000000001,314.572,187,34,37.4,1037.42,0
15986.0,7,1,186.3,186.3,7,11,7.0,168.12,0
15987.0,5,1,103.22,103.22,5,38,5.0,1432.77,0
15988.0,177,2,579.61,289.805,282,92,141.0,156.78,0
15989.0,1,2,368.31,184.155,363,81,181.5,0.0,1
15990.0,120,5,1205.64,241.12800000000001,275,86,55.0,792.11,0
15991.0,160,1,150.55,150.55,160,6,160.0,0.0,1
15992.0,22,2,854.61,427.305,79,51,39.5,41.989999999999995,0
15994.0,37,2,758.07,379.035,261,69,130.5,414.27,0
15995.0,40,1,694.54,694.54,40,108,40.0,0.0,1
15996.0,23,1,353.82,353.82,23,45,23.0,1016.6800000000001,0
15998.0,19,11,5105.97,464.1790909090909,364,499,33.09090909090909,3080.22,0
15999.0,361,1,20.4,20.4,361,1,361.0,0.0,1
16001.0,7,1,583.39,583.39,7,29,7.0,0.0,1
16002.0,251,1,169.21,169.21,251,42,251.0,0.0,1
16003.0,7,5,2878.46,575.692,362,89,72.4,2735.37,0
16004.0,100,5,2146.39,429.27799999999996,309,63,61.8,0.0,1
16005.0,1,6,1753.91,292.3183333333333,76,169,12.666666666666666,578.71,0
16006.0,13,1,231.42,231.42,13,67,13.0,101.4,0
16007.0,9,3,1359.25,453.0833333333333,169,206,56.333333333333336,1693.81,0
16008.0,8,12,4860.35,405.0291666666667,256,58,21.333333333333332,478.78,0
16010.0,2,8,1300.51,162.56375,37,69,4.625,392.4,0
16011.0,8,13,2246.35,172.79615384615383,364,134,28.0,3352.96,0
16012.0,27,2,1563.3,781.65,155,138,77.5,1415.29,0
16013.0,5,35,18154.42,518.6977142857143,357,14,10.2,33474.45,0
16014.0,34,2,453.45,226.725,303,127,151.5,637.58,0
16016.0,6,3,612.94,204.31333333333336,28,44,9.333333333333334,1440.06,0
16017.0,43,4,1333.7,333.425,329,81,82.25,211.88,0
16018.0,22,2,289.23,144.615,358,26,179.0,408.90000000000003,0
16019.0,7,18,12972.22,720.6788888888889,351,153,19.5,3531.2400000000002,0
16021.0,21,2,487.03,243.515,170,117,85.0,0.0,1
16024.0,37,2,232.96,116.48,37,21,18.5,245.75,0
16027.0,89,7,947.72,135.38857142857142,326,10,46.57142857142857,934.62,0
16028.0,221,1,82.2,82.2,221,5,221.0,0.0,1
16029.0,26,44,36696.78,834.0177272727273,357,21,8.113636363636363,60369.93,0
16032.0,82,6,1965.72,327.62,149,130,24.833333333333332,0.0,1
16033.0,2,7,1771.7,253.1,111,164,15.857142857142858,8694.62,0
16034.0,20,3,470.67,156.89000000000001,35,28,11.666666666666666,437.7,0
16035.0,186,1,217.73,217.73,186,21,186.0,0.0,1
16036.0,50,2,1797.92,898.96,246,79,123.0,758.92,0
16037.0,170,2,634.42,317.21,274,32,137.0,855.02,0
16039.0,49,2,456.4,228.2,254,27,127.0,0.0,1
16040.0,56,4,1070.15,267.5375,235,48,58.75,1313.55,0
16042.0,5,3,1022.63,340.87666666666667,79,49,26.333333333333332,1177.47,0
16043.0,5,4,1082.6000000000001,270.65000000000003,107,29,26.75,773.99,0
16044.0,61,1,340.84000000000003,340.84000000000003,61,19,61.0,0.0,1
16045.0,42,3,1846.3300000000002,615.4433333333334,124,49,41.333333333333336,1340.7,0
16046.0,188,1,235.78,235.78,188,22,188.0,0.0,1
16048.0,25,2,556.4000000000001,278.20000000000005,175,28,87.5,256.44,0
16049.0,1,3,777.34,259.11333333333334,142,175,47.333333333333336,1074.81,0
16050.0,9,2,162.8,81.4,27,9,13.5,137.9,0
16051.0,307,1,188.44,188.44,307,12,307.0,0.0,1
16053.0,39,4,2094.19,523.5475,236,101,59.0,1511.95,0
16054.0,44,3,1306.78,435.5933333333333,243,49,81.0,783.9,0
16057.0,145,3,1501.13,500.3766666666667,327,88,109.0,2140.2200000000003,0
16058.0,32,1,62.7,62.7,32,2,32.0,0.0,1
16059.0,13,6,1600.41,266.735,195,143,32.5,1453.16,0
16060.0,26,3,541.95,180.65,120,22,40.0,0.0,1
16061.0,57,1,44.95,44.95,57,2,57.0,0.0,1
16062.0,5,4,1709.83,427.4575,162,100,40.5,1153.62,0
16064.0,351,1,109.31,109.31,351,17,351.0,0.0,1
16065.0,6,7,1607.99,229.71285714285713,89,181,12.714285714285714,367.14,0
16067.0,188,3,2897.41,965.8033333333333,301,60,100.33333333333333,0.0,1
16068.0,219,1,115.73,115.73,219,34,219.0,0.0,1
16069.0,43,1,457.7,457.7,43,25,43.0,0.0,1
16071.0,153,3,750.5600000000001,250.1866666666667,281,47,93.66666666666667,326.24,0
16072.0,54,3,3595.77,1198.59,175,399,58.333333333333336,584.3199999999999,0
16074.0,16,1,252.5,252.5,16,23,16.0,0.0,1
16075.0,128,2,726.98,363.49,190,41,95.0,0.0,1
16077.0,251,1,730.8,730.8,251,7,251.0,0.0,1
16078.0,295,1,283.79,283.79,295,38,295.0,79.2,0
16080.0,11,2,311.15,155.575,76,18,38.0,176.6,0
16081.0,19,3,1479.54,493.18,300,134,100.0,2799.42,0
16082.0,296,1,106.75,106.75,296,16,296.0,0.0,1
16083.0,8,2,1033.8,516.9,14,38,7.0,1317.62,0
16085.0,6,7,1342.35,191.7642857142857,314,167,44.857142857142854,981.51,0
16086.0,5,5,1566.34,313.268,363,57,72.6,1119.31,0
16087.0,15,5,1739.92,347.98400000000004,315,6,63.0,0.0,1
16088.0,201,2,1437.43,718.715,217,3,108.5,0.0,1
16089.0,12,2,263.49,131.745,135,42,67.5,0.0,1
16090.0,250,1,180.56,180.56,250,18,250.0,0.0,1
16092.0,130,3,765.83,255.27666666666667,205,28,68.33333333333333,779.36,0
16094.0,1,7,2545.5299999999997,363.6471428571428,228,74,32.57142857142857,1066.53,0
16095.0,82,1,447.05,447.05,82,30,82.0,0.0,1
16096.0,42,3,1264.3500000000001,421.45000000000005,271,49,90.33333333333333,320.62,0
16098.0,41,7,2005.07,286.43857142857144,350,62,50.0,2005.63,0
16099.0,43,4,836.35,209.0875,272,21,68.0,731.9,0
16100.0,88,1,582.64,582.64,88,37,88.0,0.0,1
16101.0,60,3,1921.46,640.4866666666667,187,93,62.333333333333336,1245.96,0
16103.0,15,16,4573.12,285.82,326,90,20.375,1429.64,0
16104.0,44,8,2300.75,287.59375,359,159,44.875,298.21,0
16105.0,64,4,2049.23,512.3075,230,80,57.5,336.96,0
16108.0,60,3,1355.83,451.9433333333333,257,78,85.66666666666667,816.1,0
16109.0,324,1,327.6,327.6,324,13,324.0,611.88,0
16110.0,148,1,460.64,460.64,148,84,148.0,1320.95,0
16111.0,54,1,549.33,549.33,54,72,54.0,0.0,1
16115.0,23,4,892.92,223.23,200,99,50.0,1660.8799999999999,0
16117.0,28,2,417.84,208.92,217,46,108.5,232.21,0
16118.0,278,1,4257.08,4257.08,278,40,278.0,0.0,1
16119.0,20,6,1297.45,216.24166666666667,349,31,58.166666666666664,423.36,0
16120.0,48,2,1658.3700000000001,829.1850000000001,48,60,24.0,1294.14,0
16121.0,16,3,575.48,191.82666666666668,191,112,63.666666666666664,854.66,0
16122.0,0,2,211.2,105.6,51,10,25.5,684.4200000000001,0
16124.0,44,3,1522.24,507.41333333333336,358,57,119.33333333333333,187.15,0
16125.0,6,13,4003.0,307.9230769230769,351,162,27.0,289.35,0
16126.0,5,11,8356.83,759.7118181818182,363,122,33.0,6287.77,0
16127.0,352,1,145.06,145.06,352,35,352.0,656.25,0
16128.0,6,6,1912.13,318.68833333333333,137,82,22.833333333333332,1880.22,0
16129.0,33,3,1396.05,465.34999999999997,133,91,44.333333333333336,0.0,1
16130.0,48,4,987.48,246.87,243,53,60.75,0.0,1
16131.0,1,6,6370.23,1061.705,363,105,60.5,3506.54,0
16132.0,170,2,664.1999999999999,332.09999999999997,253,14,126.5,0.0,1
16133.0,2,23,7926.32,344.62260869565216,244,128,10.608695652173912,14326.52,0
16134.0,49,3,1516.3,505.43333333333334,166,69,55.333333333333336,603.6899999999999,0
16135.0,209,1,301.9,301.9,209,18,209.0,517.55,0
16136.0,289,1,211.7,211.7,289,8,289.0,709.38,0
16137.0,306,1,422.7,422.7,306,28,306.0,0.0,1
16138.0,4,3,902.4,300.8,216,35,72.0,0.0,1
16139.0,348,2,475.74,237.87,362,23,181.0,635.41,0
16140.0,67,1,708.28,708.28,67,29,67.0,708.18,0
16141.0,43,1,335.54,335.54,43,20,43.0,620.4,0
16143.0,36,6,2102.2400000000002,350.3733333333334,355,64,59.166666666666664,2419.84,0
16145.0,14,8,2957.92,369.74,210,109,26.25,3737.73,0
16146.0,74,1,212.25,212.25,74,12,74.0,734.13,0
16147.0,26,4,1992.02,498.005,298,98,74.5,375.0,0
16148.0,62,1,310.3,310.3,62,8,62.0,76.32000000000001,0
16149.0,55,1,141.70000000000002,141.70000000000002,55,12,55.0,280.52,0
16150.0,83,5,1863.1,372.62,348,74,69.6,1906.07,0
16153.0,46,6,3222.86,537.1433333333333,188,104,31.333333333333332,1824.23,0
16155.0,7,5,781.05,156.20999999999998,165,44,33.0,0.0,1
16156.0,8,11,2928.77,266.2518181818182,363,100,33.0,3002.2400000000002,0
16158.0,148,9,611.32,67.92444444444445,360,28,40.0,0.0,1
16159.0,96,3,884.59,294.86333333333334,362,25,120.66666666666667,348.2,0
16161.0,1,24,6834.29,284.76208333333335,295,272,12.291666666666666,5445.68,0
16163.0,43,4,1417.33,354.3325,363,55,90.75,441.6,0
16165.0,131,1,79.9,79.9,131,1,131.0,0.0,1
16166.0,54,2,408.83,204.415,317,17,158.5,0.0,1
16167.0,40,5,1217.3700000000001,243.47400000000002,364,49,72.8,0.0,1
16168.0,4,39,6564.32,168.31589743589743,362,103,9.282051282051283,3770.6,0
16170.0,21,14,4933.25,352.375,285,187,20.357142857142858,1880.4199999999998,0
16172.0,99,3,744.34,248.11333333333334,139,41,46.333333333333336,1140.21,0
16174.0,117,4,1237.2,309.3,229,15,57.25,1009.5500000000001,0
16175.0,97,3,798.85,266.28333333333336,189,32,63.0,1037.59,0
16176.0,47,4,1971.14,492.785,246,51,61.5,0.0,1
16177.0,62,7,1809.66,258.52285714285716,273,65,39.0,331.95,0
16178.0,27,1,414.7,414.7,27,17,27.0,197.9,0
16180.0,104,5,5973.19,1194.638,160,106,32.0,10226.68,0
16182.0,64,5,3354.0,670.8,266,8,53.2,6617.65,0
16183.0,20,3,739.1,246.36666666666667,33,17,11.0,338.71000000000004,0
16185.0,190,1,115.31,115.31,190,9,190.0,529.41,0
16186.0,14,14,4684.29,334.59214285714285,356,110,25.428571428571427,3991.94,0
16188.0,34,1,95.85000000000001,95.85000000000001,34,6,34.0,981.86,0
16190.0,20,7,2508.4700000000003,358.3528571428572,351,88,50.142857142857146,215.08,0
16191.0,1,10,10230.45,1023.0450000000001,354,51,35.4,4926.57,0
16192.0,361,1,351.3,351.3,361,11,361.0,0.0,1
16193.0,36,1,315.98,315.98,36,19,36.0,314.45,0
16194.0,1,1,308.59999999999997,308.59999999999997,1,8,1.0,0.0,1
16195.0,349,1,323.25,323.25,349,16,349.0,0.0,1
16196.0,114,1,93.3,93.3,114,4,114.0,0.0,1
16197.0,95,9,2016.71,224.07888888888888,349,52,38.77777777777778,0.0,1
16198.0,63,1,629.36,629.36,63,18,63.0,400.68,0
16199.0,18,7,942.75,134.67857142857142,257,2,36.714285714285715,0.0,1
16200.0,8,10,4539.23,453.92299999999994,363,241,36.3,1068.8700000000001,0
16201.0,41,1,248.65,248.65,41,13,41.0,1821.52,0
16202.0,43,8,2101.77,262.72125,363,91,45.375,365.27,0
16203.0,19,2,350.94,175.47,130,31,65.0,589.15,0
16204.0,6,2,529.53,264.765,357,47,178.5,384.18,0
16205.0,22,3,1062.48,354.16,168,89,56.0,751.03,0
16206.0,13,9,2040.06,226.67333333333332,310,138,34.44444444444444,537.0600000000001,0
16208.0,20,8,2776.19,347.02375,279,141,34.875,664.26,0
16209.0,8,4,1884.16,471.04,172,17,43.0,2262.62,0
16210.0,19,16,12512.82,782.05125,363,92,22.6875,21076.3,0
16211.0,47,2,543.5699999999999,271.78499999999997,64,12,32.0,542.77,0
16212.0,244,2,603.37,301.685,296,36,148.0,681.19,0
16214.0,61,1,975.5,975.5,61,54,61.0,1062.75,0
16218.0,12,6,817.43,136.23833333333332,187,39,31.166666666666668,3054.87,0
16219.0,126,1,40.8,40.8,126,1,126.0,0.0,1
16221.0,8,6,1151.11,191.85166666666666,112,98,18.666666666666668,860.86,0
16222.0,347,1,498.5,498.5,347,23,347.0,773.5500000000001,0
16223.0,0,2,1087.05,543.525,21,101,10.5,0.0,1
16224.0,13,1,321.24,321.24,13,20,13.0,1295.3,0
16225.0,28,10,1717.49,171.749,296,121,29.6,1096.32,0
16226.0,4,2,417.05,208.525,39,20,19.5,255.12,0
16227.0,120,2,640.5,320.25,161,22,80.5,308.32000000000005,0
16228.0,11,3,880.26,293.42,26,45,8.666666666666666,0.0,1
16229.0,7,4,1857.26,464.315,190,109,47.5,1010.6,0
16231.0,5,4,1074.47,268.6175,223,69,55.75,0.0,1
16232.0,46,3,1708.79,569.5966666666667,176,49,58.666666666666664,983.23,0
16233.0,5,6,1256.13,209.35500000000002,363,33,60.5,422.13,0
16234.0,102,3,312.78,104.25999999999999,187,12,62.333333333333336,0.0,1
16235.0,1,4,1132.2,283.05,96,55,24.0,848.41,0
16237.0,63,1,136.65,136.65,63,7,63.0,0.0,1
16238.0,48,1,63.66,63.66,48,6,48.0,0.0,1
16239.0,8,4,1078.0,269.5,89,9,22.25,372.9,0
16241.0,9,3,1399.5,466.5,36,258,12.0,2590.31,0
16242.0,7,7,3795.59,542.2271428571429,260,249,37.142857142857146,3574.91,0
16246.0,85,2,821.35,410.675,295,79,147.5,0.0,1
16250.0,12,1,175.8,175.8,12,11,12.0,389.44,0
16251.0,138,1,128.31,128.31,138,20,138.0,0.0,1
16253.0,46,5,3538.34,707.668,357,143,71.4,3683.86,0
16254.0,4,3,967.44,322.48,258,65,86.0,0.0,1
16255.0,28,7,1861.79,265.96999999999997,310,129,44.285714285714285,2609.3,0
16256.0,119,2,826.9399999999999,413.46999999999997,223,15,111.5,732.63,0
16258.0,13,10,6739.01,673.9010000000001,265,166,26.5,5203.51,0
16259.0,36,3,340.94,113.64666666666666,231,75,77.0,0.0,1
16261.0,12,2,312.62,156.31,68,41,34.0,728.54,0
16262.0,4,1,723.5,723.5,4,45,4.0,0.0,1
16263.0,49,1,348.16,348.16,49,19,49.0,0.0,1
16264.0,64,2,823.53,411.765,72,62,36.0,0.0,1
16265.0,12,3,1320.47,440.1566666666667,33,65,11.0,5323.15,0
16266.0,49,7,896.06,128.00857142857143,299,41,42.714285714285715,861.89,0
16267.0,217,1,186.66,186.66,217,7,217.0,0.0,1
16269.0,63,1,714.59,714.59,63,53,63.0,0.0,1
16271.0,96,4,1972.23,493.0575,268,115,67.0,1389.64,0
16273.0,274,2,318.34000000000003,159.17000000000002,282,15,141.0,0.0,1
16275.0,100,2,1591.24,795.62,267,76,133.5,559.87,0
16276.0,105,2,1818.79,909.395,233,16,116.5,810.6000000000001,0
16277.0,359,1,188.69,188.69,359,23,359.0,0.0,1
16278.0,106,2,518.76,259.38,125,28,62.5,537.83,0
16279.0,11,6,4182.6,697.1,222,165,37.0,1502.78,0
16280.0,351,1,238.05,238.05,351,16,351.0,0.0,1
16281.0,49,2,1354.46,677.23,308,19,154.0,2062.06,0
16282.0,113,2,1139.28,569.64,344,21,172.0,168.3,0
16283.0,44,3,2762.66,920.8866666666667,275,275,91.66666666666667,1529.81,0
16284.0,19,1,205.8,205.8,19,30,19.0,812.68,0
16285.0,272,1,176.9,176.9,272,31,272.0,0.0,1
16286.0,103,2,263.65,131.825,249,16,124.5,0.0,1
16287.0,2,4,864.48,216.12,315,18,78.75,142.5,0
16288.0,96,1,129.85,129.85,96,7,96.0,0.0,1
16289.0,88,1,98.81,98.81,88,21,88.0,0.0,1
16290.0,90,4,1957.7,489.425,191,85,47.75,0.0,1
16292.0,6,4,890.56,222.64,230,38,57.5,280.9,0
16293.0,5,5,2015.26,403.052,354,86,70.8,2236.7400000000002,0
16294.0,102,1,126.05000000000001,126.05000000000001,102,8,102.0,0.0,1
16296.0,252,4,1278.8700000000001,319.71750000000003,347,56,86.75,0.0,1
16298.0,23,4,481.8,120.45,68,16,17.0,598.2,0
16299.0,103,1,178.65,178.65,103,11,103.0,0.0,1
16300.0,56,3,1367.32,455.7733333333333,301,190,100.33333333333333,0.0,1
16301.0,362,1,107.33,107.33,362,6,362.0,0.0,1
16303.0,18,4,2517.89,629.4725,257,66,64.25,5305.83,0
16304.0,320,1,381.66,381.66,320,25,320.0,0.0,1
16306.0,60,1,492.45,492.45,60,26,60.0,602.27,0
16307.0,55,3,1194.92,398.3066666666667,203,69,67.66666666666667,0.0,1
16308.0,32,3,2560.0,853.3333333333334,350,1,116.66666666666667,2560.0,0
16310.0,40,2,460.08,230.04,268,26,134.0,0.0,1
16312.0,58,1,171.15,171.15,58,10,58.0,0.0,1
16314.0,15,3,1491.4,497.1333333333334,98,58,32.666666666666664,0.0,1
16315.0,162,1,176.34,176.34,162,9,162.0,226.37,0
16316.0,6,5,2747.15,549.4300000000001,119,112,23.8,2786.16,0
16317.0,176,2,838.11,419.055,210,47,105.0,1341.65,0
16320.0,79,4,4580.33,1145.0825,307,138,76.75,1038.46,0
16321.0,252,2,230.9,115.45,364,10,182.0,230.7,0
16323.0,203,1,146.16,146.16,203,3,203.0,207.50000000000003,0
16325.0,50,9,2960.36,328.9288888888889,361,98,40.111111111111114,510.54,0
16326.0,9,10,1587.03,158.703,306,121,30.6,3014.2200000000003,0
16327.0,26,10,6315.0,631.5,351,233,35.1,3789.67,0
16328.0,189,1,310.83,310.83,189,16,189.0,0.0,1
16329.0,53,4,1664.92,416.23,364,83,91.0,0.0,1
16330.0,50,4,373.46999999999997,93.36749999999999,288,71,72.0,242.21,0
16331.0,58,6,2037.7,339.6166666666667,268,33,44.666666666666664,0.0,1
16332.0,57,4,404.25,101.0625,215,39,53.75,1572.8,0
16334.0,118,1,263.73,263.73,118,54,118.0,0.0,1
16335.0,177,7,2726.52,389.5028571428571,361,193,51.57142857142857,0.0,1
16336.0,46,4,3517.69,879.4225,257,64,64.25,0.0,1
16340.0,65,2,961.93,480.965,177,170,88.5,534.31,0
16341.0,63,3,1872.91,624.3033333333334,235,67,78.33333333333333,1959.38,0
16343.0,33,1,285.54,285.54,33,28,33.0,328.58,0
16344.0,135,3,741.3199999999999,247.10666666666665,294,42,98.0,101.10000000000001,0
16345.0,109,1,613.33,613.33,109,68,109.0,565.46,0
16346.0,11,1,224.51,224.51,11,15,11.0,0.0,1
16347.0,14,9,2592.96,288.1066666666667,263,167,29.22222222222222,847.45,0
16348.0,56,1,328.77,328.77,56,29,56.0,1413.31,0
16350.0,0,5,1106.02,221.204,54,49,10.8,1116.47,0
16351.0,37,12,3125.23,260.43583333333333,361,121,30.083333333333332,153.9,0
16353.0,0,15,3111.25,207.41666666666666,358,46,23.866666666666667,6675.71,0
16354.0,5,3,723.66,241.22,217,87,72.33333333333333,395.8,0
16355.0,1,1,349.2,349.2,1,47,1.0,0.0,1
16356.0,2,3,204.10000000000002,68.03333333333335,177,17,59.0,210.32000000000002,0
16357.0,7,1,209.49,209.49,7,13,7.0,658.88,0
16358.0,20,1,892.1500000000001,892.1500000000001,20,45,20.0,2024.95,0
16359.0,2,7,919.03,131.29,287,52,41.0,1460.3700000000001,0
16362.0,63,1,189.67,189.67,63,12,63.0,650.59,0
16365.0,21,6,1606.92,267.82,354,58,59.0,1540.42,0
16366.0,208,3,1220.83,406.9433333333333,349,57,116.33333333333333,327.3,0
16367.0,9,1,549.8100000000001,549.8100000000001,9,90,9.0,800.67,0
16368.0,61,1,141.53,141.53,61,20,61.0,479.91,0
16369.0,62,4,1111.15,277.7875,237,36,59.25,1543.33,0
16371.0,74,1,157.2,157.2,74,11,74.0,0.0,1
16372.0,35,3,904.58,301.5266666666667,233,202,77.66666666666667,355.73,0
16373.0,8,2,309.49,154.745,37,25,18.5,0.0,1
16374.0,28,3,1250.77,416.92333333333335,214,209,71.33333333333333,458.78000000000003,0
16375.0,96,2,104.0,52.0,96,11,48.0,0.0,1
16377.0,243,1,632.28,632.28,243,5,243.0,676.2,0
16381.0,21,2,247.85,123.925,44,60,22.0,0.0,1
16382.0,34,2,353.1,176.55,176,42,88.0,0.0,1
16383.0,22,5,2185.18,437.03599999999994,299,193,59.8,643.76,0
16384.0,55,2,774.4499999999999,387.22499999999997,216,48,108.0,584.5,0
16385.0,15,2,326.49,163.245,257,52,128.5,554.86,0
16386.0,13,1,765.59,765.59,13,54,13.0,302.57,0
16387.0,21,4,788.1,197.025,264,68,66.0,94.36,0
16388.0,279,1,186.05,186.05,279,13,279.0,0.0,1
16390.0,162,3,467.5,155.83333333333334,305,16,101.66666666666667,0.0,1
16391.0,26,4,1048.86,262.215,187,260,46.75,0.0,1
16392.0,39,2,537.56,268.78,187,91,93.5,217.89,0
16393.0,0,10,2225.31,222.531,364,247,36.4,2967.3,0
16395.0,19,9,2008.6,223.17777777777778,359,317,39.888888888888886,1482.06,0
16396.0,102,1,110.5,110.5,102,7,102.0,0.0,1
16397.0,254,1,123.13,123.13,254,9,254.0,0.0,1
16399.0,15,1,222.20000000000002,222.20000000000002,15,37,15.0,406.21999999999997,0
16400.0,21,8,2755.92,344.49,357,187,44.625,303.93,0
16401.0,5,10,2563.35,256.335,181,70,18.1,4067.14,0
16406.0,76,2,374.01,187.005,279,85,139.5,154.35,0
16407.0,15,4,681.97,170.4925,58,43,14.5,2079.68,0
16408.0,217,1,231.93,231.93,217,45,217.0,0.0,1
16409.0,6,7,3629.76,518.5371428571428,352,277,50.285714285714285,2022.98,0
16410.0,360,1,130.32,130.32,360,5,360.0,0.0,1
16411.0,9,2,544.6899999999999,272.34499999999997,54,112,27.0,211.7,0
16412.0,19,4,457.2,114.3,299,72,74.75,135.99,0
16413.0,1,1,259.83,259.83,1,32,1.0,262.2,0
16414.0,57,3,424.96000000000004,141.65333333333334,320,54,106.66666666666667,126.25,0
16415.0,209,2,496.49,248.245,302,78,151.0,200.27,0
16416.0,16,6,1906.48,317.74666666666667,280,92,46.666666666666664,1031.4,0
16417.0,118,1,35.7,35.7,118,1,118.0,0.0,1
16418.0,34,2,397.62,198.81,48,55,24.0,631.12,0
16419.0,203,2,504.99,252.495,294,34,147.0,945.96,0
16420.0,22,1,75.0,75.0,22,2,22.0,0.0,1
16421.0,2,3,526.27,175.42333333333332,95,35,31.666666666666668,0.0,1
16422.0,2,55,25622.97,465.87218181818184,322,91,5.8545454545454545,34468.1,0
16424.0,8,1,258.5,258.5,8,7,8.0,133.56,0
16428.0,39,3,638.49,212.83,123,121,41.0,0.0,1
16430.0,7,5,802.09,160.418,307,16,61.4,300.85,0
16433.0,34,1,200.26,200.26,34,17,34.0,184.26,0
16434.0,72,5,1147.19,229.43800000000002,317,55,63.4,1511.8,0
16435.0,138,3,1003.0699999999999,334.3566666666666,140,119,46.666666666666664,0.0,1
16436.0,294,3,319.14,106.38,359,37,119.66666666666667,0.0,1
16437.0,7,2,301.25,150.625,55,17,27.5,0.0,1
16439.0,348,1,310.70000000000005,310.70000000000005,348,9,348.0,0.0,1
16440.0,119,1,216.3,216.3,119,25,119.0,3640.67,0
16441.0,43,3,631.98,210.66,253,54,84.33333333333333,381.2,0
16442.0,230,2,282.68,141.34,352,74,176.0,609.3,0
16443.0,146,1,162.24,162.24,146,1,146.0,0.0,1
16444.0,16,13,2903.96,223.38153846153847,251,159,19.307692307692307,654.67,0
16445.0,12,3,352.65,117.55,37,93,12.333333333333334,230.51,0
16447.0,216,2,471.19,235.595,286,27,143.0,255.91,0
16448.0,97,1,178.13,178.13,97,31,97.0,182.99,0
16450.0,210,2,1193.81,596.905,282,27,141.0,311.92,0
16451.0,187,2,742.4300000000001,371.21500000000003,361,50,180.5,266.97,0
16452.0,256,2,332.17,166.085,319,14,159.5,0.0,1
16453.0,156,2,251.71,125.855,174,15,87.0,0.0,1
16454.0,237,1,1.55,1.55,237,1,237.0,5.9,0
16455.0,2,4,2076.7400000000002,519.1850000000001,245,76,61.25,1841.18,0
16456.0,34,8,3842.7599999999998,480.34499999999997,246,187,30.75,2158.18,0
16458.0,1,12,2208.15,184.01250000000002,188,66,15.666666666666666,3482.7400000000002,0
16459.0,355,1,71.78999999999999,71.78999999999999,355,5,355.0,0.0,1
16461.0,216,2,1396.91,698.455,272,195,136.0,142.92,0
16465.0,46,2,729.24,364.62,70,45,35.0,0.0,1
16466.0,9,8,2046.13,255.76625,268,133,33.5,1595.96,0
16467.0,134,7,2862.4,408.9142857142857,363,14,51.857142857142854,0.0,1
16468.0,96,2,712.62,356.31,107,37,53.5,74.9,0
16469.0,140,1,178.48000000000002,178.48000000000002,140,23,140.0,625.42,0
16470.0,22,7,1659.13,237.01857142857145,354,211,50.57142857142857,752.77,0
16471.0,19,3,962.23,320.74333333333334,278,40,92.66666666666667,223.95000000000002,0
16472.0,60,2,789.6,394.8,223,39,111.5,0.0,1
16473.0,0,1,154.72,154.72,0,10,0.0,314.86,0
16476.0,57,1,337.0,337.0,57,24,57.0,0.0,1
16477.0,21,4,1599.91,399.9775,110,87,27.5,2494.46,0
16481.0,308,1,430.93,430.93,308,15,308.0,0.0,1
16485.0,58,4,1805.04,451.26,359,91,89.75,363.65,0
16486.0,163,1,134.36,134.36,163,7,163.0,0.0,1
16487.0,203,2,209.4,104.7,285,28,142.5,0.0,1
16489.0,6,2,303.7,151.85,62,4,31.0,0.0,1
16490.0,62,1,179.16000000000003,179.16000000000003,62,12,62.0,0.0,1
16491.0,39,1,792.81,792.81,39,48,39.0,731.5,0
16492.0,166,1,385.56,385.56,166,23,166.0,0.0,1
16493.0,70,3,780.46,260.15333333333336,249,50,83.0,1329.66,0
16496.0,57,3,731.25,243.75,135,42,45.0,1562.22,0
16497.0,39,17,3729.59,219.38764705882355,362,147,21.294117647058822,2965.69,0
16499.0,0,6,2169.69,361.615,172,99,28.666666666666668,339.95,0
16500.0,0,3,435.09999999999997,145.03333333333333,169,19,56.333333333333336,400.86,0
16501.0,9,1,1191.23,1191.23,9,181,9.0,0.0,1
16502.0,246,2,258.55,129.275,246,41,123.0,0.0,1
16503.0,21,7,2176.46,310.92285714285714,162,113,23.142857142857142,1421.43,0
16507.0,198,1,142.71,142.71,198,37,198.0,0.0,1
16508.0,256,1,240.95,240.95,256,42,256.0,0.0,1
16510.0,93,5,1509.15,301.83000000000004,317,84,63.4,248.1,0
16511.0,23,3,842.16,280.71999999999997,274,123,91.33333333333333,916.33,0
16515.0,5,5,1554.92,310.98400000000004,166,106,33.2,1624.14,0
16518.0,47,2,457.35,228.675,182,27,91.0,480.92,0
16519.0,111,2,223.98,111.99,274,20,137.0,212.98,0
16520.0,50,3,1101.81,367.27,273,166,91.0,1036.6200000000001,0
16521.0,41,3,1136.36,378.78666666666663,274,211,91.33333333333333,0.0,1
16522.0,61,2,433.36,216.68,76,16,38.0,0.0,1
16523.0,41,7,2466.52,352.36,310,61,44.285714285714285,9295.67,0
16524.0,72,2,306.19,153.095,317,50,158.5,0.0,1
16525.0,0,22,11027.26,501.2390909090909,363,84,16.5,11895.57,0
16526.0,210,1,426.85,426.85,210,20,210.0,290.36,0
16527.0,50,1,1004.88,1004.88,50,58,50.0,228.06,0
16529.0,103,3,1531.55,510.51666666666665,156,72,52.0,455.25,0
16530.0,294,1,48.349999999999994,48.349999999999994,294,3,294.0,0.0,1
16531.0,7,4,1018.99,254.7475,67,55,16.75,1244.59,0
16532.0,57,2,2007.84,1003.92,246,1,123.0,6748.8,0
16534.0,268,1,635.9,635.9,268,36,268.0,0.0,1
16535.0,11,1,358.28999999999996,358.28999999999996,11,35,11.0,593.75,0
16537.0,267,1,10.55,10.55,267,2,267.0,0.0,1
16538.0,167,3,395.07,131.69,221,35,73.66666666666667,0.0,1
16539.0,30,6,1900.8500000000001,316.80833333333334,158,57,26.333333333333332,1388.81,0
16540.0,40,1,205.75,205.75,40,25,40.0,0.0,1
16541.0,361,1,424.03,424.03,361,38,361.0,0.0,1
16542.0,27,1,137.7,137.7,27,9,27.0,119.62,0
16543.0,217,1,277.80999999999995,277.80999999999995,217,17,217.0,0.0,1
16544.0,145,1,110.3,110.3,145,6,145.0,0.0,1
16545.0,1,1,350.52,350.52,1,5,1.0,339.3,0
16546.0,26,3,3960.59,1320.1966666666667,68,50,22.666666666666668,787.15,0
16547.0,172,1,104.25999999999999,104.25999999999999,172,25,172.0,0.0,1
16548.0,225,1,30.15,30.15,225,6,225.0,0.0,1
16549.0,23,24,8734.55,363.9395833333333,247,646,10.291666666666666,4034.9,0
16550.0,40,13,6271.54,482.42615384615385,363,193,27.923076923076923,2279.87,0
16551.0,49,4,1315.0,328.75,352,44,88.0,922.12,0
16553.0,22,21,10831.3,515.7761904761904,292,149,13.904761904761905,5668.82,0
16554.0,12,5,1760.52,352.104,350,75,70.0,648.35,0
16556.0,1,10,4345.99,434.599,358,181,35.8,3313.79,0
16558.0,5,18,4892.52,271.8066666666667,362,181,20.11111111111111,8257.04,0
16559.0,23,1,175.0,175.0,23,17,23.0,0.0,1
16560.0,23,6,2194.2200000000003,365.7033333333334,357,101,59.5,816.51,0
16562.0,102,1,223.85999999999999,223.85999999999999,102,34,102.0,0.0,1
16563.0,26,5,3324.62,664.924,364,46,72.8,1077.74,0
16564.0,195,1,87.8,87.8,195,5,195.0,0.0,1
16565.0,32,3,526.75,175.58333333333334,181,5,60.333333333333336,173.7,0
16568.0,53,2,1020.9000000000001,510.45000000000005,267,5,133.5,0.0,1
16569.0,257,4,1331.03,332.7575,349,23,87.25,124.2,0
16570.0,5,10,3252.01,325.201,245,65,24.5,3668.1,0
16571.0,21,7,2739.83,391.4042857142857,257,102,36.714285714285715,1285.22,0
16574.0,49,2,850.34,425.17,284,58,142.0,451.44,0
16576.0,46,2,513.1700000000001,256.58500000000004,147,31,73.5,0.0,1
16577.0,292,1,380.0,380.0,292,23,292.0,0.0,1
16578.0,252,1,156.6,156.6,252,9,252.0,0.0,1
16579.0,51,1,264.45,264.45,51,13,51.0,0.0,1
16583.0,299,1,64.5,64.5,299,4,299.0,233.45,0
16584.0,58,3,2169.94,723.3133333333334,287,46,95.66666666666667,908.03,0
16585.0,219,2,341.59,170.795,321,16,160.5,0.0,1
16586.0,70,2,998.83,499.415,261,19,130.5,463.95,0
16588.0,12,4,1361.28,340.32,200,64,50.0,0.0,1
16589.0,76,1,153.12,153.12,76,11,76.0,459.24,0
16590.0,26,2,572.0,286.0,40,26,20.0,0.0,1
16592.0,1,12,3551.18,295.9316666666667,347,123,28.916666666666668,4073.28,0
16593.0,16,5,721.21,144.24200000000002,360,40,72.0,330.03,0
16595.0,2,4,1397.59,349.3975,317,286,79.25,360.16,0
16596.0,315,2,208.83,104.415,355,12,177.5,250.15,0
16599.0,11,1,172.8,172.8,11,12,11.0,0.0,1
16600.0,0,7,1280.04,182.86285714285714,347,60,49.57142857142857,813.52,0
16601.0,16,2,434.3,217.15,249,38,124.5,241.53,0
16602.0,14,1,217.4,217.4,14,11,14.0,497.37,0
16604.0,188,2,326.25,163.125,194,7,97.0,0.0,1
16605.0,350,1,60.48,60.48,350,1,350.0,0.0,1
16606.0,30,2,357.66,178.83,60,16,30.0,0.0,1
16607.0,25,11,2336.5099999999998,212.40999999999997,215,99,19.545454545454547,3038.67,0
16608.0,79,2,1286.6200000000001,643.3100000000001,289,94,144.5,0.0,1
16611.0,29,5,1647.14,329.428,265,79,53.0,129.49,0
16612.0,5,5,2055.82,411.16400000000004,362,71,72.4,1187.66,0
16614.0,28,2,673.6,336.8,204,20,102.0,506.19,0
16615.0,252,1,264.5,264.5,252,18,252.0,0.0,1
16619.0,9,3,1712.1200000000001,570.7066666666667,281,93,93.66666666666667,204.41,0
16620.0,15,4,1579.97,394.9925,364,70,91.0,178.96,0
16622.0,169,1,205.6,205.6,169,12,169.0,0.0,1
16623.0,27,3,873.04,291.0133333333333,218,39,72.66666666666667,129.45,0
16625.0,48,4,1318.0,329.5,169,69,42.25,333.08,0
16628.0,33,2,130.05,65.025,267,8,133.5,2183.04,0
16630.0,33,1,106.80000000000001,106.80000000000001,33,4,33.0,0.0,1
16631.0,107,7,1867.02,266.71714285714285,277,45,39.57142857142857,0.0,1
16632.0,111,2,406.4,203.2,207,22,103.5,0.0,1
16634.0,13,3,980.4,326.8,246,46,82.0,217.9,0
16635.0,32,1,473.0,473.0,32,25,32.0,0.0,1
16636.0,64,4,3802.04,950.51,272,62,68.0,0.0,1
16638.0,33,5,699.4100000000001,139.882,104,43,20.8,1676.47,0
16639.0,35,1,490.47,490.47,35,31,35.0,1169.38,0
16640.0,23,1,179.4,179.4,23,13,23.0,0.0,1
16641.0,327,1,323.40000000000003,323.40000000000003,327,24,327.0,231.10000000000002,0
16642.0,41,1,371.63,371.63,41,20,41.0,679.83,0
16643.0,48,1,428.05,428.05,48,28,48.0,487.51,0
16645.0,361,1,160.39,160.39,361,14,361.0,0.0,1
16646.0,75,1,675.05,675.05,75,29,75.0,0.0,1
16647.0,68,2,327.84,163.92,170,16,85.0,214.06,0
16648.0,81,2,382.14,191.07,216,18,108.0,270.86,0
16649.0,146,1,306.58000000000004,306.58000000000004,146,20,146.0,0.0,1
16650.0,46,6,1397.69,232.94833333333335,145,53,24.166666666666668,518.42,0
16651.0,212,1,136.2,136.2,212,6,212.0,0.0,1
16652.0,30,9,10658.42,1184.2688888888888,258,101,28.666666666666668,6657.82,0
16654.0,62,4,882.8000000000001,220.70000000000002,238,42,59.5,594.97,0
16655.0,37,7,2633.74,376.2485714285714,303,240,43.285714285714285,3789.52,0
16656.0,46,14,7757.280000000001,554.0914285714287,361,16,25.785714285714285,8568.24,0
16658.0,62,4,440.24,110.06,245,37,61.25,123.24,0
16660.0,48,3,611.9000000000001,203.9666666666667,320,5,106.66666666666667,810.45,0
16661.0,166,4,796.21,199.0525,348,38,87.0,0.0,1
16662.0,20,1,151.05,151.05,20,28,20.0,0.0,1
16663.0,355,1,165.0,165.0,355,1,355.0,0.0,1
16664.0,195,1,109.2,109.2,195,8,195.0,0.0,1
16666.0,247,1,98.73,98.73,247,15,247.0,118.98,0
16668.0,13,7,555.7,79.38571428571429,257,23,36.714285714285715,306.71999999999997,0
16670.0,19,9,3810.7000000000003,423.41111111111115,355,143,39.44444444444444,4022.46,0
16673.0,305,1,171.13,171.13,305,19,305.0,0.0,1
16675.0,67,2,608.86,304.43,104,21,52.0,0.0,1
16676.0,28,2,769.78,384.89,44,43,22.0,1558.72,0
16677.0,37,2,849.77,424.885,278,45,139.0,0.0,1
16679.0,20,2,533.56,266.78,173,13,86.5,129.75,0
16680.0,154,2,637.75,318.875,160,16,80.0,183.7,0
16681.0,267,1,151.5,151.5,267,5,267.0,1770.34,0
16683.0,159,1,309.35,309.35,159,18,159.0,0.0,1
16684.0,5,26,75604.12,2907.850769230769,358,112,13.76923076923077,65920.12,0
16686.0,15,9,1906.34,211.81555555555553,359,273,39.888888888888886,2955.38,0
16687.0,16,1,157.63,157.63,16,8,16.0,0.0,1
16690.0,19,2,127.45,63.725,77,5,38.5,208.63,0
16691.0,44,2,178.83,89.415,187,11,93.5,0.0,1
16692.0,34,2,638.6999999999999,319.34999999999997,67,1,33.5,1126.0,0
16693.0,37,3,701.62,233.87333333333333,282,98,94.0,477.86,0
16694.0,349,1,98.30000000000001,98.30000000000001,349,3,349.0,0.0,1
16695.0,187,2,191.9,95.95,187,30,93.5,0.0,1
16699.0,6,7,964.9,137.84285714285713,361,51,51.57142857142857,0.0,1
16700.0,15,12,3703.52,308.62666666666667,363,127,30.25,5051.35,0
16701.0,49,13,4466.42,343.57076923076926,364,95,28.0,5150.2699999999995,0
16702.0,41,4,1099.58,274.895,358,83,89.5,0.0,1
16704.0,244,2,664.16,332.08,298,50,149.0,0.0,1
16705.0,26,22,28707.010000000002,1304.864090909091,356,308,16.181818181818183,13953.970000000001,0
16707.0,26,4,533.41,133.3525,266,64,66.5,0.0,1
16709.0,5,9,6026.14,669.5711111111111,356,182,39.55555555555556,3029.87,0
16710.0,9,12,3440.61,286.71750000000003,361,364,30.083333333333332,2467.99,0
16711.0,5,4,1100.45,275.1125,363,10,90.75,1651.03,0
16712.0,27,2,621.5600000000001,310.78000000000003,27,69,13.5,3603.66,0
16713.0,33,17,7107.53,418.09,350,345,20.58823529411765,6835.83,0
16714.0,296,1,353.27,353.27,296,22,296.0,864.06,0
16715.0,188,1,323.8,323.8,188,9,188.0,301.71999999999997,0
16716.0,256,1,1248.48,1248.48,256,6,256.0,319.8,0
16717.0,6,8,2738.05,342.25625,358,131,44.75,3273.26,0
16718.0,215,4,2400.03,600.0075,359,82,89.75,606.0500000000001,0
16719.0,16,7,1606.4,229.4857142857143,352,140,50.285714285714285,1757.47,0
16720.0,2,2,403.74,201.87,348,105,174.0,152.95,0
16722.0,14,9,3457.1,384.1222222222222,362,93,40.22222222222222,4711.21,0
16723.0,69,2,654.96,327.48,361,72,180.5,576.4,0
16724.0,30,1,147.35,147.35,30,17,30.0,0.0,1
16725.0,8,7,924.54,132.07714285714286,352,156,50.285714285714285,750.87,0
16726.0,9,2,705.14,352.57,37,68,18.5,1358.74,0
16727.0,18,3,1121.45,373.81666666666666,314,132,104.66666666666667,256.32,0
16731.0,274,1,170.3,170.3,274,40,274.0,0.0,1
16732.0,29,3,3675.7400000000002,1225.2466666666667,357,175,119.0,603.75,0
16733.0,155,1,259.68,259.68,155,12,155.0,0.0,1
16735.0,19,8,3470.8,433.85,357,115,44.625,2216.06,0
16736.0,131,5,2904.51,580.902,362,115,72.4,0.0,1
16737.0,203,1,417.59999999999997,417.59999999999997,203,1,203.0,417.59999999999997,0
16739.0,162,1,459.68,459.68,162,25,162.0,312.54999999999995,0
16740.0,21,1,226.91,226.91,21,30,21.0,0.0,1
16741.0,251,1,173.06,173.06,251,11,251.0,0.0,1
16742.0,118,13,2334.97,179.6130769230769,349,50,26.846153846153847,0.0,1
16743.0,82,7,1999.02,285.57428571428574,222,71,31.714285714285715,2166.88,0
16746.0,9,24,11333.74,472.2391666666667,361,249,15.041666666666666,6676.76,0
16748.0,14,9,2116.39,235.15444444444444,355,39,39.44444444444444,1515.9,0
16749.0,217,2,4157.88,2078.94,350,53,175.0,0.0,1
16754.0,26,26,52639.299999999996,2024.5884615384614,267,38,10.26923076923077,2002.4,0
16755.0,93,4,1380.3500000000001,345.08750000000003,356,125,89.0,1465.78,0
16756.0,30,6,1061.07,176.845,266,53,44.333333333333336,239.4,0
16757.0,35,1,163.65,163.65,35,8,35.0,106.83000000000001,0
16760.0,56,1,228.0,228.0,56,17,56.0,0.0,1
16763.0,364,1,352.85,352.85,364,21,364.0,594.9,0
16765.0,8,1,420.75,420.75,8,51,8.0,34.0,0
16767.0,44,4,2374.85,593.7125,216,73,54.0,5575.56,0
16768.0,9,6,1182.43,197.0716666666667,358,70,59.666666666666664,458.04,0
16769.0,104,3,755.51,251.83666666666667,351,54,117.0,361.54,0
16770.0,13,4,1014.93,253.7325,100,132,25.0,731.9,0
16771.0,83,5,1690.49,338.098,356,137,71.2,2230.61,0
16772.0,49,3,2773.6,924.5333333333333,347,52,115.66666666666667,0.0,1
16773.0,62,2,249.65,124.825,359,34,179.5,171.59,0
16774.0,49,4,905.96,226.49,287,60,71.75,654.92,0
16775.0,7,5,1047.73,209.546,68,73,13.6,1691.51,0
16776.0,41,1,220.97,220.97,41,48,41.0,371.54,0
16777.0,39,3,1038.81,346.27,258,84,86.0,222.62,0
16779.0,4,31,22099.33,712.8816129032259,362,241,11.67741935483871,10436.050000000001,0
16780.0,33,1,174.16,174.16,33,37,33.0,422.24,0
16781.0,295,1,311.75,311.75,295,22,295.0,294.65,0
16782.0,0,25,7316.37,292.6548,356,551,14.24,2236.25,0
16783.0,62,1,391.95,391.95,62,25,62.0,0.0,1
16784.0,2,4,784.73,196.1825,247,137,61.75,107.6,0
16785.0,35,1,533.78,533.78,35,35,35.0,0.0,1
16786.0,19,1,51.839999999999996,51.839999999999996,19,1,19.0,0.0,1
16787.0,23,4,1017.53,254.3825,324,102,81.0,0.0,1
16788.0,30,3,1334.54,444.84666666666664,296,261,98.66666666666667,592.74,0
16791.0,9,8,2177.33,272.16625,362,238,45.25,1677.53,0
16792.0,9,3,513.08,171.02666666666667,330,83,110.0,110.38000000000001,0
16794.0,6,5,856.1999999999999,171.23999999999998,250,151,50.0,1177.53,0
16795.0,42,2,1633.63,816.815,309,253,154.5,414.88,0
16797.0,19,5,1786.42,357.284,363,289,72.6,0.0,1
16798.0,180,3,832.21,277.40333333333336,355,141,118.33333333333333,0.0,1
16799.0,58,2,447.83,223.915,79,81,39.5,0.0,1
16802.0,305,2,582.61,291.305,356,48,178.0,0.0,1
16805.0,203,2,615.75,307.875,351,138,175.5,460.59,0
16807.0,96,3,1002.29,334.09666666666664,249,62,83.0,1121.59,0
16809.0,58,4,810.79,202.6975,231,68,57.75,914.69,0
16810.0,46,1,476.6,476.6,46,18,46.0,309.54,0
16812.0,4,3,1737.45,579.15,8,89,2.6666666666666665,479.35,0
16814.0,11,15,5508.15,367.21,233,174,15.533333333333333,6398.3,0
16815.0,79,2,406.02,203.01,162,66,81.0,0.0,1
16817.0,0,4,903.4,225.85,57,43,14.25,1492.8500000000001,0
16819.0,91,2,182.59,91.295,91,17,45.5,0.0,1
16821.0,7,1,113.35,113.35,7,7,7.0,0.0,1
16822.0,312,1,157.59,157.59,312,10,312.0,0.0,1
16823.0,13,6,1877.76,312.96,363,118,60.5,358.38,0
16824.0,19,1,225.6,225.6,19,13,19.0,460.64,0
16825.0,4,3,1051.71,350.57,160,32,53.333333333333336,775.1800000000001,0
16827.0,19,5,387.18,77.436,215,9,43.0,0.0,1
16829.0,14,1,316.1,316.1,14,16,14.0,197.22,0
16830.0,68,3,857.7900000000001,285.93,352,47,117.33333333333333,325.91,0
16831.0,190,1,91.8,91.8,190,6,190.0,0.0,1
16832.0,54,2,218.45999999999998,109.22999999999999,84,8,42.0,199.15,0
16833.0,65,2,1302.51,651.255,249,44,124.5,1106.53,0
16834.0,300,1,485.5,485.5,300,24,300.0,413.46,0
16835.0,13,4,1208.91,302.2275,195,48,48.75,180.85,0
16836.0,32,2,530.5,265.25,200,31,100.0,251.87,0
16838.0,156,2,570.76,285.38,289,31,144.5,582.9,0
16839.0,6,10,4919.7,491.96999999999997,292,47,29.2,15517.16,0
16840.0,229,2,139.85,69.925,300,9,150.0,0.0,1
16841.0,54,6,2052.09,342.01500000000004,322,91,53.666666666666664,1774.62,0
16843.0,48,18,9351.46,519.5255555555555,355,138,19.72222222222222,10183.82,0
16844.0,188,2,614.34,307.17,208,26,104.0,0.0,1
16845.0,244,1,253.88,253.88,244,20,244.0,0.0,1
16846.0,203,2,628.09,314.045,265,36,132.5,214.32,0
16847.0,244,1,421.45000000000005,421.45000000000005,244,25,244.0,193.44,0
16848.0,2,3,1130.2,376.73333333333335,58,64,19.333333333333332,281.42,0
16854.0,43,2,1408.96,704.48,266,72,133.0,0.0,1
16856.0,43,2,323.09000000000003,161.54500000000002,68,15,34.0,35.400000000000006,0
16857.0,68,1,352.8,352.8,68,11,68.0,0.0,1
16858.0,32,9,3820.9,424.5444444444445,350,74,38.888888888888886,346.61,0
16859.0,42,5,1184.6,236.92,271,46,54.2,473.14,0
16860.0,78,3,1593.67,531.2233333333334,288,35,96.0,0.0,1
16861.0,16,3,755.13,251.71,134,37,44.666666666666664,173.76,0
16862.0,173,4,662.33,165.5825,327,34,81.75,0.0,1
16863.0,35,1,331.47,331.47,35,21,35.0,481.35,0
16864.0,60,2,409.25,204.625,224,17,112.0,0.0,1
16865.0,27,1,130.95,130.95,27,15,27.0,0.0,1
16867.0,315,1,76.74000000000001,76.74000000000001,315,6,315.0,0.0,1
16868.0,20,3,384.56,128.18666666666667,219,47,73.0,0.0,1
16870.0,95,1,450.15999999999997,450.15999999999997,95,28,95.0,0.0,1
16872.0,53,3,533.11,177.70333333333335,89,9,29.666666666666668,680.02,0
16873.0,55,6,7480.72,1246.7866666666666,294,118,49.0,7066.31,0
16874.0,5,1,209.89000000000001,209.89000000000001,5,31,5.0,0.0,1
16875.0,63,6,2029.73,338.28833333333336,329,87,54.833333333333336,2024.31,0
16876.0,29,1,136.01,136.01,29,32,29.0,0.0,1
16880.0,119,1,321.78,321.78,119,9,119.0,1491.43,0
16883.0,107,17,1963.6299999999999,115.50764705882352,361,130,21.235294117647058,272.48,0
16884.0,182,2,641.13,320.565,196,39,98.0,429.84000000000003,0
16885.0,11,1,232.94,232.94,11,39,11.0,450.41,0
16887.0,26,2,465.84000000000003,232.92000000000002,364,65,182.0,192.32999999999998,0
16888.0,26,3,434.2,144.73333333333332,327,44,109.0,0.0,1
16889.0,23,3,947.98,315.99333333333334,191,72,63.666666666666664,1578.67,0
16890.0,102,3,277.91,92.63666666666667,208,16,69.33333333333333,0.0,1
16891.0,104,6,985.51,164.25166666666667,361,196,60.166666666666664,742.43,0
16892.0,180,2,236.56,118.28,357,38,178.5,505.44,0
16893.0,2,1,103.54,103.54,2,40,2.0,145.93,0
16894.0,128,3,1265.26,421.75333333333333,161,180,53.666666666666664,0.0,1
16895.0,64,4,900.63,225.1575,291,82,72.75,202.27,0
16896.0,181,1,103.95,103.95,181,18,181.0,0.0,1
16898.0,41,2,384.18,192.09,202,82,101.0,501.03,0
16899.0,4,2,424.71000000000004,212.35500000000002,23,42,11.5,1271.06,0
16901.0,355,1,204.26,204.26,355,23,355.0,0.0,1
16903.0,6,2,646.25,323.125,41,106,20.5,363.2,0
16904.0,4,5,1021.61,204.322,37,178,7.4,3634.95,0
16905.0,8,10,1653.97,165.397,355,72,35.5,3020.65,0
16906.0,54,3,850.48,283.49333333333334,201,115,67.0,559.59,0
16907.0,12,4,542.13,135.5325,152,48,38.0,928.76,0
16908.0,348,1,153.59,153.59,348,20,348.0,0.0,1
16911.0,261,2,251.35000000000002,125.67500000000001,287,28,143.5,0.0,1
16912.0,47,4,1904.93,476.2325,356,63,89.0,2515.93,0
16913.0,277,2,310.46999999999997,155.23499999999999,277,10,138.5,113.44,0
16915.0,12,5,921.5,184.3,195,11,39.0,621.6800000000001,0
16916.0,29,2,333.71,166.855,41,56,20.5,562.41,0
16917.0,258,1,1460.3600000000001,1460.3600000000001,258,37,258.0,391.52,0
16918.0,48,10,2089.62,208.962,362,217,36.2,1045.42,0
16919.0,15,13,2245.31,172.71615384615384,103,130,7.923076923076923,2592.25,0
16920.0,37,1,355.45,355.45,37,23,37.0,0.0,1
16921.0,68,2,255.03,127.515,226,28,113.0,154.18,0
16922.0,198,1,611.08,611.08,198,122,198.0,0.0,1
16923.0,1,13,5840.6,449.2769230769231,303,227,23.307692307692307,6731.55,0
16925.0,166,1,125.65,125.65,166,18,166.0,0.0,1
16926.0,82,4,928.41,232.1025,152,57,38.0,230.25,0
16928.0,2,9,903.28,100.36444444444444,300,79,33.333333333333336,2805.5,0
16931.0,6,2,477.35,238.675,23,53,11.5,4554.87,0
16932.0,49,2,262.32,131.16,197,77,98.5,150.23000000000002,0
16933.0,15,7,2487.07,355.2957142857143,356,182,50.857142857142854,550.33,0
16934.0,9,4,1131.8600000000001,282.96500000000003,247,74,61.75,931.03,0
16935.0,7,3,530.86,176.95333333333335,47,55,15.666666666666666,0.0,1
16936.0,11,1,286.39,286.39,11,81,11.0,261.9,0
16937.0,125,1,196.25,196.25,125,49,125.0,0.0,1
16938.0,7,5,4283.68,856.7360000000001,286,426,57.2,1878.43,0
16939.0,114,3,433.85,144.61666666666667,275,38,91.66666666666667,0.0,1
16940.0,76,5,3279.08,655.816,357,218,71.4,3049.88,0
16941.0,237,1,33.0,33.0,237,2,237.0,0.0,1
16944.0,235,1,101.36,101.36,235,7,235.0,0.0,1
16945.0,19,14,4185.16,298.94,356,158,25.428571428571427,4345.5,0
16946.0,9,5,1199.54,239.908,273,68,54.6,0.0,1
16947.0,187,2,499.83,249.915,272,28,136.0,406.48,0
16948.0,55,4,433.75,108.4375,282,15,70.5,435.02,0
16950.0,16,7,2304.45,329.20714285714286,310,79,44.285714285714285,1178.56,0
16952.0,67,3,628.22,209.40666666666667,354,61,118.0,167.61,0
16954.0,5,11,3952.25,359.29545454545456,316,71,28.727272727272727,2085.08,0
16955.0,180,2,601.64,300.82,303,21,151.5,493.67,0
16958.0,61,1,778.49,778.49,61,69,61.0,0.0,1
16960.0,16,5,1462.38,292.476,273,267,54.6,505.1,0
16961.0,14,2,541.79,270.895,158,37,79.0,234.17,0
16962.0,35,1,251.04,251.04,35,15,35.0,0.0,1
16964.0,359,2,207.85,103.925,359,6,179.5,0.0,1
16970.0,252,1,71.4,71.4,252,2,252.0,0.0,1
16972.0,8,2,749.0,374.5,82,54,41.0,0.0,1
16973.0,12,1,127.0,127.0,12,6,12.0,0.0,1
16974.0,148,2,365.5,182.75,190,5,95.0,0.0,1
16975.0,49,3,902.4200000000001,300.8066666666667,131,43,43.666666666666664,0.0,1
16977.0,21,4,496.0,124.0,257,25,64.25,0.0,1
16978.0,292,2,424.55,212.275,292,28,146.0,344.33,0
16979.0,9,3,978.04,326.0133333333333,76,30,25.333333333333332,1809.05,0
16980.0,54,1,394.37,394.37,54,25,54.0,1028.46,0
16983.0,2,4,1584.66,396.165,72,63,18.0,1894.82,0
16984.0,30,7,5839.9800000000005,834.2828571428572,268,473,38.285714285714285,4373.54,0
16985.0,2,13,5084.14,391.08769230769235,355,86,27.307692307692307,5461.62,0
16986.0,71,9,3015.55,335.06111111111113,299,64,33.22222222222222,1873.2,0
16987.0,2,4,870.75,217.6875,363,104,90.75,1616.8,0
16988.0,5,1,256.55,256.55,5,13,5.0,126.12,0
16990.0,48,1,165.0,165.0,48,1,48.0,179.0,0
16991.0,47,1,1041.21,1041.21,47,74,47.0,0.0,1
16992.0,13,8,3845.79,480.72375,292,154,36.5,1614.31,0
16993.0,89,2,1688.15,844.075,202,18,101.0,0.0,1
16996.0,8,3,607.85,202.61666666666667,43,28,14.333333333333334,1436.3100000000002,0
16998.0,70,1,107.0,107.0,70,2,70.0,287.5,0
17000.0,22,2,406.3,203.15,34,26,17.0,0.0,1
17001.0,2,8,2651.23,331.40375,250,60,31.25,3989.57,0
17002.0,69,4,1077.82,269.455,267,32,66.75,1487.78,0
17003.0,28,4,828.21,207.0525,204,90,51.0,0.0,1
17004.0,18,2,1012.22,506.11,50,21,25.0,1312.1399999999999,0
17005.0,96,2,622.36,311.18,214,14,107.0,0.0,1
17006.0,18,4,853.49,213.3725,270,77,67.5,781.78,0
17007.0,63,1,230.17000000000002,230.17000000000002,63,15,63.0,877.4300000000001,0
17008.0,55,1,81.36,81.36,55,1,55.0,0.0,1
17009.0,177,1,242.06,242.06,177,10,177.0,0.0,1
17011.0,273,2,265.8,132.9,277,12,138.5,270.9,0
17012.0,351,1,360.61,360.61,351,34,351.0,0.0,1
17016.0,202,1,552.4,552.4,202,41,202.0,0.0,1
17017.0,6,9,3851.45,427.93888888888887,362,71,40.22222222222222,8572.61,0
17018.0,13,4,1367.6,341.9,360,16,90.0,920.1,0
17019.0,1,7,2269.91,324.2728571428571,363,262,51.857142857142854,1258.08,0
17020.0,168,2,935.62,467.81,272,64,136.0,0.0,1
17021.0,68,6,1182.22,197.03666666666666,215,35,35.833333333333336,0.0,1
17022.0,58,1,189.0,189.0,58,9,58.0,71.0,0
17023.0,43,3,800.18,266.72666666666663,323,48,107.66666666666667,0.0,1
17025.0,36,2,991.9,495.95,267,28,133.5,357.77,0
17026.0,43,1,21.0,21.0,43,1,43.0,154.82999999999998,0
17027.0,72,3,433.07,144.35666666666665,355,29,118.33333333333333,835.86,0
17028.0,207,3,1593.83,531.2766666666666,347,85,115.66666666666667,0.0,1
17029.0,8,5,1421.3,284.26,289,19,57.8,716.0,0
17031.0,4,4,2393.5,598.375,207,22,51.75,380.35,0
17032.0,229,5,2816.69,563.338,355,179,71.0,0.0,1
17033.0,23,1,302.65000000000003,302.65000000000003,23,12,23.0,1030.14,0
17034.0,35,2,497.25,248.625,139,25,69.5,734.5699999999999,0
17035.0,217,2,180.06,90.03,362,4,181.0,388.33,0
17036.0,9,1,176.9,176.9,9,12,9.0,0.0,1
17038.0,41,1,630.77,630.77,41,41,41.0,112.4,0
17039.0,230,1,1954.99,1954.99,230,44,230.0,0.0,1
17040.0,176,1,13.52,13.52,176,1,176.0,449.73,0
17041.0,23,3,583.71,194.57000000000002,226,48,75.33333333333333,1055.69,0
17043.0,1,4,858.47,214.6175,356,87,89.0,1735.18,0
17044.0,0,11,10943.87,994.8972727272728,358,91,32.54545454545455,932.53,0
17045.0,2,2,488.24,244.12,55,28,27.5,339.44,0
17046.0,70,4,1264.05,316.0125,246,57,61.5,642.02,0
17047.0,57,3,1188.33,396.10999999999996,357,71,119.0,1100.9,0
17048.0,63,4,1111.53,277.8825,316,51,79.0,864.32,0
17049.0,1,10,4161.0,416.1,271,155,27.1,5589.83,0
17050.0,1,4,1162.82,290.705,308,26,77.0,3185.64,0
17051.0,72,3,465.6,155.20000000000002,254,92,84.66666666666667,240.89000000000001,0
17055.0,71,1,232.85,232.85,71,24,71.0,0.0,1
17056.0,364,1,128.60000000000002,128.60000000000002,364,8,364.0,0.0,1
17057.0,222,1,288.79,288.79,222,47,222.0,0.0,1
17059.0,125,4,1766.48,441.62,308,131,77.0,3080.39,0
17062.0,23,2,352.52,176.26,65,48,32.5,528.29,0
17063.0,33,6,2154.9900000000002,359.165,364,100,60.666666666666664,1421.79,0
17065.0,263,2,194.7,97.35,263,6,131.5,0.0,1
17066.0,352,1,228.34,228.34,352,17,352.0,0.0,1
17067.0,350,3,454.54,151.51333333333335,357,8,119.0,0.0,1
17068.0,5,26,4420.44,170.01692307692306,247,201,9.5,4525.09,0
17069.0,6,5,2786.13,557.226,362,118,72.4,2655.2200000000003,0
17070.0,36,1,133.18,133.18,36,41,36.0,304.24,0
17071.0,7,4,1352.23,338.0575,310,57,77.5,2385.48,0
17072.0,251,1,273.35,273.35,251,20,251.0,0.0,1
17074.0,188,1,203.05,203.05,188,4,188.0,0.0,1
17075.0,55,6,1402.51,233.75166666666667,351,100,58.5,813.77,0
17076.0,18,3,401.66999999999996,133.89,361,22,120.33333333333333,841.0799999999999,0
17077.0,204,1,306.0,306.0,204,1,204.0,0.0,1
17080.0,5,5,669.91,133.982,152,19,30.4,285.5,0
17081.0,21,4,660.48,165.12,281,121,70.25,288.91,0
17082.0,20,4,2728.18,682.045,350,65,87.5,2003.85,0
17083.0,35,6,2637.25,439.5416666666667,294,26,49.0,1405.78,0
17084.0,22,1,2253.22,2253.22,22,132,22.0,2747.9900000000002,0
17085.0,2,22,6129.02,278.5918181818182,359,371,16.318181818181817,1552.45,0
17087.0,363,1,221.53,221.53,363,12,363.0,0.0,1
17089.0,12,1,128.45,128.45,12,4,12.0,0.0,1
17090.0,0,6,1014.09,169.01500000000001,134,17,22.333333333333332,1972.55,0
17091.0,26,10,3662.29,366.229,349,164,34.9,3802.81,0
17092.0,63,7,3714.58,530.6542857142857,301,191,43.0,1774.03,0
17093.0,218,1,235.88,235.88,218,13,218.0,0.0,1
17094.0,49,1,100.2,100.2,49,4,49.0,270.2,0
17095.0,56,4,1224.39,306.0975,350,54,87.5,1296.36,0
17096.0,9,7,2636.9,376.7,181,128,25.857142857142858,992.6800000000001,0
17097.0,56,1,188.94,188.94,56,56,56.0,937.92,0
17098.0,7,3,591.0699999999999,197.0233333333333,166,10,55.333333333333336,0.0,1
17099.0,159,1,582.17,582.17,159,40,159.0,0.0,1
17101.0,20,3,885.3199999999999,295.1066666666666,176,28,58.666666666666664,1621.73,0
17103.0,348,1,424.3,424.3,348,32,348.0,0.0,1
17104.0,49,1,474.03,474.03,49,19,49.0,0.0,1
17106.0,15,1,481.58,481.58,15,51,15.0,0.0,1
17107.0,23,4,5224.4800000000005,1306.1200000000001,303,196,75.75,10457.98,0
17108.0,289,1,174.95,174.95,289,9,289.0,0.0,1
17109.0,32,2,410.42,205.21,123,22,61.5,865.9300000000001,0
17110.0,146,2,336.59999999999997,168.29999999999998,236,32,118.0,163.29999999999998,0
17111.0,51,1,227.97,227.97,51,19,51.0,231.61,0
17112.0,128,1,197.57,197.57,128,44,128.0,0.0,1
17113.0,200,6,2134.01,355.66833333333335,323,117,53.833333333333336,0.0,1
17115.0,174,4,1882.09,470.5225,360,74,90.0,806.9000000000001,0
17116.0,274,1,389.78,389.78,274,47,274.0,0.0,1
17121.0,28,1,314.74,314.74,28,12,28.0,0.0,1
17122.0,14,3,432.18,144.06,125,19,41.666666666666664,138.32,0
17123.0,65,2,621.37,310.685,198,30,99.0,345.29999999999995,0
17126.0,7,4,1006.58,251.645,91,148,22.75,989.45,0
17127.0,54,5,1155.0300000000002,231.00600000000003,361,27,72.2,0.0,1
17129.0,146,1,31.85,31.85,146,2,146.0,0.0,1
17132.0,78,2,1220.9099999999999,610.4549999999999,114,62,57.0,0.0,1
17133.0,176,4,8079.85,2019.9625,254,12,63.5,4892.240000000001,0
17134.0,68,1,212.1,212.1,68,13,68.0,413.2,0
17135.0,35,3,565.73,188.57666666666668,205,74,68.33333333333333,1139.73,0
17136.0,288,1,231.68,231.68,288,14,288.0,0.0,1
17137.0,42,6,1099.81,183.30166666666665,303,125,50.5,0.0,1
17138.0,15,6,4036.77,672.795,299,217,49.833333333333336,380.5,0
17139.0,15,13,8905.04,685.003076923077,323,226,24.846153846153847,10564.62,0
17141.0,44,4,727.58,181.895,310,138,77.5,0.0,1
17142.0,30,3,696.25,232.08333333333334,310,67,103.33333333333333,579.0,0
17143.0,43,2,880.97,440.485,141,82,70.5,0.0,1
17145.0,138,4,3014.64,753.66,284,165,71.0,0.0,1
17146.0,61,10,5038.61,503.861,301,156,30.1,749.78,0
17147.0,78,5,1372.71,274.54200000000003,323,41,64.6,1698.09,0
17149.0,77,1,143.10000000000002,143.10000000000002,77,6,77.0,0.0,1
17150.0,2,6,1357.95,226.32500000000002,359,64,59.833333333333336,0.0,1
17151.0,361,1,231.90000000000003,231.90000000000003,361,4,361.0,0.0,1
17152.0,51,1,327.0,327.0,51,2,51.0,1503.5,0
17155.0,153,5,640.76,128.152,362,31,72.4,251.70000000000002,0
17156.0,117,1,572.0699999999999,572.0699999999999,117,38,117.0,0.0,1
17157.0,106,17,4832.9,284.2882352941176,361,69,21.235294117647058,306.55,0
17158.0,173,2,695.33,347.665,268,37,134.0,1266.97,0
17159.0,103,2,560.71,280.355,271,27,135.5,1534.73,0
17160.0,0,11,6683.33,607.5754545454546,361,164,32.81818181818182,3518.03,0
17161.0,70,1,856.01,856.01,70,52,70.0,0.0,1
17163.0,71,2,406.68,203.34,301,24,150.5,293.1,0
17165.0,7,5,1624.95,324.99,354,72,70.8,158.68,0
17167.0,5,3,867.11,289.0366666666667,71,64,23.666666666666668,0.0,1
17168.0,124,1,400.2,400.2,124,21,124.0,0.0,1
17169.0,204,1,313.0,313.0,204,21,204.0,816.88,0
17170.0,0,2,178.68,89.34,15,8,7.5,0.0,1
17171.0,287,1,159.68,159.68,287,9,287.0,224.91,0
17172.0,56,2,597.73,298.865,352,24,176.0,317.76,0
17176.0,152,2,596.1899999999999,298.09499999999997,303,25,151.5,306.13,0
17177.0,131,1,119.5,119.5,131,29,131.0,0.0,1
17178.0,357,1,432.96,432.96,357,31,357.0,0.0,1
17179.0,8,3,795.47,265.1566666666667,188,44,62.666666666666664,711.79,0
17180.0,48,7,1449.05,207.00714285714284,313,148,44.714285714285715,768.32,0
17181.0,221,1,69.93,69.93,221,5,221.0,239.92000000000002,0
17182.0,48,2,321.3,160.65,344,4,172.0,0.0,1
17184.0,195,2,198.41000000000003,99.20500000000001,356,14,178.0,0.0,1
17185.0,217,3,229.46,76.48666666666666,224,38,74.66666666666667,0.0,1
17187.0,152,1,263.76,263.76,152,13,152.0,203.95,0
17188.0,72,6,2086.25,347.7083333333333,357,79,59.5,2295.73,0
17189.0,187,3,569.88,189.96,363,59,121.0,383.75,0
17190.0,29,5,1279.99,255.998,270,142,54.0,249.74,0
17191.0,39,8,2191.16,273.895,364,156,45.5,2093.68,0
17192.0,162,1,75.28,75.28,162,20,162.0,0.0,1
17193.0,12,2,610.74,305.37,363,12,181.5,1674.46,0
17194.0,156,1,549.88,549.88,156,31,156.0,226.78,0
17195.0,281,1,562.98,562.98,281,31,281.0,0.0,1
17196.0,53,1,327.75,327.75,53,84,53.0,0.0,1
17199.0,208,1,135.04000000000002,135.04000000000002,208,8,208.0,0.0,1
17200.0,13,4,356.71,89.1775,278,25,69.5,0.0,1
17201.0,149,3,827.22,275.74,293,117,97.66666666666667,289.78,0
17202.0,46,1,160.65,160.65,46,8,46.0,0.0,1
17203.0,14,4,2004.01,501.0025,14,84,3.5,3560.08,0
17204.0,0,5,3843.08,768.616,173,89,34.6,1412.41,0
17205.0,42,2,615.27,307.635,190,18,95.0,384.08,0
17207.0,278,1,291.77,291.77,278,54,278.0,0.0,1
17208.0,21,1,111.15,111.15,21,21,21.0,0.0,1
17209.0,275,3,595.7,198.5666666666667,362,36,120.66666666666667,0.0,1
17210.0,18,1,251.72,251.72,18,47,18.0,0.0,1
17211.0,44,5,1456.13,291.226,352,103,70.4,2299.67,0
17212.0,84,2,567.5600000000001,283.78000000000003,112,25,56.0,226.85,0
17213.0,123,6,2075.47,345.91166666666663,350,73,58.333333333333336,2741.08,0
17215.0,90,1,186.15,186.15,90,11,90.0,0.0,1
17216.0,180,1,63.6,63.6,180,13,180.0,0.0,1
17217.0,245,1,96.6,96.6,245,18,245.0,113.5,0
17218.0,4,8,1937.42,242.1775,309,138,38.625,1951.97,0
17219.0,42,1,144.9,144.9,42,24,42.0,114.23,0
17220.0,43,7,1263.86,180.55142857142854,314,166,44.857142857142854,3187.55,0
17221.0,217,3,642.14,214.04666666666665,233,58,77.66666666666667,334.48,0
17222.0,103,5,1234.96,246.99200000000002,324,70,64.8,328.65,0
17223.0,1,1,141.15,141.15,1,21,1.0,381.89,0
17224.0,127,1,100.86,100.86,127,8,127.0,0.0,1
17225.0,207,1,131.15,131.15,207,5,207.0,0.0,1
17226.0,70,2,501.97999999999996,250.98999999999998,291,34,145.5,393.49,0
17227.0,7,6,939.61,156.60166666666666,319,39,53.166666666666664,939.32,0
17228.0,81,5,913.9399999999999,182.78799999999998,263,89,52.6,1906.09,0
17230.0,189,10,5693.83,569.383,357,104,35.7,3470.22,0
17231.0,15,15,3864.91,257.66066666666666,358,346,23.866666666666667,3093.92,0
17233.0,74,2,369.98,184.99,350,32,175.0,190.88,0
17235.0,12,6,1012.92,168.82,179,39,29.833333333333332,550.06,0
17236.0,36,6,1013.13,168.855,268,44,44.666666666666664,916.13,0
17237.0,1,2,679.44,339.72,7,58,3.5,314.69,0
17238.0,8,15,3612.07,240.8046666666667,364,314,24.266666666666666,3719.1,0
17239.0,13,3,804.4,268.1333333333333,152,8,50.666666666666664,382.5,0
17240.0,222,1,130.6,130.6,222,7,222.0,0.0,1
17241.0,11,12,2736.64,228.0533333333333,288,116,24.0,0.0,1
17242.0,82,3,1754.24,584.7466666666667,310,27,103.33333333333333,1135.04,0
17243.0,2,43,11543.33,268.4495348837209,364,261,8.465116279069768,8483.1,0
17244.0,9,4,871.14,217.785,359,85,89.75,954.9,0
17245.0,315,1,200.18,200.18,315,15,315.0,171.45,0
17246.0,172,2,38.92,19.46,364,6,182.0,0.0,1
17248.0,107,1,181.89000000000001,181.89000000000001,107,34,107.0,318.65,0
17249.0,54,1,68.03,68.03,54,27,54.0,0.0,1
17251.0,8,2,520.45,260.225,350,35,175.0,269.83,0
17254.0,27,1,198.29,198.29,27,36,27.0,271.19,0
17255.0,16,2,490.21999999999997,245.10999999999999,72,99,36.0,291.48,0
17256.0,107,3,258.93,86.31,226,14,75.33333333333333,240.0,0
17257.0,62,2,189.78,94.89,62,14,31.0,0.0,1
17258.0,22,2,417.3,208.65,291,46,145.5,0.0,1
17259.0,71,4,871.16,217.79,281,93,70.25,581.23,0
17260.0,37,1,120.95,120.95,37,6,37.0,0.0,1
17261.0,135,1,221.59,221.59,135,43,135.0,0.0,1
17262.0,104,6,1235.4,205.9,350,5,58.333333333333336,1253.3600000000001,0
17264.0,50,1,268.28,268.28,50,70,50.0,0.0,1
17266.0,125,2,205.14,102.57,266,43,133.0,296.58,0
17268.0,71,7,970.25,138.60714285714286,357,23,51.0,763.64,0
17269.0,11,1,491.81,491.81,11,110,11.0,0.0,1
17270.0,95,2,601.4499999999999,300.72499999999997,358,45,179.0,0.0,1
17271.0,362,1,204.3,204.3,362,46,362.0,0.0,1
17273.0,50,1,141.12,141.12,50,12,50.0,0.0,1
17274.0,21,1,465.4,465.4,21,52,21.0,107.82,0
17275.0,9,1,114.1,114.1,9,23,9.0,0.0,1
17276.0,28,1,444.19,444.19,28,49,28.0,0.0,1
17278.0,191,1,25.2,25.2,191,2,191.0,246.04,0
17280.0,64,1,118.85999999999999,118.85999999999999,64,6,64.0,0.0,1
17281.0,0,6,797.8499999999999,132.975,299,2,49.833333333333336,0.0,1
17282.0,82,2,623.08,311.54,174,107,87.0,1685.46,0
17283.0,4,1,188.46,188.46,4,15,4.0,0.0,1
17284.0,15,1,911.12,911.12,15,79,15.0,1636.58,0
17285.0,254,2,400.44,200.22,289,40,144.5,0.0,1
17286.0,26,2,237.81,118.905,26,46,13.0,151.37,0
17287.0,13,14,2761.55,197.25357142857143,362,227,25.857142857142858,1049.06,0
17288.0,16,4,1050.8,262.7,20,129,5.0,1417.63,0
17289.0,2,6,1109.53,184.92166666666665,267,130,44.5,922.77,0
17290.0,7,6,914.47,152.41166666666666,352,95,58.666666666666664,513.01,0
17292.0,98,2,271.75,135.875,205,14,102.5,0.0,1
17293.0,20,8,1896.57,237.07125,362,84,45.25,1854.06,0
17294.0,295,2,467.78999999999996,233.89499999999998,295,17,147.5,0.0,1
17296.0,356,1,338.13,338.13,356,32,356.0,0.0,1
17298.0,0,3,434.9,144.96666666666667,267,37,89.0,498.42,0
17299.0,65,2,336.62,168.31,107,52,53.5,656.61,0
17300.0,16,2,393.64,196.82,107,37,53.5,0.0,1
17301.0,250,1,131.15,131.15,250,52,250.0,163.24,0
17304.0,160,1,111.5,111.5,160,5,160.0,0.0,1
17305.0,274,1,2135.46,2135.46,274,9,274.0,0.0,1
17306.0,19,2,1151.04,575.52,29,5,14.5,8600.73,0
17307.0,21,10,3694.61,369.461,314,22,31.4,0.0,1
17308.0,19,2,4511.76,2255.88,78,5,39.0,0.0,1
17309.0,7,2,237.64000000000001,118.82000000000001,299,22,149.5,82.75,0
17310.0,13,2,1025.1,512.55,160,1,80.0,0.0,1
17311.0,18,4,2105.81,526.4525,300,70,75.0,1384.85,0
17314.0,19,8,1999.94,249.9925,362,91,45.25,2514.76,0
17315.0,1,5,3257.4,651.48,64,195,12.8,6210.85,0
17316.0,46,1,124.45,124.45,46,35,46.0,0.0,1
17318.0,351,1,157.32999999999998,157.32999999999998,351,17,351.0,0.0,1
17319.0,295,1,29.1,29.1,295,3,295.0,0.0,1
17320.0,64,3,1244.23,414.74333333333334,313,53,104.33333333333333,1200.6200000000001,0
17321.0,20,4,1008.05,252.0125,203,159,50.75,657.16,0
17322.0,2,5,900.64,180.128,362,114,72.4,0.0,1
17323.0,33,5,644.52,128.904,324,91,64.8,891.04,0
17324.0,77,8,1031.59,128.94875,347,79,43.375,986.48,0
17325.0,36,2,512.77,256.385,267,33,133.5,96.8,0
17326.0,34,2,312.35,156.175,155,82,77.5,0.0,1
17327.0,35,2,152.35,76.175,188,3,94.0,0.0,1
17328.0,299,1,104.7,104.7,299,6,299.0,0.0,1
17329.0,357,3,475.42,158.47333333333333,362,63,120.66666666666667,523.11,0
17330.0,170,2,59.900000000000006,29.950000000000003,273,2,136.5,363.9,0
17332.0,154,5,827.77,165.554,282,81,56.4,0.0,1
17334.0,32,1,328.13,328.13,32,20,32.0,306.6,0
17335.0,9,2,497.04,248.52,310,34,155.0,0.0,1
17336.0,98,1,81.12,81.12,98,1,98.0,0.0,1
17338.0,1,9,5349.29,594.3655555555556,265,351,29.444444444444443,6468.7,0
17340.0,26,7,7075.86,1010.8371428571428,289,153,41.285714285714285,12190.99,0
17341.0,166,2,589.92,294.96,166,58,83.0,682.29,0
17342.0,5,4,1155.8400000000001,288.96000000000004,295,30,73.75,0.0,1
17343.0,2,5,1066.3,213.26,362,49,72.4,193.64,0
17344.0,354,1,299.74,299.74,354,36,354.0,157.62,0
17345.0,1,6,1021.24,170.20666666666668,364,110,60.666666666666664,519.6899999999999,0
17346.0,11,11,2368.53,215.3209090909091,226,285,20.545454545454547,2557.9,0
17348.0,63,4,1274.39,318.5975,265,184,66.25,1156.6,0
17349.0,6,4,674.16,168.54,257,66,64.25,98.25,0
17350.0,20,3,612.38,204.12666666666667,302,64,100.66666666666667,1251.44,0
17351.0,53,9,1377.23,153.02555555555557,355,28,39.44444444444444,587.15,0
17352.0,322,1,36.25,36.25,322,5,322.0,0.0,1
17353.0,117,2,1424.05,712.025,250,6,125.0,1740.0,0
17354.0,54,3,1740.8999999999999,580.3,54,73,18.0,1393.06,0
17355.0,12,1,273.31,273.31,12,28,12.0,0.0,1
17356.0,180,4,768.25,192.0625,314,62,78.5,178.22,0
17358.0,2,3,500.2,166.73333333333332,279,84,93.0,360.81,0
17359.0,274,1,156.6,156.6,274,23,274.0,127.86,0
17360.0,11,3,602.32,200.77333333333334,60,89,20.0,568.24,0
17361.0,302,2,383.59000000000003,191.79500000000002,302,26,151.0,488.2,0
17362.0,26,5,698.3100000000001,139.662,328,84,65.6,312.23,0
17363.0,21,3,920.46,306.82,28,34,9.333333333333334,0.0,1
17364.0,2,16,7149.82,446.86375,358,307,22.375,4437.23,0
17365.0,12,7,3417.13,488.1614285714286,302,236,43.142857142857146,4762.32,0
17366.0,58,2,1075.59,537.795,82,119,41.0,0.0,1
17368.0,1,6,829.67,138.27833333333334,350,109,58.333333333333336,1315.72,0
17369.0,81,1,979.1999999999999,979.1999999999999,81,1,81.0,0.0,1
17371.0,249,3,232.97,77.65666666666667,357,54,119.0,418.4,0
17372.0,7,18,2927.15,162.61944444444444,362,251,20.11111111111111,1337.18,0
17373.0,44,3,520.58,173.52666666666667,275,31,91.66666666666667,646.92,0
17374.0,21,1,215.44,215.44,21,13,21.0,495.77,0
17375.0,57,1,232.85,232.85,57,15,57.0,400.1,0
17376.0,30,2,250.44,125.22,148,27,74.0,203.2,0
17377.0,4,58,13308.41,229.4553448275862,363,411,6.258620689655173,4058.32,0
17378.0,0,1,10.95,10.95,0,1,0.0,0.0,1
17380.0,60,3,643.75,214.58333333333334,160,5,53.333333333333336,0.0,1
17381.0,21,9,16123.039999999999,1791.4488888888889,174,30,19.333333333333332,20272.43,0
17382.0,61,7,836.88,119.55428571428571,195,14,27.857142857142858,65.4,0
17383.0,79,1,110.69999999999999,110.69999999999999,79,2,79.0,193.39000000000001,0
17384.0,93,1,171.15,171.15,93,5,93.0,336.4,0
17386.0,11,1,126.35000000000001,126.35000000000001,11,10,11.0,2686.42,0
17388.0,46,7,1415.81,202.25857142857143,355,29,50.714285714285715,1259.56,0
17389.0,0,25,23325.55,933.0219999999999,361,39,14.44,31687.28,0
17390.0,46,1,149.3,149.3,46,12,46.0,0.0,1
17392.0,76,1,168.65,168.65,76,14,76.0,411.27,0
17393.0,36,2,381.15,190.575,114,45,57.0,0.0,1
17395.0,134,1,97.5,97.5,134,3,134.0,0.0,1
17396.0,35,6,850.62,141.77,67,10,11.166666666666666,7312.8,0
17397.0,42,1,516.87,516.87,42,44,42.0,681.41,0
17400.0,207,3,2525.44,841.8133333333334,348,209,116.0,2097.84,0
17401.0,167,1,114.85,114.85,167,11,167.0,0.0,1
17402.0,6,10,1967.56,196.756,349,80,34.9,2598.85,0
17403.0,76,1,118.95,118.95,76,13,76.0,263.92,0
17404.0,35,8,14468.8,1808.6,327,52,40.875,31363.82,0
17406.0,70,10,1972.53,197.253,359,84,35.9,1883.22,0
17407.0,37,1,552.9,552.9,37,23,37.0,0.0,1
17408.0,126,2,132.24,66.12,140,5,70.0,32.65,0
17409.0,47,8,7021.66,877.7075,354,40,44.25,771.85,0
17411.0,12,2,571.34,285.67,362,28,181.0,778.94,0
17412.0,11,9,2937.11,326.34555555555556,363,127,40.333333333333336,1258.06,0
17413.0,30,2,560.14,280.07,195,10,97.5,0.0,1
17414.0,49,4,1471.52,367.88,362,6,90.5,778.0,0
17416.0,19,15,10383.13,692.2086666666667,351,224,23.4,6838.34,0
17417.0,174,1,164.18,164.18,174,16,174.0,0.0,1
17418.0,13,1,206.60000000000002,206.60000000000002,13,12,13.0,463.46000000000004,0
17419.0,12,6,1899.68,316.61333333333334,309,71,51.5,4200.97,0
17420.0,16,3,344.85,114.95,27,18,9.0,598.83,0
17421.0,12,3,1059.41,353.1366666666667,361,46,120.33333333333333,0.0,1
17422.0,7,5,1492.97,298.594,160,73,32.0,1853.13,0
17423.0,19,1,420.54,420.54,19,17,19.0,663.63,0
17426.0,78,7,2982.46,426.0657142857143,286,116,40.857142857142854,5022.26,0
17428.0,0,17,13786.81,810.9888235294118,364,263,21.41176470588235,17113.55,0
17429.0,22,2,830.04,415.02,55,53,27.5,512.12,0
17430.0,12,2,356.81,178.405,105,22,52.5,265.76,0
17432.0,11,7,1363.23,194.74714285714285,362,174,51.714285714285715,365.76,0
17433.0,11,1,266.8,266.8,11,39,11.0,303.15999999999997,0
17435.0,37,1,331.35,331.35,37,15,37.0,0.0,1
17436.0,34,3,305.01,101.67,358,4,119.33333333333333,216.29999999999998,0
17437.0,155,1,369.68,369.68,155,52,155.0,0.0,1
17438.0,70,4,1034.32,258.58,267,39,66.75,378.3,0
17439.0,281,1,325.74,325.74,281,8,281.0,0.0,1
17440.0,175,1,137.16,137.16,175,1,175.0,177.1,0
17441.0,358,1,293.35,293.35,358,21,358.0,0.0,1
17442.0,7,9,2298.94,255.4377777777778,288,111,32.0,2227.2599999999998,0
17448.0,155,41,14380.69,350.74853658536585,271,568,6.609756097560975,0.0,1
17449.0,13,6,2348.94,391.49,356,182,59.333333333333336,2500.21,0
17450.0,36,4,44068.38,11017.095,64,73,16.0,189575.53,0
17454.0,88,6,1015.11,169.185,319,50,53.166666666666664,517.53,0
17456.0,82,1,725.7,725.7,82,43,82.0,249.86,0
17457.0,5,9,4065.87,451.7633333333333,358,20,39.77777777777778,1737.7,0
17458.0,7,1,213.08,213.08,7,32,7.0,316.5,0
17460.0,12,10,1501.47,150.147,312,81,31.2,452.63,0
17463.0,186,2,654.45,327.225,215,98,107.5,1860.81,0
17464.0,148,2,526.58,263.29,245,26,122.5,289.96000000000004,0
17465.0,51,7,2533.64,361.9485714285714,362,102,51.714285714285715,0.0,1
17467.0,21,1,102.6,102.6,21,4,21.0,0.0,1
17468.0,1,1,57.8,57.8,1,3,1.0,137.0,0
17469.0,26,12,3120.08,260.00666666666666,349,124,29.083333333333332,1843.06,0
17470.0,22,6,1501.3999999999999,250.23333333333332,134,58,22.333333333333332,1125.07,0
17471.0,100,1,321.65000000000003,321.65000000000003,100,19,100.0,0.0,1
17472.0,254,1,224.81,224.81,254,48,254.0,697.54,0
17473.0,34,2,592.15,296.075,82,32,41.0,0.0,1
17474.0,225,1,1047.0,1047.0,225,6,225.0,0.0,1
17476.0,21,2,446.51,223.255,363,27,181.5,0.0,1
17477.0,238,2,1079.0,539.5,273,42,136.5,0.0,1
17478.0,34,2,1272.8,636.4,259,40,129.5,0.0,1
17479.0,258,1,389.26000000000005,389.26000000000005,258,18,258.0,0.0,1
17480.0,70,1,370.40999999999997,370.40999999999997,70,24,70.0,506.32,0
17482.0,113,2,775.64,387.82,204,50,102.0,0.0,1
17483.0,40,1,177.69,177.69,40,7,40.0,414.04,0
17484.0,202,2,209.57,104.785,250,14,125.0,0.0,1
17487.0,354,1,160.55,160.55,354,8,354.0,0.0,1
17488.0,267,1,336.5,336.5,267,18,267.0,0.0,1
17490.0,14,2,658.18,329.09,195,37,97.5,1937.19,0
17491.0,8,7,2094.8,299.25714285714287,216,52,30.857142857142858,3541.92,0
17492.0,104,2,747.85,373.925,144,23,72.0,374.57,0
17493.0,11,1,100.91000000000001,100.91000000000001,11,8,11.0,0.0,1
17494.0,127,1,54.699999999999996,54.699999999999996,127,3,127.0,0.0,1
17495.0,16,1,261.51,261.51,16,20,16.0,497.56,0
17496.0,189,3,1128.34,376.1133333333333,320,49,106.66666666666667,271.05,0
17497.0,16,2,287.25,143.625,236,7,118.0,0.0,1
17499.0,187,1,673.96,673.96,187,29,187.0,622.88,0
17504.0,6,9,6493.14,721.46,295,160,32.77777777777778,2745.2799999999997,0
17505.0,176,3,1289.64,429.88000000000005,231,47,77.0,1145.84,0
17508.0,7,7,4159.47,594.21,358,180,51.142857142857146,387.31,0
17510.0,46,1,206.07999999999998,206.07999999999998,46,15,46.0,308.48,0
17511.0,6,29,80434.75,2773.612068965517,363,415,12.517241379310345,88293.31,0
17512.0,78,7,2512.23,358.89,355,63,50.714285714285715,2920.04,0
17513.0,34,2,645.6,322.8,105,12,52.5,513.2,0
17514.0,295,1,313.35,313.35,295,41,295.0,208.65,0
17515.0,20,5,963.49,192.698,176,76,35.2,639.02,0
17516.0,4,1,182.62,182.62,4,55,4.0,764.88,0
17518.0,51,2,329.42,164.71,247,71,123.5,0.0,1
17519.0,68,9,2930.15,325.57222222222225,364,99,40.44444444444444,1839.07,0
17521.0,20,2,554.85,277.425,60,29,30.0,721.9599999999999,0
17524.0,64,2,363.9,181.95,64,32,32.0,145.0,0
17525.0,23,2,739.2,369.6,54,13,27.0,422.70000000000005,0
17526.0,1,8,2743.34,342.9175,348,56,43.5,706.7,0
17529.0,236,2,1240.25,620.125,323,78,161.5,0.0,1
17530.0,208,2,423.62,211.81,359,78,179.5,2362.53,0
17531.0,153,2,932.62,466.31,244,42,122.0,296.7,0
17532.0,11,1,65.34,65.34,11,4,11.0,0.0,1
17533.0,60,1,34.8,34.8,60,1,60.0,0.0,1
17534.0,77,4,1445.47,361.3675,278,69,69.5,223.36,0
17536.0,46,2,288.33,144.165,308,13,154.0,76.5,0
17539.0,254,3,1122.34,374.1133333333333,352,131,117.33333333333333,0.0,1
17540.0,9,4,1011.7,252.925,225,28,56.25,570.4,0
17541.0,135,1,119.86,119.86,135,31,135.0,0.0,1
17542.0,267,2,170.1,85.05,267,34,133.5,170.75,0
17543.0,175,1,120.05,120.05,175,13,175.0,0.0,1
17544.0,16,3,944.82,314.94,16,80,5.333333333333333,0.0,1
17545.0,16,3,767.54,255.84666666666666,203,112,67.66666666666667,642.32,0
17547.0,1,2,692.35,346.175,291,21,145.5,0.0,1
17548.0,9,2,486.48,243.24,22,16,11.0,0.0,1
17550.0,23,6,1898.3799999999999,316.39666666666665,296,218,49.333333333333336,267.16,0
17552.0,64,8,1828.88,228.61,253,61,31.625,930.41,0
17553.0,98,3,2270.0,756.6666666666666,236,2,78.66666666666667,1487.6,0
17555.0,51,3,565.43,188.47666666666666,212,137,70.66666666666667,480.31,0
17556.0,5,1,142.77,142.77,5,8,5.0,157.9,0
17557.0,358,1,34.0,34.0,358,1,358.0,541.46,0
17558.0,19,1,259.17,259.17,19,28,19.0,0.0,1
17559.0,138,1,167.62,167.62,138,12,138.0,0.0,1
17560.0,21,4,1040.85,260.2125,286,21,71.5,854.95,0
17561.0,16,3,537.9,179.29999999999998,359,129,119.66666666666667,165.12,0
17563.0,204,2,318.73,159.365,237,25,118.5,0.0,1
17565.0,212,1,131.83,131.83,212,30,212.0,0.0,1
17567.0,67,1,506.6,506.6,67,31,67.0,4066.17,0
17568.0,259,1,374.45,374.45,259,61,259.0,0.0,1
17571.0,168,1,205.23999999999998,205.23999999999998,168,53,168.0,1424.42,0
17572.0,14,6,425.46000000000004,70.91000000000001,350,13,58.333333333333336,226.75000000000003,0
17575.0,293,1,171.7,171.7,293,5,293.0,0.0,1
17576.0,7,22,5140.77,233.67136363636365,362,228,16.454545454545453,3417.93,0
17577.0,271,2,348.75,174.375,294,20,147.0,0.0,1
17578.0,100,6,878.99,146.49833333333333,155,52,25.833333333333332,124.74,0
17579.0,204,1,304.38,304.38,204,43,204.0,440.2,0
17580.0,2,2,325.3,162.65,48,39,24.0,212.77,0
17581.0,19,18,6841.43,380.07944444444445,362,238,20.11111111111111,10730.86,0
17582.0,72,4,1254.68,313.67,249,78,62.25,175.27,0
17583.0,186,1,135.95,135.95,186,7,186.0,0.0,1
17584.0,93,4,4067.12,1016.78,309,73,77.25,1227.3,0
17585.0,71,3,948.03,316.01,104,147,34.666666666666664,1116.68,0
17586.0,245,1,167.4,167.4,245,8,245.0,0.0,1
17587.0,254,1,173.76,173.76,254,41,254.0,0.0,1
17588.0,22,4,1672.85,418.2125,263,29,65.75,1240.2,0
17589.0,11,14,11258.3,804.1642857142857,268,522,19.142857142857142,2402.92,0
17591.0,317,1,135.65,135.65,317,19,317.0,2192.7200000000003,0
17592.0,364,1,148.3,148.3,364,13,364.0,0.0,1
17593.0,35,6,4134.04,689.0066666666667,361,146,60.166666666666664,3908.08,0
17594.0,75,2,1504.7,752.35,230,46,115.0,993.18,0
17596.0,65,6,1684.77,280.795,350,148,58.333333333333336,2806.69,0
17597.0,44,4,1398.26,349.565,209,61,52.25,2044.3700000000001,0
17598.0,7,1,409.98,409.98,7,10,7.0,0.0,1
17599.0,103,1,44.55,44.55,103,3,103.0,0.0,1
17601.0,6,1,296.65,296.65,6,59,6.0,116.00999999999999,0
17602.0,98,8,2238.5099999999998,279.81374999999997,245,208,30.625,5002.22,0
17603.0,243,3,1387.0600000000002,462.3533333333334,355,92,118.33333333333333,390.97,0
17604.0,48,4,633.02,158.255,307,106,76.75,309.36,0
17605.0,216,1,160.75,160.75,216,13,216.0,0.0,1
17606.0,363,1,87.30000000000001,87.30000000000001,363,6,363.0,0.0,1
17607.0,2,1,333.81,333.81,2,22,2.0,0.0,1
17608.0,75,2,296.07,148.035,233,90,116.5,191.99,0
17609.0,28,6,650.03,108.33833333333332,235,140,39.166666666666664,1091.78,0
17610.0,166,5,1473.24,294.648,359,114,71.8,0.0,1
17611.0,47,13,4326.41,332.8007692307692,364,402,28.0,3924.77,0
17612.0,5,12,3180.71,265.05916666666667,348,129,29.0,2000.32,0
17615.0,13,3,384.7,128.23333333333332,111,35,37.0,329.6,0
17616.0,77,1,163.2,163.2,77,1,77.0,571.1999999999999,0
17617.0,184,1,385.19,385.19,184,18,184.0,0.0,1
17618.0,9,8,3046.06,380.7575,310,175,38.75,930.28,0
17621.0,30,3,1649.42,549.8066666666667,57,39,19.0,1379.9,0
17622.0,223,2,1125.17,562.585,224,19,112.0,0.0,1
17623.0,35,6,1838.72,306.4533333333333,351,108,58.5,527.0500000000001,0
17624.0,63,2,725.15,362.575,345,46,172.5,843.48,0
17625.0,72,4,3958.5,989.625,350,304,87.5,2020.4,0
17626.0,228,1,254.0,254.0,228,18,228.0,0.0,1
17627.0,104,1,296.36,296.36,104,10,104.0,0.0,1
17629.0,14,2,641.4,320.7,47,29,23.5,1784.12,0
17631.0,0,4,470.16,117.54,356,28,89.0,528.33,0
17633.0,5,3,665.05,221.6833333333333,15,28,5.0,1309.84,0
17635.0,50,3,1256.83,418.9433333333333,216,60,72.0,0.0,1
17638.0,273,2,842.4,421.2,347,2,173.5,0.0,1
17639.0,13,5,506.67,101.334,109,54,21.8,108.5,0
17640.0,5,5,2485.93,497.186,252,46,50.4,621.66,0
17642.0,55,3,1112.2,370.73333333333335,360,58,120.0,712.29,0
17643.0,131,1,338.15000000000003,338.15000000000003,131,23,131.0,101.55,0
17644.0,20,9,3085.61,342.84555555555556,287,89,31.88888888888889,2810.15,0
17646.0,43,9,2854.25,317.1388888888889,349,97,38.77777777777778,994.39,0
17647.0,295,2,198.6,99.3,295,5,147.5,133.06,0
17648.0,11,1,418.87,418.87,11,34,11.0,1789.55,0
17649.0,95,2,680.7,340.35,98,44,49.0,861.74,0
17651.0,124,6,1745.92,290.9866666666667,152,83,25.333333333333332,3888.17,0
17655.0,8,2,337.44,168.72,42,20,21.0,2571.7400000000002,0
17657.0,56,1,126.0,126.0,56,7,56.0,0.0,1
17659.0,11,2,581.58,290.79,12,34,6.0,2954.75,0
17660.0,363,1,163.47,163.47,363,42,363.0,178.75,0
17662.0,287,2,412.92,206.46,348,14,174.0,0.0,1
17663.0,43,10,3307.77,330.777,271,111,27.1,1788.27,0
17664.0,100,2,561.59,280.795,246,31,123.0,604.64,0
17665.0,119,1,563.1,563.1,119,19,119.0,0.0,1
17666.0,103,3,1319.6399999999999,439.87999999999994,153,17,51.0,728.16,0
17667.0,61,4,1855.29,463.8225,280,83,70.0,2055.51,0
17669.0,88,3,2735.63,911.8766666666667,243,56,81.0,3406.7200000000003,0
17671.0,1,1,436.45,436.45,1,22,1.0,1286.08,0
17672.0,43,4,2485.57,621.3925,267,92,66.75,3106.62,0
17673.0,1,7,2578.91,368.4157142857143,256,151,36.57142857142857,1588.07,0
17675.0,6,39,17051.9,437.22820512820516,355,172,9.102564102564102,20105.6,0
17676.0,42,4,1038.55,259.6375,245,51,61.25,1371.18,0
17677.0,25,24,18201.18,758.3825,349,229,14.541666666666666,16203.28,0
17678.0,229,1,281.7,281.7,229,12,229.0,298.11,0
17679.0,147,4,1174.45,293.6125,362,22,90.5,1992.1100000000001,0
17680.0,9,2,278.1,139.05,137,9,68.5,184.4,0
17681.0,223,5,731.2,146.24,319,12,63.8,0.0,1
17682.0,67,5,1590.95,318.19,267,53,53.4,2459.33,0
17683.0,11,3,819.01,273.00333333333333,180,41,60.0,0.0,1
17685.0,18,5,2284.12,456.82399999999996,292,54,58.4,3155.83,0
17686.0,49,2,2557.35,1278.675,159,127,79.5,5739.46,0
17687.0,46,1,432.68,432.68,46,26,46.0,0.0,1
17688.0,19,1,286.5,286.5,19,18,19.0,0.0,1
17689.0,14,2,317.08,158.54,100,17,50.0,0.0,1
17690.0,8,5,2237.0,447.4,300,92,60.0,4717.3,0
17691.0,25,2,336.95,168.475,172,22,86.0,290.40000000000003,0
17692.0,22,8,2228.96,278.62,166,67,20.75,718.0799999999999,0
17694.0,137,2,1412.85,706.425,188,45,94.0,283.12,0
17695.0,20,3,951.0,317.0,306,20,102.0,765.34,0
17696.0,8,19,5188.41,273.07421052631577,355,151,18.68421052631579,2214.9500000000003,0
17699.0,102,2,442.0,221.0,187,17,93.5,0.0,1
17700.0,7,10,4121.98,412.198,364,173,36.4,2518.7400000000002,0
17702.0,9,2,1192.07,596.035,26,66,13.0,1807.87,0
17703.0,44,1,296.1,296.1,44,23,44.0,798.74,0
17705.0,81,2,260.38,130.19,202,16,101.0,1781.12,0
17706.0,9,14,9492.16,678.0114285714286,315,250,22.5,10083.56,0
17707.0,2,6,456.90000000000003,76.15,358,9,59.666666666666664,152.4,0
17708.0,28,2,620.85,310.425,49,37,24.5,263.33,0
17709.0,96,4,533.56,133.39,229,31,57.25,137.45,0
17710.0,49,1,293.5,293.5,49,20,49.0,0.0,1
17713.0,8,4,1198.09,299.5225,174,55,43.5,0.0,1
17714.0,50,4,1222.78,305.695,139,59,34.75,153.0,0
17715.0,218,1,163.2,163.2,218,1,218.0,326.4,0
17716.0,22,13,10165.53,781.9638461538462,363,208,27.923076923076923,5550.79,0
17717.0,47,1,376.92,376.92,47,26,47.0,0.0,1
17718.0,270,1,247.63,247.63,270,16,270.0,139.35,0
17720.0,5,6,1417.12,236.18666666666664,204,60,34.0,1195.94,0
17721.0,285,1,307.21000000000004,307.21000000000004,285,11,285.0,0.0,1
17722.0,1,1,1066.18,1066.18,1,58,1.0,2410.64,0
17723.0,1,1,102.0,102.0,1,2,1.0,3276.4000000000005,0
17726.0,21,7,1089.56,155.65142857142857,308,52,44.0,0.0,1
17728.0,30,2,1345.45,672.725,79,79,39.5,2860.71,0
17729.0,222,1,438.65000000000003,438.65000000000003,222,23,222.0,0.0,1
17730.0,8,7,2475.32,353.6171428571429,215,75,30.714285714285715,5288.83,0
17731.0,247,2,468.88,234.44,294,30,147.0,878.2,0
17732.0,12,7,1840.2,262.8857142857143,113,82,16.142857142857142,303.97,0
17734.0,151,3,741.69,247.23000000000002,268,40,89.33333333333333,700.63,0
17735.0,11,7,3601.56,514.5085714285714,123,133,17.571428571428573,13110.02,0
17738.0,21,9,2282.01,253.5566666666667,256,102,28.444444444444443,1863.35,0
17739.0,0,11,4932.28,448.3890909090909,358,44,32.54545454545455,2786.05,0
17740.0,15,6,426.9,71.14999999999999,323,5,53.833333333333336,0.0,1
17741.0,32,2,101.1,50.55,186,6,93.0,0.0,1
17742.0,54,9,1743.3700000000001,193.70777777777778,364,46,40.44444444444444,355.11,0
17743.0,74,1,208.85000000000002,208.85000000000002,74,3,74.0,0.0,1
17744.0,6,1,326.74,326.74,6,15,6.0,2322.4,0
17745.0,103,2,600.34,300.17,181,27,90.5,0.0,1
17746.0,97,3,774.63,258.21,236,27,78.66666666666667,98.8,0
17748.0,153,1,358.15,358.15,153,17,153.0,0.0,1
17749.0,172,1,351.66,351.66,172,22,172.0,674.52,0
17751.0,47,1,157.85999999999999,157.85999999999999,47,31,47.0,0.0,1
17753.0,90,4,380.81,95.2025,328,63,82.0,0.0,1
17754.0,0,8,2750.77,343.84625,354,117,44.25,1623.0,0
17756.0,1,3,728.75,242.91666666666666,20,54,6.666666666666667,0.0,1
17757.0,4,26,3420.85,131.57115384615383,321,240,12.346153846153847,5569.64,0
17758.0,53,4,1555.83,388.9575,194,121,48.5,3408.2000000000003,0
17759.0,19,2,441.92,220.96,209,41,104.5,818.71,0
17760.0,42,4,451.55,112.8875,275,37,68.75,287.59,0
17762.0,82,1,129.75,129.75,82,16,82.0,0.0,1
17763.0,279,3,36.15,12.049999999999999,285,7,95.0,15.0,0
17764.0,28,3,741.02,247.00666666666666,362,66,120.66666666666667,772.55,0
17765.0,74,1,156.37,156.37,74,22,74.0,367.63,0
17766.0,7,2,299.61,149.805,7,21,3.5,0.0,1
17767.0,36,1,141.85,141.85,36,18,36.0,271.2,0
17768.0,13,4,1205.88,301.47,363,69,90.75,2081.9,0
17769.0,9,7,3032.04,433.1485714285714,315,193,45.0,3920.08,0
17771.0,62,2,141.6,70.8,215,14,107.5,245.33,0
17772.0,18,1,187.3,187.3,18,45,18.0,173.45,0
17773.0,140,2,575.37,287.685,316,48,158.0,0.0,1
17774.0,23,5,2045.66,409.132,295,203,59.0,1213.73,0
17776.0,12,2,322.55,161.275,349,72,174.5,0.0,1
17778.0,287,1,197.70000000000002,197.70000000000002,287,10,287.0,0.0,1
17780.0,293,3,346.56,115.52,310,76,103.33333333333333,0.0,1
17782.0,8,2,679.02,339.51,8,29,4.0,0.0,1
17783.0,138,1,93.49,93.49,138,24,138.0,283.47,0
17784.0,176,1,112.86,112.86,176,19,176.0,0.0,1
17785.0,71,2,271.44,135.72,191,38,95.5,131.94,0
17789.0,287,1,171.25,171.25,287,13,287.0,225.9,0
17790.0,4,6,815.11,135.85166666666666,170,87,28.333333333333332,1964.3,0
17792.0,93,2,368.35,184.175,104,45,52.0,0.0,1
17794.0,312,2,147.3,73.65,314,7,157.0,0.0,1
17796.0,4,3,546.39,182.13,47,111,15.666666666666666,690.0,0
17797.0,21,5,1191.44,238.288,350,131,70.0,780.43,0
17798.0,207,1,172.17,172.17,207,42,207.0,0.0,1
17799.0,15,10,3112.46,311.246,352,304,35.2,3009.32,0
17801.0,77,3,770.03,256.6766666666667,317,66,105.66666666666667,0.0,1
17802.0,2,7,3549.93,507.1328571428571,352,242,50.285714285714285,1285.04,0
17803.0,18,1,184.66,184.66,18,27,18.0,0.0,1
17804.0,2,3,383.78000000000003,127.92666666666668,364,82,121.33333333333333,0.0,1
17805.0,236,1,414.72,414.72,236,1,236.0,512.31,0
17807.0,21,3,437.87,145.95666666666668,330,88,110.0,0.0,1
17808.0,174,4,262.64,65.66,207,29,51.75,0.0,1
17809.0,35,8,4668.530000000001,583.5662500000001,363,27,45.375,5352.66,0
17810.0,294,2,343.21,171.605,309,50,154.5,0.0,1
17811.0,0,8,1756.73,219.59125,71,253,8.875,7595.23,0
17812.0,0,3,212.18,70.72666666666667,156,53,52.0,699.81,0
17814.0,1,2,1609.37,804.685,48,112,24.0,0.0,1
17815.0,19,1,591.96,591.96,19,13,19.0,0.0,1
17816.0,284,2,59.55,29.775,350,28,175.0,36.56,0
17817.0,4,3,393.77,131.25666666666666,48,85,16.0,387.68,0
17818.0,363,1,124.78,124.78,363,42,363.0,0.0,1
17819.0,69,5,2316.18,463.236,352,34,70.4,3661.0699999999997,0
17820.0,0,1,180.60999999999999,180.60999999999999,0,39,0.0,0.0,1
17821.0,32,1,334.62,334.62,32,6,32.0,0.0,1
17822.0,46,5,2154.08,430.816,186,151,37.2,0.0,1
17823.0,47,2,449.25,224.625,47,88,23.5,0.0,1
17825.0,224,4,701.96,175.49,351,24,87.75,0.0,1
17826.0,0,1,133.34,133.34,0,33,0.0,0.0,1
17827.0,247,1,382.09,382.09,247,64,247.0,1987.33,0
17829.0,35,4,3791.1800000000003,947.7950000000001,281,121,70.25,889.24,0
17833.0,349,1,338.46000000000004,338.46000000000004,349,28,349.0,0.0,1
17834.0,40,2,689.6700000000001,344.83500000000004,71,54,35.5,0.0,1
17838.0,106,8,2867.09,358.38625,256,73,32.0,2267.4,0
17840.0,69,1,175.9,175.9,69,44,69.0,0.0,1
17841.0,2,87,27405.53,315.00609195402296,363,1484,4.172413793103448,39898.81,0
17842.0,228,1,430.69,430.69,228,18,228.0,0.0,1
17843.0,37,1,114.92,114.92,37,22,37.0,197.73,0
17845.0,181,4,596.09,149.0225,202,42,50.5,0.0,1
17847.0,141,2,125.74000000000001,62.870000000000005,271,8,135.5,0.0,1
17848.0,43,21,2637.26,125.58380952380953,359,75,17.095238095238095,901.1999999999999,0
17849.0,106,4,457.96000000000004,114.49000000000001,261,18,65.25,605.8000000000001,0
17850.0,64,121,45346.21,374.76206611570245,360,91,2.975206611570248,5313.64,0
17851.0,48,6,1552.35,258.72499999999997,362,185,60.333333333333336,0.0,1
17852.0,14,3,543.47,181.15666666666667,357,62,119.0,114.34,0
17853.0,33,3,1596.29,532.0966666666667,362,84,120.66666666666667,0.0,1
17854.0,88,4,757.24,189.31,357,98,89.25,311.26,0
17857.0,267,1,468.0,468.0,267,2,267.0,25182.24,0
17858.0,4,18,7317.99,406.555,359,101,19.944444444444443,5140.66,0
17860.0,54,3,490.94,163.64666666666668,354,91,118.0,226.45000000000002,0
17861.0,11,10,2976.41,297.64099999999996,355,210,35.5,2056.2799999999997,0
17862.0,11,3,923.99,307.99666666666667,189,83,63.0,330.9,0
17863.0,39,6,2200.48,366.74666666666667,278,76,46.333333333333336,3160.0,0
17864.0,11,2,321.72,160.86,53,37,26.5,554.85,0
17865.0,1,26,15429.45,593.4403846153847,364,288,14.0,10153.12,0
17866.0,110,2,805.3000000000001,402.65000000000003,351,15,175.5,325.7,0
17867.0,36,8,303.6,37.95,363,38,45.375,583.52,0
17868.0,12,1,227.15,227.15,12,18,12.0,0.0,1
17869.0,95,2,385.46,192.73,173,38,86.5,428.18,0
17870.0,7,1,887.3999999999999,887.3999999999999,7,2,7.0,1860.94,0
17871.0,23,4,913.05,228.2625,319,58,79.75,155.9,0
17872.0,7,1,235.87,235.87,7,15,7.0,0.0,1
17873.0,11,12,4174.45,347.87083333333334,349,59,29.083333333333332,1675.18,0
17875.0,314,1,167.1,167.1,314,25,314.0,0.0,1
17876.0,25,3,3424.02,1141.34,301,3,100.33333333333333,0.0,1
17878.0,21,2,999.48,499.74,21,56,10.5,379.45,0
17880.0,265,2,366.0,183.0,356,19,178.0,458.92,0
17882.0,5,2,291.56,145.78,5,47,2.5,0.0,1
17883.0,165,3,308.18,102.72666666666667,278,30,92.66666666666667,664.34,0
17884.0,12,16,1979.15,123.696875,361,223,22.5625,695.0699999999999,0
17886.0,63,3,703.27,234.42333333333332,215,56,71.66666666666667,869.28,0
17888.0,0,13,796.58,61.27538461538462,344,63,26.46153846153846,515.73,0
17889.0,0,5,545.05,109.00999999999999,244,80,48.8,201.37,0
17894.0,6,10,1139.9,113.99000000000001,95,129,9.5,1118.54,0
17897.0,14,6,1511.23,251.87166666666667,202,120,33.666666666666664,516.3100000000001,0
17898.0,78,2,147.12,73.56,193,22,96.5,152.06,0
17901.0,147,2,149.7,74.85,147,3,73.5,110.38,0
17902.0,172,1,216.39999999999998,216.39999999999998,172,24,172.0,0.0,1
17903.0,20,1,381.09000000000003,381.09000000000003,20,44,20.0,0.0,1
17905.0,76,9,1360.08,151.12,306,95,34.0,798.99,0
17907.0,266,1,291.76,291.76,266,13,266.0,0.0,1
17908.0,54,4,856.79,214.1975,351,141,87.75,232.03,0
17909.0,363,1,110.05,110.05,363,8,363.0,0.0,1
17910.0,352,1,261.7,261.7,352,25,352.0,0.0,1
17912.0,1,1,61.54,61.54,1,12,1.0,294.65999999999997,0
17913.0,26,12,3016.44,251.37,362,199,30.166666666666668,408.65,0
17915.0,177,1,225.78,225.78,177,27,177.0,0.0,1
17916.0,254,2,43.87,21.935,359,15,179.5,0.0,1
17918.0,126,3,388.44,129.48,131,33,43.666666666666664,0.0,1
17919.0,64,1,536.28,536.28,64,17,64.0,1304.04,0
17920.0,5,37,19456.18,525.8427027027027,359,426,9.702702702702704,4107.6,0
17921.0,5,6,1533.98,255.66333333333333,138,146,23.0,820.23,0
17922.0,169,1,170.4,170.4,169,8,169.0,0.0,1
17923.0,153,2,289.5,144.75,170,2,85.0,207.50000000000003,0
17924.0,40,1,287.55,287.55,40,2,40.0,2905.44,0
17926.0,70,3,638.2,212.73333333333335,205,16,68.33333333333333,397.29,0
17927.0,347,1,294.0,294.0,347,10,347.0,0.0,1
17928.0,197,1,128.7,128.7,197,4,197.0,184.46,0
17929.0,13,8,2239.1,279.8875,356,5,44.5,834.5,0
17930.0,19,8,2502.44,312.805,271,22,33.875,1740.48,0
17931.0,23,11,2864.0,260.3636363636364,287,220,26.09090909090909,408.36,0
17933.0,258,1,105.99,105.99,258,11,258.0,0.0,1
17934.0,32,1,344.90000000000003,344.90000000000003,32,20,32.0,704.25,0
17935.0,26,5,509.75,101.95,361,31,72.2,142.89,0
17938.0,46,1,144.29,144.29,46,29,46.0,0.0,1
17940.0,71,5,26237.4,5247.4800000000005,362,8,72.4,2152.1800000000003,0
17941.0,216,3,1128.72,376.24,328,3,109.33333333333333,304.56,0
17944.0,49,1,74.99,74.99,49,24,49.0,0.0,1
17945.0,322,3,359.5,119.83333333333333,322,65,107.33333333333333,0.0,1
17949.0,25,64,45841.619999999995,716.2753124999999,363,30,5.671875,53215.74,0
17950.0,30,4,684.09,171.0225,330,85,82.5,472.12,0
17951.0,30,1,332.04,332.04,30,8,30.0,990.8400000000001,0
17952.0,4,4,788.46,197.115,167,85,41.75,0.0,1
17953.0,166,1,148.67000000000002,148.67000000000002,166,19,166.0,0.0,1
17954.0,19,7,1418.05,202.57857142857142,356,232,50.857142857142854,2291.68,0
17955.0,281,2,392.6,196.3,291,2,145.5,557.3,0
17958.0,354,1,465.42,465.42,354,29,354.0,508.4599999999999,0
17959.0,218,1,140.75,140.75,218,2,218.0,0.0,1
17960.0,148,2,61.300000000000004,30.650000000000002,267,11,133.5,73.78,0
17961.0,19,59,1553.85,26.3364406779661,364,323,6.169491525423729,1296.44,0
17962.0,175,3,549.1,183.03333333333333,321,124,107.0,102.41,0
17963.0,97,4,643.16,160.79,315,98,78.75,0.0,1
17965.0,13,15,4289.21,285.94733333333335,351,382,23.4,2599.19,0
17966.0,217,5,865.49,173.098,316,33,63.2,1098.43,0
17967.0,42,1,111.14999999999999,111.14999999999999,42,19,42.0,112.27,0
17968.0,14,3,325.34,108.44666666666666,138,43,46.0,265.1,0
17969.0,128,18,2013.69,111.87166666666667,359,100,19.944444444444443,228.2,0
17971.0,174,1,161.94,161.94,174,21,174.0,0.0,1
17974.0,7,3,1035.1,345.0333333333333,33,161,11.0,703.99,0
17975.0,7,11,2207.12,200.6472727272727,116,83,10.545454545454545,4384.76,0
17977.0,26,1,1165.41,1165.41,26,81,26.0,288.14,0
17978.0,48,3,859.0699999999999,286.3566666666666,357,52,119.0,300.91999999999996,0
17980.0,19,1,201.27,201.27,19,27,19.0,811.45,0
17981.0,36,1,239.12,239.12,36,17,36.0,0.0,1
17982.0,306,1,138.18,138.18,306,13,306.0,0.0,1
17983.0,21,1,171.71,171.71,21,23,21.0,0.0,1
17984.0,18,4,996.01,249.0025,364,164,91.0,152.68,0
17987.0,2,4,691.35,172.8375,176,129,44.0,198.57,0
17988.0,113,6,284.57,47.428333333333335,358,80,59.666666666666664,191.17000000000002,0
17989.0,5,1,207.32999999999998,207.32999999999998,5,26,5.0,0.0,1
17990.0,6,3,891.73,297.24333333333334,358,23,119.33333333333333,630.84,0
17991.0,217,1,205.3,205.3,217,32,217.0,93.35,0
17992.0,15,1,252.88,252.88,15,49,15.0,0.0,1
17993.0,243,1,225.99,225.99,243,60,243.0,0.0,1
17994.0,14,7,1587.49,226.78428571428572,246,184,35.142857142857146,626.09,0
17995.0,8,2,419.38,209.69,13,26,6.5,76.1,0
17996.0,5,3,469.73,156.57666666666668,172,62,57.333333333333336,0.0,1
17998.0,6,3,601.74,200.58,364,57,121.33333333333333,0.0,1
17999.0,4,1,148.07,148.07,4,42,4.0,380.39,0
18000.0,190,1,124.25,124.25,190,6,190.0,0.0,1
18001.0,75,4,509.01,127.2525,363,69,90.75,415.13,0
18002.0,1,4,237.62,59.405,357,51,89.25,0.0,1
18003.0,2,1,353.51,353.51,2,23,2.0,0.0,1
18006.0,7,3,524.83,174.94333333333336,348,36,116.0,444.68,0
18007.0,18,1,215.22,215.22,18,46,18.0,0.0,1
18008.0,41,14,17642.89,1260.2064285714284,328,54,23.428571428571427,2116.19,0
18009.0,168,7,1831.69,261.67,278,121,39.714285714285715,242.29,0
18011.0,193,1,308.0,308.0,193,35,193.0,102.78999999999999,0
18012.0,349,1,115.3,115.3,349,13,349.0,0.0,1
18016.0,36,2,476.90000000000003,238.45000000000002,307,44,153.5,1477.66,0
18017.0,57,1,165.0,165.0,57,1,57.0,523.0,0
18018.0,25,1,34.55,34.55,25,11,25.0,122.14,0
18020.0,169,1,129.28,129.28,169,11,169.0,0.0,1
18021.0,135,2,216.41,108.205,138,32,69.0,0.0,1
18022.0,11,4,893.9,223.475,172,202,43.0,612.72,0
18025.0,5,6,1177.72,196.28666666666666,245,83,40.833333333333336,0.0,1
18026.0,126,2,2074.07,1037.035,131,12,65.5,0.0,1
18028.0,209,1,192.05,192.05,209,4,209.0,0.0,1
18029.0,268,1,433.77,433.77,268,18,268.0,0.0,1
18031.0,4,1,451.3,451.3,4,49,4.0,0.0,1
18034.0,1,1,334.67,334.67,1,96,1.0,418.68,0
18035.0,11,2,546.34,273.17,11,8,5.5,713.89,0
18036.0,11,8,1142.37,142.79625,347,171,43.375,403.12,0
18037.0,47,9,97.39999999999999,10.822222222222221,364,13,40.44444444444444,70.02,0
18038.0,182,1,141.48,141.48,182,25,182.0,0.0,1
18039.0,0,4,548.22,137.055,266,137,66.5,0.0,1
18041.0,27,17,3921.4,230.67058823529413,320,253,18.823529411764707,4075.12,0
18042.0,167,1,116.1,116.1,167,9,167.0,165.04999999999998,0
18044.0,13,8,1417.01,177.12625,186,60,23.25,2085.65,0
18046.0,275,1,189.63,189.63,275,26,275.0,0.0,1
18047.0,7,2,326.09,163.045,7,74,3.5,0.0,1
18048.0,119,1,222.64,222.64,119,51,119.0,172.29000000000002,0
18049.0,63,2,500.5,250.25,216,81,108.0,0.0,1
18050.0,19,1,337.66,337.66,19,18,19.0,74.4,0
18051.0,260,7,2276.7400000000002,325.24857142857144,356,41,50.857142857142854,0.0,1
18052.0,190,1,10877.18,10877.18,190,16,190.0,0.0,1
18053.0,151,2,256.2,128.1,153,11,76.5,297.07,0
18054.0,18,1,176.5,176.5,18,11,18.0,0.0,1
18055.0,7,4,3381.3,845.325,39,149,9.75,6729.29,0
18056.0,244,1,176.1,176.1,244,10,244.0,363.65,0
18057.0,19,3,1168.14,389.38000000000005,316,120,105.33333333333333,0.0,1
18058.0,167,2,603.9,301.95,293,11,146.5,170.16,0
18060.0,34,2,1185.46,592.73,190,74,95.0,0.0,1
18061.0,2,18,3955.9,219.77222222222224,361,23,20.055555555555557,2119.41,0
18062.0,12,3,802.85,267.6166666666667,223,23,74.33333333333333,720.52,0
18063.0,16,2,186.60000000000002,93.30000000000001,259,2,129.5,0.0,1
18064.0,72,9,3613.98,401.55333333333334,302,47,33.55555555555556,814.0,0
18065.0,14,14,3436.8,245.4857142857143,356,126,25.428571428571427,2380.08,0
18066.0,12,2,1122.4,561.2,41,35,20.5,318.0,0
18069.0,9,6,2434.83,405.805,275,384,45.833333333333336,1999.34,0
18070.0,295,1,314.1,314.1,295,9,295.0,0.0,1
18071.0,97,4,716.68,179.17,360,34,90.0,453.0,0
18074.0,131,1,529.84,529.84,131,30,131.0,489.6,0
18075.0,0,10,3044.4,304.44,124,115,12.4,2538.7200000000003,0
18076.0,6,1,151.49,151.49,6,8,6.0,0.0,1
18077.0,23,7,1494.3799999999999,213.4828571428571,358,69,51.142857142857146,2584.41,0
18078.0,51,2,389.40000000000003,194.70000000000002,254,43,127.0,336.13,0
18079.0,117,1,590.78,590.78,117,13,117.0,3613.15,0
18083.0,23,1,463.53,463.53,23,36,23.0,0.0,1
18084.0,9,1,88.5,88.5,9,4,9.0,90.47999999999999,0
18085.0,19,2,651.9,325.95,254,26,127.0,689.95,0
18087.0,5,14,10360.7,740.0500000000001,364,39,26.0,3202.9199999999996,0
18089.0,72,1,428.45,428.45,72,9,72.0,0.0,1
18090.0,47,1,321.9,321.9,47,47,47.0,0.0,1
18091.0,219,1,360.85,360.85,219,25,219.0,0.0,1
18092.0,70,7,5621.71,803.1014285714285,361,22,51.57142857142857,9065.76,0
18093.0,70,4,2346.19,586.5475,244,20,61.0,2083.42,0
18094.0,72,6,3352.79,558.7983333333333,327,36,54.5,3017.3,0
18095.0,53,3,1723.04,574.3466666666667,225,22,75.0,580.0500000000001,0
18096.0,68,3,789.1,263.03333333333336,139,153,46.333333333333336,849.06,0
18097.0,11,5,1953.47,390.694,348,30,69.6,2662.4,0
18098.0,22,1,527.94,527.94,22,85,22.0,0.0,1
18100.0,176,1,451.56,451.56,176,30,176.0,0.0,1
18101.0,0,3,399.61,133.20333333333335,300,62,100.0,222.4,0
18102.0,15,85,318751.34,3750.0157647058827,364,279,4.2823529411764705,259657.3,0
18103.0,175,1,105.8,105.8,175,10,175.0,0.0,1
18106.0,102,5,1019.16,203.832,319,112,63.8,421.9,0
18107.0,68,1,165.88,165.88,68,38,68.0,0.0,1
18108.0,222,2,577.8100000000001,288.90500000000003,363,29,181.5,264.65,0
18109.0,1,12,1537.04,128.08666666666667,152,122,12.666666666666666,7879.37,0
18110.0,37,1,193.48000000000002,193.48000000000002,37,29,37.0,168.55,0
18111.0,215,1,398.9,398.9,215,27,215.0,0.0,1
18112.0,44,2,420.67,210.335,177,34,88.5,352.69,0
18115.0,323,1,9.700000000000001,9.700000000000001,323,3,323.0,0.0,1
18116.0,2,5,731.38,146.276,37,142,7.4,1399.51,0
18118.0,0,3,590.84,196.9466666666667,7,126,2.3333333333333335,5564.63,0
18123.0,139,1,92.2,92.2,139,22,139.0,574.4399999999999,0
18124.0,98,1,102.65,102.65,98,20,98.0,0.0,1
18127.0,29,1,209.05,209.05,29,21,29.0,347.08,0
18128.0,163,1,399.29,399.29,163,42,163.0,0.0,1
18131.0,257,1,222.95999999999998,222.95999999999998,257,4,257.0,0.0,1
18132.0,130,1,220.13,220.13,130,60,130.0,0.0,1
18134.0,224,2,445.0,222.5,320,27,160.0,0.0,1
18135.0,18,5,554.96,110.992,260,16,52.0,681.9100000000001,0
18136.0,35,2,769.88,384.94,77,43,38.5,761.83,0
18137.0,177,2,145.99,72.995,177,26,88.5,0.0,1
18140.0,99,1,536.41,536.41,99,49,99.0,0.0,1
18141.0,27,2,838.57,419.285,215,37,107.5,0.0,1
18144.0,8,7,2004.2,286.31428571428575,349,35,49.857142857142854,2888.75,0
18145.0,8,7,2730.4900000000002,390.07000000000005,357,129,51.0,2861.55,0
18148.0,272,1,112.85000000000001,112.85000000000001,272,9,272.0,0.0,1
18149.0,30,4,941.88,235.47,261,52,65.25,612.0799999999999,0
18151.0,46,4,1200.59,300.1475,271,64,67.75,653.35,0
18152.0,272,1,426.69,426.69,272,10,272.0,0.0,1
18153.0,285,1,246.22,246.22,285,17,285.0,0.0,1
18154.0,14,3,533.41,177.8033333333333,116,22,38.666666666666664,399.19,0
18157.0,197,1,213.9,213.9,197,25,197.0,0.0,1
18160.0,12,1,365.82,365.82,12,26,12.0,638.0600000000001,0
18161.0,5,1,184.41,184.41,5,13,5.0,1612.79,0
18162.0,358,1,371.51,371.51,358,45,358.0,0.0,1
18163.0,210,1,639.34,639.34,210,31,210.0,0.0,1
18166.0,249,1,175.5,175.5,249,10,249.0,0.0,1
18168.0,26,10,2206.76,220.67600000000002,362,150,36.2,1150.29,0
18170.0,0,6,1897.69,316.2816666666667,326,49,54.333333333333336,980.31,0
18171.0,96,4,1206.0,301.5,329,34,82.25,1208.51,0
18172.0,13,32,9787.81,305.8690625,354,125,11.0625,7501.42,0
18173.0,238,1,589.52,589.52,238,14,238.0,2106.84,0
18174.0,229,1,58.5,58.5,229,1,229.0,104.0,0
18175.0,301,1,176.1,176.1,301,7,301.0,0.0,1
18177.0,186,3,875.45,291.81666666666666,350,23,116.66666666666667,1313.6200000000001,0
18178.0,28,7,4481.08,640.1542857142857,285,163,40.714285714285715,1573.41,0
18179.0,148,2,754.38,377.19,289,19,144.5,1793.17,0
18181.0,26,4,799.76,199.94,361,117,90.25,366.85,0
18182.0,89,1,291.13,291.13,89,10,89.0,0.0,1
18186.0,348,1,329.58,329.58,348,11,348.0,0.0,1
18187.0,257,1,682.19,682.19,257,47,257.0,0.0,1
18188.0,56,3,1264.7,421.56666666666666,249,54,83.0,1998.94,0
18189.0,251,1,312.24,312.24,251,18,251.0,1084.34,0
18190.0,229,3,461.16,153.72,343,23,114.33333333333333,274.51,0
18191.0,103,1,321.59999999999997,321.59999999999997,103,8,103.0,207.79999999999998,0
18193.0,6,2,942.74,471.37,68,50,34.0,233.81,0
18194.0,64,5,3188.2000000000003,637.6400000000001,306,16,61.2,896.0,0
18195.0,13,1,101.16,101.16,13,5,13.0,0.0,1
18196.0,97,2,768.64,384.32,258,111,129.0,686.63,0
18197.0,201,1,221.4,221.4,201,9,201.0,0.0,1
18199.0,309,1,342.2,342.2,309,20,309.0,0.0,1
18201.0,348,1,447.53000000000003,447.53000000000003,348,27,348.0,0.0,1
18203.0,7,3,322.1,107.36666666666667,357,29,119.0,160.42000000000002,0
18206.0,179,1,314.65999999999997,314.65999999999997,179,19,179.0,0.0,1
18207.0,125,1,515.32,515.32,125,29,125.0,0.0,1
18208.0,191,1,360.08,360.08,191,17,191.0,0.0,1
18210.0,8,1,147.45,147.45,8,10,8.0,2621.38,0
18212.0,303,1,298.3,298.3,303,12,303.0,216.07,0
18214.0,156,4,1480.99,370.2475,180,38,45.0,0.0,1
18215.0,63,4,1924.65,481.1625,249,49,62.25,299.34000000000003,0
18217.0,139,2,283.71,141.855,152,7,76.0,621.75,0
18218.0,222,2,479.91999999999996,239.95999999999998,286,16,143.0,606.22,0
18219.0,15,7,1277.43,182.49,358,51,51.142857142857146,2019.77,0
18220.0,20,5,1493.48,298.696,350,16,70.0,298.92,0
18221.0,16,1,337.03,337.03,16,17,16.0,1033.31,0
18223.0,13,12,7215.21,601.2675,361,127,30.083333333333332,6325.91,0
18225.0,12,14,7399.94,528.5671428571428,361,178,25.785714285714285,5388.66,0
18226.0,4,15,6557.48,437.1653333333333,270,203,18.0,5192.1,0
18229.0,12,8,2873.61,359.20125,362,24,45.25,7276.900000000001,0
18230.0,4,2,1399.8600000000001,699.9300000000001,151,41,75.5,2797.6000000000004,0
18231.0,32,23,4760.8,206.9913043478261,324,148,14.08695652173913,2054.67,0
18234.0,177,1,179.6,179.6,177,30,177.0,0.0,1
18236.0,14,6,913.11,152.185,229,43,38.166666666666664,882.24,0
18238.0,141,1,270.92,270.92,141,14,141.0,0.0,1
18239.0,48,1,150.65,150.65,48,8,48.0,1561.6100000000001,0
18241.0,41,4,896.0,224.0,243,41,60.75,2058.09,0
18242.0,71,4,1372.72,343.18,323,46,80.75,2232.4900000000002,0
18243.0,40,1,515.78,515.78,40,26,40.0,0.0,1
18244.0,56,2,568.64,284.32,128,19,64.0,0.0,1
18245.0,5,13,3669.17,282.24384615384616,267,219,20.53846153846154,2567.06,0
18246.0,235,1,162.72,162.72,235,1,235.0,596.1,0
18247.0,40,3,733.33,244.44333333333336,257,26,85.66666666666667,0.0,1
18251.0,71,8,21964.14,2745.5175,343,77,42.875,4314.72,0
18252.0,174,5,1015.42,203.084,347,35,69.4,518.27,0
18253.0,268,1,317.88,317.88,268,7,268.0,0.0,1
18254.0,207,1,267.9,267.9,207,16,207.0,0.0,1
18255.0,82,1,199.85,199.85,82,13,82.0,103.3,0
18256.0,13,1,60.599999999999994,60.599999999999994,13,8,13.0,0.0,1
18257.0,72,4,2216.42,554.105,285,133,71.25,2274.03,0
18258.0,90,6,2040.97,340.1616666666667,198,29,33.0,0.0,1
18259.0,11,4,1603.3000000000002,400.82500000000005,357,35,89.25,2338.6000000000004,0
18260.0,0,17,7154.85,420.8735294117647,350,168,20.58823529411765,2580.15,0
18262.0,19,2,428.06,214.03,228,27,114.0,149.48,0
18264.0,124,1,603.25,603.25,124,36,124.0,0.0,1
18266.0,60,1,251.1,251.1,60,14,60.0,0.0,1
18267.0,298,1,255.82,255.82,298,17,298.0,0.0,1
18268.0,217,5,1425.72,285.144,354,36,70.8,25.5,0
18270.0,58,1,161.4,161.4,58,6,58.0,244.9,0
18271.0,235,2,680.85,340.425,357,19,178.5,0.0,1
18272.0,174,3,1282.55,427.51666666666665,271,49,90.33333333333333,3063.98,0
18273.0,216,1,153.0,153.0,216,1,216.0,204.0,0
18275.0,204,2,741.85,370.925,357,19,178.5,0.0,1
18276.0,18,5,1297.31,259.462,355,68,71.0,323.36,0
18277.0,23,4,1048.97,262.2425,120,48,30.0,110.38,0
18278.0,30,1,240.3,240.3,30,15,30.0,173.9,0
18279.0,145,1,231.33999999999997,231.33999999999997,145,13,145.0,0.0,1
18280.0,20,1,291.85,291.85,20,20,20.0,180.60000000000002,0
18281.0,203,1,120.32,120.32,203,10,203.0,80.82,0
18283.0,8,6,619.37,103.22833333333334,284,158,47.333333333333336,2039.58,0
18284.0,57,1,411.68,411.68,57,27,57.0,0.0,1
18285.0,286,1,377.0,377.0,286,11,286.0,0.0,1
18286.0,102,2,1165.43,582.715,349,65,174.5,0.0,1
18287.0,8,4,2295.71,573.9275,197,76,49.25,1837.28,0
