Customer ID,Recency,Frequency,Monetary,CLV_Target,AOV,Tenure,Unique_Products,Avg_Days_Between_Purchases
12346.0,346,2,169.36,0.0,84.68,464,24,232.0
12347.0,63,4,2434.96,2486.57,608.74,221,90,55.25
12348.0,65,4,1388.3999999999999,270.0,347.09999999999997,255,24,63.75
12349.0,224,2,2221.14,1457.55,1110.57,406,89,203.0
12350.0,127,1,294.4,0.0,294.4,127,16,127.0
12351.0,192,1,300.93,0.0,300.93,192,21,192.0
12352.0,79,5,864.98,744.23,172.996,209,36,41.8
12353.0,21,2,406.76,0.0,203.38,225,23,112.5
12354.0,49,1,1079.4,0.0,1079.4,49,58,49.0
12355.0,31,2,947.61,0.0,473.805,384,35,192.0
12356.0,62,5,5553.38,58.349999999999994,1110.676,241,103,48.2
12357.0,205,1,11229.99,6207.67,11229.99,205,164,205.0
12358.0,192,3,2519.01,928.0600000000001,839.6700000000001,548,51,182.66666666666666
12359.0,6,9,5929.29,2680.55,658.81,551,227,61.22222222222222
12360.0,17,4,2234.41,1378.48,558.6025,472,107,118.0
12361.0,104,4,451.25,0.0,112.8125,499,17,124.75
12362.0,42,2,879.4399999999999,3786.14,439.71999999999997,112,51,56.0
12363.0,59,1,299.1,252.9,299.1,59,16,59.0
12365.0,108,1,320.69,0.0,320.69,108,21,108.0
12366.0,450,1,500.24,0.0,500.24,450,3,450.0
12368.0,445,1,917.6999999999999,0.0,917.6999999999999,445,18,445.0
12369.0,230,3,1511.15,0.0,503.7166666666667,458,89,152.66666666666666
12370.0,91,6,3217.28,739.28,536.2133333333334,485,149,80.83333333333333
12371.0,226,3,1819.42,1527.96,606.4733333333334,462,90,154.0
12372.0,29,2,842.9200000000001,353.12,421.46000000000004,113,31,56.5
12373.0,128,3,927.6500000000001,0.0,309.2166666666667,490,35,163.33333333333334
12374.0,238,2,2046.29,622.93,1023.145,405,46,202.5
12376.0,206,2,383.15,0.0,191.575,234,10,117.0
12377.0,132,4,3266.32,0.0,816.58,406,128,101.5
12378.0,379,1,1407.7,4008.62,1407.7,379,82,379.0
12379.0,239,2,692.98,775.29,346.49,351,36,175.5
12380.0,2,5,5309.99,1861.01,1061.998,479,123,95.8
12383.0,1,5,1617.31,0.0,323.462,169,83,33.8
12385.0,196,1,1668.4,0.0,1668.4,196,64,196.0
12386.0,154,2,401.9,0.0,200.95,183,10,91.5
12387.0,232,1,143.94,0.0,143.94,232,9,232.0
12388.0,92,5,1886.7,2014.41,377.34000000000003,399,52,79.8
12389.0,219,3,1433.33,0.0,477.77666666666664,472,41,157.33333333333334
12391.0,281,5,2259.58,439.66,451.916,479,159,95.8
12392.0,408,1,234.75000000000003,0.0,234.75000000000003,408,7,408.0
12393.0,62,5,1855.25,521.5,371.05,245,53,49.0
12394.0,34,1,351.08,729.4,351.08,34,20,34.0
12395.0,28,9,2930.46,1290.3600000000001,325.6066666666667,419,116,46.55555555555556
12396.0,491,1,931.43,0.0,931.43,491,65,491.0
12399.0,30,5,1532.6000000000001,309.7,306.52000000000004,461,54,92.2
12400.0,231,1,205.25,0.0,205.25,231,11,231.0
12401.0,120,1,69.3,0.0,69.3,120,4,120.0
12402.0,140,6,1124.15,0.0,187.35833333333335,487,41,81.16666666666667
12403.0,338,1,555.6600000000001,391.7,555.6600000000001,338,3,338.0
12406.0,216,3,2791.46,3280.75,930.4866666666667,514,43,171.33333333333334
12407.0,52,2,450.96,1056.16,225.48,81,22,40.5
12408.0,77,5,2005.46,1854.31,401.092,315,65,63.0
12409.0,237,3,12033.539999999999,11056.93,4011.18,382,125,127.33333333333333
12410.0,125,3,761.46,0.0,253.82000000000002,319,35,106.33333333333333
12411.0,226,1,346.9,0.0,346.9,226,22,226.0
12412.0,219,3,1246.15,1142.88,415.3833333333334,356,49,118.66666666666667
12413.0,53,3,685.3000000000001,176.20000000000002,228.43333333333337,219,36,73.0
12414.0,34,3,442.41,0.0,147.47,127,15,42.333333333333336
12415.0,20,10,69409.04,73697.98,6940.9039999999995,344,292,34.4
12416.0,473,1,202.56,0.0,202.56,473,11,473.0
12417.0,4,16,4347.83,1541.88,271.739375,550,209,34.375
12418.0,230,3,1347.67,668.58,449.22333333333336,447,61,149.0
12419.0,202,2,391.01,0.0,195.505,230,22,115.0
12421.0,136,3,360.01,509.59000000000003,120.00333333333333,322,26,107.33333333333333
12422.0,141,10,3194.29,445.06,319.429,538,111,53.8
12423.0,8,8,1953.77,337.42,244.22125,282,112,35.25
12424.0,239,2,1579.07,1760.96,789.535,365,59,182.5
12425.0,265,1,903.61,777.2,903.61,265,51,265.0
12426.0,11,2,1167.41,0.0,583.705,479,71,239.5
12427.0,188,1,192.55,389.82,192.55,188,9,188.0
12428.0,59,5,5085.03,1280.97,1017.006,100,226,20.0
12429.0,44,6,3973.4900000000002,1868.92,662.2483333333333,363,85,60.5
12431.0,17,17,6702.9,3260.76,394.2882352941176,510,193,30.0
12433.0,183,5,7205.39,9588.75,1441.078,293,163,58.6
12434.0,77,2,542.59,519.89,271.295,198,32,99.0
12435.0,84,5,10075.03,3850.9,2015.006,554,81,110.8
12437.0,15,28,8353.23,2688.32,298.32964285714286,554,224,19.785714285714285
12439.0,499,2,1089.18,0.0,544.59,542,66,271.0
12440.0,279,2,648.15,0.0,324.075,534,20,267.0
12441.0,183,1,155.55,0.0,155.55,183,10,183.0
12443.0,549,1,365.31,0.0,365.31,549,20,549.0
12445.0,237,1,293.08000000000004,77.4,293.08000000000004,237,20,237.0
12447.0,60,1,431.49,0.0,431.49,60,25,60.0
12449.0,4,2,1447.53,2827.36,723.765,255,56,127.5
12450.0,216,3,469.07,197.88,156.35666666666665,291,24,97.0
12451.0,35,5,8818.83,3687.7,1763.766,346,259,69.2
12454.0,212,1,4098.96,0.0,4098.96,212,8,212.0
12455.0,6,6,5303.39,419.56,883.8983333333334,538,167,89.66666666666667
12456.0,71,1,780.17,1773.72,780.17,71,40,71.0
12457.0,55,3,1107.98,925.1800000000001,369.32666666666665,252,36,84.0
12458.0,101,3,1077.01,425.48,359.00333333333333,304,57,101.33333333333333
12459.0,422,1,398.36,0.0,398.36,422,22,422.0
12460.0,273,1,296.65,0.0,296.65,273,17,273.0
12462.0,120,1,573.31,298.7,573.31,120,39,120.0
12463.0,23,2,570.55,605.03,285.275,58,31,29.0
12464.0,17,4,439.84999999999997,517.1999999999999,109.96249999999999,126,5,31.5
12468.0,4,5,3204.09,0.0,640.818,499,126,99.8
12469.0,339,2,3070.54,0.0,1535.27,353,76,176.5
12470.0,506,1,211.95,0.0,211.95,506,23,506.0
12471.0,27,56,23634.44,9728.43,422.0435714285714,549,186,9.803571428571429
12472.0,84,15,11108.8,3150.12,740.5866666666666,542,321,36.13333333333333
12473.0,8,1,549.23,1996.04,549.23,8,30,8.0
12474.0,17,19,6788.19,4158.76,357.2731578947368,483,254,25.42105263157895
12475.0,226,1,396.26,669.38,396.26,226,24,226.0
12476.0,35,12,8268.35,3654.13,689.0291666666667,318,270,26.5
12477.0,56,5,11624.9,8555.29,2324.98,440,249,88.0
12480.0,84,5,3308.74,1496.36,661.7479999999999,324,119,64.8
12481.0,21,11,8645.38,2243.77,785.9436363636363,424,205,38.54545454545455
12482.0,393,27,21941.72,0.0,812.6562962962963,470,41,17.40740740740741
12483.0,22,15,2832.46,1175.47,188.83066666666667,494,47,32.93333333333333
12484.0,153,6,2591.45,2902.7,431.9083333333333,498,182,83.0
12485.0,346,1,708.1,0.0,708.1,346,34,346.0
12486.0,248,1,917.28,0.0,917.28,248,48,248.0
12487.0,547,1,285.29999999999995,0.0,285.29999999999995,547,2,547.0
12489.0,153,1,298.93,0.0,298.93,153,14,153.0
12490.0,31,12,4969.43,3790.21,414.1191666666667,555,135,46.25
12492.0,220,1,380.0,227.21,380.0,220,21,220.0
12493.0,14,1,179.55,183.24,179.55,14,10,14.0
12494.0,13,6,1056.1100000000001,400.76,176.01833333333335,393,53,65.5
12495.0,457,1,243.4,0.0,243.4,457,14,457.0
12496.0,437,2,45.34,0.0,22.67,437,10,218.5
12497.0,217,2,5043.400000000001,953.1,2521.7000000000003,461,29,230.5
12499.0,377,1,357.72,0.0,357.72,377,26,377.0
12500.0,83,11,2616.14,2888.07,237.83090909090907,490,64,44.54545454545455
12501.0,153,1,1945.68,0.0,1945.68,153,147,153.0
12502.0,34,3,1478.65,1517.22,492.8833333333334,126,60,42.0
12503.0,401,1,896.0,0.0,896.0,401,1,401.0
12504.0,234,2,261.0,92.65,130.5,413,7,206.5
12505.0,225,1,744.5,0.0,744.5,225,40,225.0
12506.0,49,1,73.5,0.0,73.5,49,23,49.0
12507.0,115,2,776.16,690.65,388.08,401,39,200.5
12509.0,101,1,158.5,0.0,158.5,101,6,101.0
12510.0,142,6,2771.81,217.52,461.9683333333333,552,92,92.0
12511.0,245,1,3065.77,0.0,3065.77,245,189,245.0
12514.0,84,2,1597.76,0.0,798.88,458,76,229.0
12515.0,170,1,278.7,0.0,278.7,170,15,170.0
12516.0,247,2,1102.56,1186.06,551.28,416,37,208.0
12517.0,7,1,749.7,1513.95,749.7,7,125,7.0
12519.0,293,1,318.35,276.84,318.35,293,20,293.0
12520.0,21,3,1478.56,828.7,492.8533333333333,90,92,30.0
12523.0,69,16,2714.62,1173.38,169.66375,549,124,34.3125
12524.0,21,14,8287.02,1472.3400000000001,591.9300000000001,486,127,34.714285714285715
12525.0,315,3,790.9300000000001,0.0,263.6433333333334,464,54,154.66666666666666
12527.0,111,4,653.72,63.790000000000006,163.43,346,23,86.5
12528.0,93,2,675.46,958.82,337.73,129,37,64.5
12529.0,345,1,311.78000000000003,0.0,311.78000000000003,345,21,345.0
12530.0,50,7,2583.23,746.63,369.03285714285715,459,74,65.57142857142857
12531.0,503,1,1611.83,125.22,1611.83,503,108,503.0
12533.0,444,2,1005.99,0.0,502.995,555,54,277.5
12535.0,3,1,371.45,344.9,371.45,3,18,3.0
12537.0,225,1,612.94,0.0,612.94,225,42,225.0
12538.0,195,1,276.5,363.95,276.5,195,13,195.0
12539.0,79,6,10136.09,1050.66,1689.3483333333334,533,246,88.83333333333333
12540.0,3,22,13071.07,6100.97,594.1395454545454,549,245,24.954545454545453
12541.0,97,1,284.40000000000003,556.78,284.40000000000003,97,16,97.0
12542.0,301,2,423.38,0.0,211.69,457,36,228.5
12543.0,265,1,840.25,0.0,840.25,265,42,265.0
12545.0,76,1,544.15,288.24,544.15,76,33,76.0
12547.0,14,3,299.58,0.0,99.86,317,12,105.66666666666667
12549.0,392,5,1570.68,0.0,314.136,514,37,102.8
12551.0,174,1,168.0,0.0,168.0,174,10,174.0
12553.0,21,7,2270.89,1773.93,324.41285714285715,240,87,34.285714285714285
12554.0,265,1,384.5,0.0,384.5,265,25,265.0
12557.0,73,6,10959.800000000001,7136.34,1826.6333333333334,539,15,89.83333333333333
12559.0,127,2,500.21000000000004,0.0,250.10500000000002,136,19,68.0
12561.0,119,1,238.85,0.0,238.85,119,16,119.0
12562.0,15,3,1432.14,2994.78,477.38000000000005,252,42,84.0
12563.0,225,1,221.24,0.0,221.24,225,12,225.0
12564.0,78,1,402.9,0.0,402.9,78,20,78.0
12565.0,105,1,131.17,0.0,131.17,105,9,105.0
12567.0,1,10,5859.16,4566.28,585.9159999999999,483,227,48.3
12568.0,461,1,52.0,0.0,52.0,461,4,461.0
12569.0,35,5,816.62,2312.37,163.324,69,28,13.8
12573.0,44,5,717.41,0.0,143.482,282,107,56.4
12574.0,132,1,182.45000000000002,0.0,182.45000000000002,132,10,132.0
12575.0,274,2,568.8199999999999,0.0,284.40999999999997,343,33,171.5
12576.0,35,5,1118.54,885.3299999999999,223.708,343,70,68.6
12577.0,176,6,1186.3899999999999,395.56,197.73166666666665,553,195,92.16666666666667
12578.0,147,3,2977.85,989.85,992.6166666666667,260,108,86.66666666666667
12580.0,63,2,962.9,0.0,481.45,393,51,196.5
12582.0,55,4,1820.4,0.0,455.1,394,87,98.5
12583.0,17,17,8606.94,3802.95,506.29058823529414,550,101,32.35294117647059
12584.0,2,2,489.04,1345.71,244.52,97,21,48.5
12585.0,51,2,1768.51,0.0,884.255,168,76,84.0
12586.0,191,3,1848.73,196.94000000000003,616.2433333333333,540,75,180.0
12588.0,216,2,524.08,174.89999999999998,262.04,414,26,207.0
12589.0,238,3,2177.4900000000002,574.68,725.83,506,98,168.66666666666666
12590.0,28,1,9338.38,0.0,9338.38,28,67,28.0
12591.0,134,3,1114.95,0.0,371.65000000000003,225,62,75.0
12592.0,30,3,1535.84,187.8,511.94666666666666,336,38,112.0
12593.0,35,1,200.0,182.1,200.0,35,10,35.0
12594.0,9,10,3289.28,1573.23,328.928,463,69,46.3
12595.0,321,1,281.02,0.0,281.02,321,18,321.0
12596.0,59,1,213.95,236.32,213.95,59,14,59.0
12597.0,85,1,432.15000000000003,2634.98,432.15000000000003,85,29,85.0
12598.0,37,5,2407.33,1665.34,481.466,465,94,93.0
12599.0,25,9,1530.0,496.72,170.0,394,38,43.77777777777778
12600.0,21,16,3204.52,1139.08,200.2825,549,38,34.3125
12601.0,6,6,565.76,0.0,94.29333333333334,221,23,36.833333333333336
12604.0,78,1,160.5,75.68,160.5,78,9,78.0
12605.0,193,3,1117.45,0.0,372.48333333333335,275,62,91.66666666666667
12608.0,221,1,415.79,0.0,415.79,221,16,221.0
12609.0,3,8,2731.7400000000002,290.12,341.46750000000003,536,116,67.0
12613.0,14,8,4413.86,1630.46,551.7325,542,168,67.75
12614.0,94,1,315.6,0.0,315.6,94,20,94.0
12615.0,230,4,3099.64,2093.19,774.91,448,142,112.0
12616.0,114,2,545.5,391.84999999999997,272.75,205,24,102.5
12619.0,51,3,735.8,2313.15,245.26666666666665,377,20,125.66666666666667
12620.0,21,1,561.66,741.75,561.66,21,33,21.0
12621.0,17,25,16162.7,5738.0,646.508,485,242,19.4
12622.0,49,1,162.1,0.0,162.1,49,10,49.0
12623.0,93,7,3315.84,0.0,473.6914285714286,513,111,73.28571428571429
12625.0,28,4,4632.48,0.0,1158.12,413,143,103.25
12626.0,133,2,986.55,4735.8,493.275,143,53,71.5
12629.0,202,2,1198.22,0.0,599.11,240,39,120.0
12631.0,273,5,2811.77,480.5,562.354,510,105,102.0
12632.0,337,2,684.88,0.0,342.44,381,30,190.5
12633.0,13,5,4674.78,398.43,934.9559999999999,342,207,68.4
12634.0,365,1,360.0,0.0,360.0,365,19,365.0
12635.0,209,2,1115.23,1509.18,557.615,273,76,136.5
12637.0,56,8,4491.41,3579.75,561.42625,360,227,45.0
12638.0,456,1,169.8,511.69,169.8,456,8,456.0
12639.0,55,3,1072.37,0.0,357.45666666666665,444,57,148.0
12643.0,37,8,5640.1,1707.72,705.0125,428,11,53.5
12644.0,247,3,1319.63,477.91,439.8766666666667,511,73,170.33333333333334
12645.0,36,6,2308.62,866.48,384.77,485,90,80.83333333333333
12647.0,16,30,12722.33,1204.51,424.0776666666667,512,222,17.066666666666666
12648.0,254,3,723.95,300.05,241.3166666666667,518,31,172.66666666666666
12649.0,29,6,1829.99,230.51000000000002,304.99833333333333,513,83,85.5
12651.0,151,4,365.3,0.0,91.325,282,30,70.5
12652.0,148,2,885.58,0.0,442.79,251,50,125.5
12653.0,113,2,2730.08,1430.75,1365.04,343,55,171.5
12654.0,14,3,301.75,228.23000000000002,100.58333333333333,112,18,37.333333333333336
12655.0,240,1,243.35000000000002,0.0,243.35000000000002,240,15,240.0
12656.0,20,5,3453.31,2185.07,690.662,379,116,75.8
12661.0,253,1,162.0,0.0,162.0,253,11,253.0
12662.0,4,14,4241.99,1849.7,302.9992857142857,434,122,31.0
12663.0,441,2,150.0,0.0,75.0,485,7,242.5
12664.0,49,4,2211.7400000000002,3208.3,552.9350000000001,543,4,135.75
12665.0,141,3,247.45,0.0,82.48333333333333,486,12,162.0
12666.0,211,1,1020.98,0.0,1020.98,211,29,211.0
12668.0,76,8,9132.55,709.51,1141.56875,494,256,61.75
12669.0,73,1,1028.3,399.43,1028.3,73,68,73.0
12670.0,16,4,1628.6299999999999,1797.76,407.15749999999997,483,43,120.75
12671.0,423,1,2622.48,0.0,2622.48,423,44,423.0
12672.0,146,2,380.5,0.0,190.25,412,20,206.0
12673.0,143,2,786.4,353.62,393.2,218,51,109.0
12674.0,24,1,550.74,1245.6200000000001,550.74,24,16,24.0
12675.0,370,2,849.55,0.0,424.775,395,110,197.5
12676.0,7,7,1950.65,382.44,278.6642857142857,300,56,42.857142857142854
12677.0,372,2,359.1,0.0,179.55,483,12,241.5
12678.0,4,10,21207.03,10958.1,2120.703,518,171,51.8
12679.0,22,2,761.13,147.34000000000003,380.565,100,41,50.0
12681.0,4,35,22343.99,4371.25,638.3997142857144,543,411,15.514285714285714
12682.0,9,31,14347.59,6300.53,462.82548387096773,555,250,17.903225806451612
12683.0,1,16,7303.61,2885.16,456.475625,543,187,33.9375
12684.0,14,2,815.1,1258.53,407.55,30,30,15.0
12686.0,188,1,71.14,0.0,71.14,188,6,188.0
12687.0,297,1,1858.91,0.0,1858.91,297,125,297.0
12690.0,22,1,335.01,0.0,335.01,22,15,22.0
12691.0,136,3,468.8,575.6,156.26666666666668,237,16,79.0
12692.0,454,1,110.95,0.0,110.95,454,13,454.0
12693.0,28,6,1173.23,179.19,195.53833333333333,339,57,56.5
12694.0,238,1,897.78,761.67,897.78,238,45,238.0
12695.0,27,4,878.27,492.85,219.5675,482,30,120.5
12696.0,251,2,731.91,0.0,365.955,325,42,162.5
12698.0,407,1,285.75,0.0,285.75,407,15,407.0
12699.0,234,1,566.11,0.0,566.11,234,40,234.0
12700.0,32,1,984.43,3541.56,984.43,32,61,32.0
12701.0,59,5,1823.78,424.63,364.756,450,91,90.0
12703.0,450,2,545.48,256.7,272.74,501,41,250.5
12705.0,18,8,7510.91,3439.59,938.86375,350,248,43.75
12707.0,108,1,603.42,0.0,603.42,108,33,108.0
12708.0,17,13,3212.67,1183.9,247.12846153846155,538,98,41.38461538461539
12709.0,7,25,24372.68,4383.79,974.9072,547,172,21.88
12710.0,18,1,628.51,376.06,628.51,18,43,18.0
12711.0,428,2,1213.05,0.0,606.525,493,55,246.5
12712.0,17,16,3919.13,1887.65,244.945625,547,114,34.1875
12714.0,23,9,10138.77,2676.94,1126.53,552,364,61.333333333333336
12717.0,62,2,737.6700000000001,321.24,368.83500000000004,407,42,203.5
12720.0,9,14,3657.87,3053.46,261.27642857142854,323,184,23.071428571428573
12721.0,63,5,2151.52,1404.31,430.304,288,122,57.6
12724.0,149,4,1297.01,786.51,324.2525,352,68,88.0
12725.0,188,3,1906.76,0.0,635.5866666666667,401,91,133.66666666666666
12726.0,1,9,2638.82,1051.78,293.20222222222225,441,51,49.0
12727.0,4,8,3890.23,1000.3,486.27875,471,111,58.875
12728.0,74,4,725.15,201.01999999999998,181.2875,200,38,50.0
12730.0,338,1,703.25,0.0,703.25,338,46,338.0
12731.0,29,11,14890.89,10649.32,1353.7172727272728,464,105,42.18181818181818
12733.0,51,4,2325.97,0.0,581.4925,506,116,126.5
12734.0,169,3,603.65,0.0,201.21666666666667,209,16,69.66666666666667
12735.0,132,2,689.5699999999999,0.0,344.78499999999997,154,37,77.0
12736.0,149,1,144.0,0.0,144.0,149,3,149.0
12738.0,189,1,137.35,0.0,137.35,189,10,189.0
12739.0,211,1,1445.69,975.54,1445.69,211,49,211.0
12741.0,350,1,236.07,0.0,236.07,350,15,350.0
12742.0,442,1,1185.02,0.0,1185.02,442,66,442.0
12744.0,65,6,8209.58,4948.58,1368.2633333333333,408,172,68.0
12745.0,303,2,723.85,0.0,361.925,391,20,195.5
12746.0,357,1,242.75,0.0,242.75,357,17,357.0
12747.0,15,21,6714.82,2104.61,319.75333333333333,549,79,26.142857142857142
12748.0,1,201,25912.52,20847.0,128.91800995024875,552,1650,2.746268656716418
12749.0,30,5,3252.34,3036.1,650.4680000000001,338,155,67.6
12751.0,261,1,268.27,0.0,268.27,261,61,261.0
12753.0,65,4,12702.42,8322.36,3175.605,179,87,44.75
12754.0,52,3,3010.74,0.0,1003.5799999999999,125,49,41.666666666666664
12755.0,97,3,2838.25,0.0,946.0833333333334,321,15,107.0
12757.0,2,2,846.03,3315.7200000000003,423.015,28,78,14.0
12758.0,93,6,8557.6,1221.4,1426.2666666666667,555,166,92.5
12759.0,92,6,3622.1,996.64,603.6833333333333,552,160,92.0
12760.0,272,1,317.8,0.0,317.8,272,20,272.0
12761.0,281,1,712.95,0.0,712.95,281,25,281.0
12763.0,186,1,320.08,174.0,320.08,186,16,186.0
12764.0,133,1,1693.88,0.0,1693.88,133,45,133.0
12765.0,289,6,1299.58,0.0,216.59666666666666,458,48,76.33333333333333
12766.0,57,6,5231.22,2861.92,871.87,224,199,37.333333333333336
12767.0,192,1,949.82,0.0,949.82,192,43,192.0
12769.0,55,1,1143.6,0.0,1143.6,55,32,55.0
12770.0,27,2,3042.45,0.0,1521.225,273,17,136.5
12771.0,302,1,206.5,0.0,206.5,302,13,302.0
12774.0,352,1,83.7,0.0,83.7,352,5,352.0
12775.0,6,6,1309.96,206.36,218.32666666666668,226,43,37.666666666666664
12776.0,484,1,27.5,0.0,27.5,484,3,484.0
12777.0,274,1,519.45,0.0,519.45,274,26,274.0
12778.0,76,6,1211.51,330.17,201.91833333333332,419,65,69.83333333333333
12779.0,6,12,5196.01,962.59,433.00083333333333,553,121,46.083333333333336
12780.0,415,1,322.4,0.0,322.4,415,19,415.0
12781.0,101,1,470.0,237.48,470.0,101,14,101.0
12782.0,70,9,3148.82,627.97,349.86888888888893,336,120,37.333333333333336
12784.0,346,1,1034.33,476.82,1034.33,346,71,346.0
12785.0,181,3,883.7,0.0,294.56666666666666,548,40,182.66666666666666
12786.0,426,1,668.5,0.0,668.5,426,17,426.0
12787.0,9,2,523.62,275.56,261.81,230,27,115.0
12788.0,280,4,384.9,0.0,96.225,345,19,86.25
12789.0,329,2,148.5,76.85,74.25,510,1,255.0
12790.0,9,2,518.45,0.0,259.225,227,34,113.5
12791.0,190,5,656.83,0.0,131.366,441,15,88.2
12792.0,73,2,715.01,0.0,357.505,351,38,175.5
12793.0,151,3,745.53,0.0,248.51,218,33,72.66666666666667
12796.0,445,1,351.0,0.0,351.0,445,6,445.0
12797.0,182,2,387.43,0.0,193.715,241,21,120.5
12798.0,238,1,1533.8899999999999,6977.04,1533.8899999999999,238,25,238.0
12799.0,346,1,219.35,0.0,219.35,346,15,346.0
12800.0,287,2,500.25,0.0,250.125,493,30,246.5
12801.0,317,1,831.87,0.0,831.87,317,49,317.0
12802.0,3,5,2120.42,0.0,424.084,380,104,76.0
12803.0,210,1,1017.81,0.0,1017.81,210,54,210.0
12804.0,282,2,325.37,0.0,162.685,317,60,158.5
12805.0,198,4,1230.95,0.0,307.7375,491,43,122.75
12806.0,389,2,2558.96,0.0,1279.48,405,56,202.5
12807.0,200,1,250.35,0.0,250.35,200,15,200.0
12808.0,1,4,546.4,202.3,136.6,279,34,69.75
12809.0,382,2,949.28,400.36,474.64,464,51,232.0
12810.0,351,2,534.99,0.0,267.495,493,32,246.5
12811.0,78,4,893.9,0.0,223.475,244,46,61.0
12813.0,318,3,1621.8,0.0,540.6,510,36,170.0
12815.0,15,1,495.36,368.1,495.36,15,30,15.0
12817.0,98,3,570.98,0.0,190.32666666666668,251,15,83.66666666666667
12818.0,78,1,1160.38,0.0,1160.38,78,13,78.0
12819.0,275,1,540.52,0.0,540.52,275,19,275.0
12820.0,143,8,1876.06,771.88,234.5075,551,89,68.875
12821.0,31,2,220.8,0.0,110.4,428,13,214.0
12823.0,71,16,5736.5,765.0,358.53125,496,1,31.0
12825.0,338,2,518.63,0.0,259.315,458,20,229.0
12826.0,133,8,2013.18,771.02,251.6475,538,82,67.25
12829.0,153,3,345.35,0.0,115.11666666666667,367,17,122.33333333333333
12831.0,79,3,451.11,0.0,150.37,280,16,93.33333333333333
12834.0,99,1,312.38,0.0,312.38,99,18,99.0
12835.0,244,41,5981.09,0.0,145.88024390243902,553,138,13.487804878048781
12836.0,36,13,5571.62,948.96,428.5861538461538,555,243,42.69230769230769
12837.0,386,1,528.5600000000001,134.1,528.5600000000001,386,73,386.0
12838.0,190,9,2672.3,281.16,296.9222222222222,409,176,45.44444444444444
12839.0,15,16,5364.19,4195.53,335.261875,549,121,34.3125
12840.0,31,5,2865.07,1148.8,573.014,491,101,98.2
12841.0,39,27,4867.61,1940.39,180.28185185185183,336,219,12.444444444444445
12842.0,125,3,1109.73,808.26,369.91,554,27,184.66666666666666
12843.0,3,23,5616.32,630.75,244.1878260869565,543,110,23.608695652173914
12844.0,259,2,322.64,325.96000000000004,161.32,410,43,205.0
12845.0,84,4,354.09,0.0,88.5225,107,26,26.75
12847.0,204,1,765.36,843.64,765.36,204,34,204.0
12848.0,492,1,208.0,0.0,208.0,492,16,492.0
12849.0,85,5,2674.54,341.44,534.908,408,109,81.6
12850.0,262,1,330.0,0.0,330.0,262,2,262.0
12851.0,294,1,148.95,131.81,148.95,294,30,294.0
12852.0,111,1,299.75,0.0,299.75,111,17,111.0
12853.0,56,8,2709.4,1019.1,338.675,489,81,61.125
12854.0,58,6,2393.44,505.88,398.9066666666667,545,164,90.83333333333333
12855.0,189,4,612.84,0.0,153.21,219,65,54.75
12857.0,27,6,3684.25,0.0,614.0416666666666,500,71,83.33333333333333
12858.0,200,1,147.27,0.0,147.27,200,36,200.0
12859.0,275,1,575.1,0.0,575.1,275,21,275.0
12860.0,510,1,54.22,0.0,54.22,510,16,510.0
12861.0,436,1,68.25,0.0,68.25,436,4,436.0
12862.0,242,2,984.62,0.0,492.31,312,119,156.0
12863.0,196,5,2254.35,521.2,450.87,406,23,81.2
12864.0,325,1,152.45,147.12,152.45,325,4,325.0
12865.0,195,2,1735.08,1568.23,867.54,293,92,146.5
12866.0,100,3,1092.35,0.0,364.1166666666666,319,57,106.33333333333333
12867.0,31,10,5530.89,2251.25,553.089,540,302,54.0
12868.0,2,8,2043.76,0.0,255.47,209,86,26.125
12869.0,498,1,337.66999999999996,0.0,337.66999999999996,498,35,498.0
12870.0,192,3,1662.75,0.0,554.25,441,85,147.0
12871.0,24,2,495.38,248.64,247.69,256,9,128.0
12872.0,143,12,3282.26,0.0,273.5216666666667,553,217,46.083333333333336
12873.0,99,3,2027.3,0.0,675.7666666666667,498,33,166.0
12874.0,202,2,858.42,0.0,429.21,371,42,185.5
12875.0,179,4,1307.52,49.470000000000006,326.88,514,2,128.5
12876.0,13,3,2352.0,1386.59,784.0,407,91,135.66666666666666
12877.0,17,15,2088.41,853.73,139.22733333333332,507,80,33.8
12878.0,53,2,841.64,0.0,420.82,83,38,41.5
12880.0,198,2,640.13,0.0,320.065,391,32,195.5
12881.0,92,1,298.0,0.0,298.0,92,7,92.0
12886.0,36,1,747.69,603.4,747.69,36,47,36.0
12887.0,200,1,222.4,0.0,222.4,200,13,200.0
12888.0,31,2,313.77,0.0,156.885,72,4,36.0
12889.0,198,4,370.61,0.0,92.6525,319,24,79.75
12890.0,204,1,329.3,376.71999999999997,329.3,204,56,204.0
12891.0,2,10,819.5,0.0,81.95,476,2,47.6
12892.0,213,1,263.38,0.0,263.38,213,18,213.0
12894.0,392,1,157.35,0.0,157.35,392,21,392.0
12897.0,21,4,514.25,0.0,128.5625,360,10,90.0
12898.0,280,2,296.21000000000004,0.0,148.10500000000002,476,27,238.0
12899.0,230,1,366.4,0.0,366.4,230,17,230.0
12900.0,239,1,340.33,0.0,340.33,239,13,239.0
12901.0,1,12,7037.56,9261.3,586.4633333333334,87,21,7.25
12902.0,81,1,138.68,0.0,138.68,81,10,81.0
12903.0,245,1,833.53,0.0,833.53,245,41,245.0
12905.0,393,2,1011.82,0.0,505.91,499,52,249.5
12907.0,212,2,508.91,0.0,254.455,311,23,155.5
12908.0,129,3,954.0,432.0,318.0,447,1,149.0
12909.0,18,6,2393.11,642.91,398.8516666666667,470,97,78.33333333333333
12910.0,14,8,3814.48,1932.54,476.81,438,53,54.75
12911.0,368,1,1651.72,0.0,1651.72,368,220,368.0
12913.0,99,11,4666.0,1617.24,424.1818181818182,555,31,50.45454545454545
12914.0,217,1,223.98,0.0,223.98,217,9,217.0
12915.0,189,3,721.2,164.0,240.4,406,39,135.33333333333334
12916.0,18,6,3764.56,693.37,627.4266666666666,501,75,83.5
12917.0,217,5,3735.5,594.0,747.1,547,44,109.4
12920.0,388,3,323.86,162.78,107.95333333333333,542,32,180.66666666666666
12921.0,1,51,23672.420000000002,10452.02,464.1650980392157,555,229,10.882352941176471
12923.0,207,2,597.6,171.57,298.8,392,28,196.0
12924.0,15,11,2137.13,278.43,194.28454545454545,547,44,49.72727272727273
12925.0,409,1,35.28,694.05,35.28,409,5,409.0
12926.0,228,4,1523.59,0.0,380.8975,542,201,135.5
12927.0,211,1,197.31,0.0,197.31,211,11,211.0
12928.0,58,9,3022.23,1282.66,335.80333333333334,366,76,40.666666666666664
12929.0,128,1,102.9,0.0,102.9,128,7,128.0
12931.0,20,46,41531.86,29675.91,902.8665217391305,555,23,12.065217391304348
12932.0,356,8,1698.56,0.0,212.32,484,69,60.5
12933.0,100,6,1120.9,496.78,186.8166666666667,546,157,91.0
12934.0,553,1,181.65,0.0,181.65,553,2,553.0
12935.0,20,10,2887.54,1294.47,288.754,424,77,42.4
12937.0,14,7,2021.57,1076.04,288.79571428571427,553,81,79.0
12939.0,90,15,20911.32,4353.48,1394.088,513,24,34.2
12941.0,541,1,377.49,0.0,377.49,541,27,541.0
12942.0,14,2,396.52000000000004,279.08,198.26000000000002,182,23,91.0
12943.0,375,2,496.5,0.0,248.25,422,22,211.0
12944.0,171,1,286.95,317.56,286.95,171,14,171.0
12945.0,105,2,900.11,0.0,450.055,473,47,236.5
12946.0,253,1,324.45,0.0,324.45,253,20,253.0
12947.0,51,3,855.52,551.77,285.17333333333335,190,60,63.333333333333336
12948.0,31,5,1138.74,1167.44,227.748,554,53,110.8
12949.0,23,17,13474.48,1916.52,792.6164705882353,553,311,32.529411764705884
12951.0,21,13,2738.73,425.69,210.67153846153846,515,100,39.61538461538461
12953.0,339,1,498.96000000000004,329.85,498.96000000000004,339,31,339.0
12954.0,455,1,162.45,0.0,162.45,455,10,455.0
12955.0,20,3,697.42,4036.84,232.47333333333333,84,27,28.0
12956.0,123,4,521.89,0.0,130.4725,541,42,135.25
12957.0,3,9,6348.82,2279.6,705.4244444444444,545,296,60.55555555555556
12958.0,217,2,467.34,0.0,233.67,400,45,200.0
12959.0,301,1,150.95,0.0,150.95,301,8,301.0
12960.0,230,4,1322.07,0.0,330.5175,478,49,119.5
12961.0,196,1,211.99,0.0,211.99,196,37,196.0
12963.0,182,5,1671.76,1490.83,334.352,336,72,67.2
12964.0,254,1,132.24,0.0,132.24,254,26,254.0
12967.0,175,3,2515.12,0.0,838.3733333333333,200,46,66.66666666666667
12969.0,419,1,122.45,0.0,122.45,419,5,419.0
12970.0,139,8,1070.87,381.67,133.85875,552,180,69.0
12971.0,7,71,9107.630000000001,6110.42,128.27647887323945,541,76,7.619718309859155
12972.0,230,4,1115.95,0.0,278.9875,478,69,119.5
12973.0,230,1,385.55,0.0,385.55,230,6,230.0
12974.0,14,2,408.95,0.0,204.475,382,27,191.0
12975.0,253,6,1993.99,0.0,332.33166666666665,550,90,91.66666666666667
12976.0,28,8,3156.38,0.0,394.5475,482,106,60.25
12977.0,318,3,474.64,39.239999999999995,158.21333333333334,328,45,109.33333333333333
12978.0,202,5,2502.82,0.0,500.564,546,126,109.2
12979.0,546,1,479.54,0.0,479.54,546,55,546.0
12980.0,4,19,14133.27,1776.1200000000001,743.8563157894737,554,7,29.157894736842106
12982.0,59,8,2564.22,0.0,320.5275,423,138,52.875
12983.0,415,1,490.08000000000004,0.0,490.08000000000004,415,30,415.0
12986.0,276,7,2037.3400000000001,0.0,291.04857142857145,504,57,72.0
12987.0,14,4,1044.1100000000001,254.4,261.02750000000003,505,48,126.25
12988.0,109,1,505.82,0.0,505.82,109,75,109.0
12989.0,17,25,9384.78,3532.87,375.3912,546,23,21.84
12990.0,2,6,809.9,145.6,134.98333333333332,436,6,72.66666666666667
12991.0,206,1,261.06,503.76,261.06,206,14,206.0
12992.0,542,1,93.35000000000001,0.0,93.35000000000001,542,6,542.0
12993.0,24,6,951.8,239.46,158.63333333333333,476,51,79.33333333333333
12994.0,85,1,316.4,585.82,316.4,85,21,85.0
12996.0,192,1,355.5,0.0,355.5,192,22,192.0
12997.0,53,6,1458.3400000000001,614.67,243.0566666666667,429,52,71.5
12998.0,309,3,897.38,0.0,299.12666666666667,470,57,156.66666666666666
12999.0,13,3,455.88,0.0,151.96,62,25,20.666666666666668
13000.0,76,3,915.6800000000001,76.32000000000001,305.2266666666667,542,55,180.66666666666666
13001.0,1,30,22038.08,1973.47,734.6026666666668,553,294,18.433333333333334
13002.0,135,3,414.13,0.0,138.04333333333332,251,19,83.66666666666667
13003.0,31,1,59.050000000000004,90.0,59.050000000000004,31,4,31.0
13004.0,31,24,7962.78,3197.01,331.78249999999997,541,304,22.541666666666668
13005.0,63,3,742.98,192.05,247.66,274,38,91.33333333333333
13007.0,396,1,175.25,0.0,175.25,396,11,396.0
13008.0,140,3,545.8299999999999,0.0,181.9433333333333,540,29,180.0
13009.0,489,1,234.0,0.0,234.0,489,4,489.0
13010.0,191,2,330.12,0.0,165.06,465,10,232.5
13011.0,189,1,50.550000000000004,0.0,50.550000000000004,189,3,189.0
13012.0,111,4,1656.8300000000002,924.45,414.20750000000004,409,57,102.25
13013.0,29,20,8658.78,2414.7000000000003,432.939,542,246,27.1
13014.0,37,4,3149.98,2072.45,787.495,249,122,62.25
13015.0,14,10,4882.4800000000005,1576.6,488.24800000000005,420,196,42.0
13018.0,13,18,6139.07,3603.7400000000002,341.0594444444444,465,285,25.833333333333332
13019.0,196,6,1212.95,0.0,202.15833333333333,550,46,91.66666666666667
13020.0,379,2,606.96,0.0,303.48,476,38,238.0
13021.0,32,11,2960.23,1846.43,269.1118181818182,551,105,50.09090909090909
13022.0,246,1,50.3,0.0,50.3,246,4,246.0
13023.0,345,1,651.13,599.9,651.13,345,35,345.0
13024.0,287,2,535.42,0.0,267.71,399,26,199.5
13025.0,548,1,323.39,0.0,323.39,548,13,548.0
13026.0,37,6,997.69,715.05,166.28166666666667,543,25,90.5
13027.0,50,16,14071.2,3072.0,879.45,505,7,31.5625
13029.0,170,3,1062.3,865.0,354.09999999999997,340,6,113.33333333333333
13030.0,185,1,402.36,350.08,402.36,185,50,185.0
13031.0,224,5,3292.84,0.0,658.568,371,275,74.2
13032.0,209,7,1801.43,996.52,257.34714285714284,277,110,39.57142857142857
13033.0,174,2,220.55,0.0,110.275,246,12,123.0
13034.0,186,2,279.91,476.90999999999997,139.955,218,16,109.0
13035.0,77,2,775.32,554.13,387.66,248,22,124.0
13036.0,501,1,307.1,0.0,307.1,501,6,501.0
13037.0,36,11,3538.8,303.75,321.70909090909095,553,171,50.27272727272727
13038.0,107,1,395.1,513.36,395.1,107,15,107.0
13039.0,401,4,1010.73,0.0,252.6825,539,37,134.75
13041.0,267,4,799.13,0.0,199.7825,406,23,101.5
13042.0,415,3,1481.84,0.0,493.94666666666666,549,163,183.0
13043.0,90,1,471.57,0.0,471.57,90,13,90.0
13044.0,108,11,4829.35,0.0,439.0318181818182,517,356,47.0
13045.0,218,2,503.64,305.28000000000003,251.82,303,25,151.5
13046.0,83,2,517.66,431.59,258.83,273,31,136.5
13047.0,36,20,6663.32,1449.27,333.166,540,146,27.0
13048.0,55,7,3140.84,865.99,448.6914285714286,498,115,71.14285714285714
13049.0,135,3,881.24,502.90000000000003,293.74666666666667,218,12,72.66666666666667
13050.0,2,27,9199.21,2321.28,340.7114814814814,541,481,20.037037037037038
13051.0,395,2,155.8,0.0,77.9,436,4,218.0
13052.0,29,7,3118.48,0.0,445.4971428571429,471,160,67.28571428571429
13053.0,438,1,127.65,0.0,127.65,438,17,438.0
13055.0,30,2,1435.41,857.1,717.705,246,98,123.0
13056.0,368,1,209.48,0.0,209.48,368,18,368.0
13057.0,347,3,709.59,0.0,236.53,448,34,149.33333333333334
13059.0,66,10,2261.2200000000003,0.0,226.122,435,155,43.5
13060.0,70,1,307.53,0.0,307.53,70,15,70.0
13062.0,8,1,346.98,0.0,346.98,8,11,8.0
13063.0,297,1,188.4,0.0,188.4,297,12,297.0
13064.0,144,3,764.55,902.2900000000001,254.85,408,21,136.0
13065.0,190,5,1050.1000000000001,0.0,210.02000000000004,364,49,72.8
13067.0,226,2,393.05,115.46000000000001,196.525,263,13,131.5
13068.0,136,1,165.0,179.0,165.0,136,1,136.0
13069.0,6,28,6691.76,1717.58,238.99142857142857,360,515,12.857142857142858
13070.0,9,4,751.7,0.0,187.925,549,12,137.25
13071.0,429,1,129.22,0.0,129.22,429,12,429.0
13072.0,83,1,177.15,0.0,177.15,83,7,83.0
13073.0,228,2,418.08,0.0,209.04,254,25,127.0
13074.0,328,4,1362.8400000000001,0.0,340.71000000000004,540,26,135.0
13076.0,274,1,135.4,0.0,135.4,274,9,274.0
13077.0,107,10,2572.67,151.83,257.267,545,175,54.5
13078.0,17,41,20302.44,8092.42,495.1814634146341,555,131,13.536585365853659
13079.0,234,1,199.08,220.10000000000002,199.08,234,11,234.0
13080.0,218,3,202.75,58.08,67.58333333333333,426,10,142.0
13081.0,34,24,42211.98,13789.37,1758.8325000000002,548,626,22.833333333333332
13082.0,52,17,5623.87,1653.45,330.8158823529412,534,86,31.41176470588235
13083.0,242,1,91.67999999999999,303.75,91.67999999999999,242,4,242.0
13084.0,308,1,116.45,0.0,116.45,308,2,308.0
13085.0,112,7,2151.6,137.98000000000002,307.37142857142857,555,41,79.28571428571429
13086.0,199,1,439.33000000000004,0.0,439.33000000000004,199,47,199.0
13087.0,543,1,313.64,0.0,313.64,543,15,543.0
13088.0,234,1,236.11,0.0,236.11,234,19,234.0
13089.0,2,157,80759.38,29172.87,514.3909554140128,554,699,3.5286624203821657
13090.0,55,16,6993.11,5751.82,437.069375,311,111,19.4375
13091.0,546,1,762.98,319.82,762.98,546,23,546.0
13092.0,28,11,1969.25,38.08,179.02272727272728,484,42,44.0
13093.0,92,55,53343.46,0.0,969.8810909090909,552,197,10.036363636363637
13094.0,22,8,1156.74,834.2400000000001,144.5925,206,5,25.75
13096.0,211,1,419.70000000000005,0.0,419.70000000000005,211,1,211.0
13097.0,50,22,9898.9,2919.26,449.95,555,337,25.227272727272727
13098.0,2,9,7647.2699999999995,21103.29,849.6966666666666,134,95,14.88888888888889
13101.0,51,4,695.4,0.0,173.85,498,48,124.5
13102.0,15,28,8468.37,2654.93,302.44178571428574,399,167,14.25
13103.0,254,2,465.70000000000005,243.94,232.85000000000002,394,21,197.0
13104.0,84,5,824.34,884.76,164.868,470,5,94.0
13105.0,253,1,72.0,0.0,72.0,253,1,253.0
13106.0,230,1,526.96,59.5,526.96,230,15,230.0
13107.0,150,6,4164.72,964.78,694.12,490,112,81.66666666666667
13108.0,189,2,748.46,0.0,374.23,252,27,126.0
13109.0,368,1,340.74,766.84,340.74,368,23,368.0
13110.0,74,8,2143.9900000000002,756.1800000000001,267.99875000000003,555,127,69.375
13111.0,535,1,321.88000000000005,0.0,321.88000000000005,535,12,535.0
13112.0,358,1,20.6,0.0,20.6,358,2,358.0
13113.0,9,29,13304.22,2940.27,458.7662068965517,438,149,15.10344827586207
13114.0,547,1,234.38,0.0,234.38,547,16,547.0
13115.0,1,7,4037.9700000000003,1362.08,576.8528571428571,416,161,59.42857142857143
13117.0,34,16,2020.4199999999998,233.54,126.27624999999999,440,113,27.5
13118.0,25,7,1996.39,338.71,285.1985714285714,256,85,36.57142857142857
13119.0,485,1,134.9,0.0,134.9,485,11,485.0
13120.0,55,1,30.599999999999998,0.0,30.599999999999998,55,1,55.0
13121.0,86,1,254.73,0.0,254.73,86,47,86.0
13122.0,57,1,903.67,18.72,903.67,57,54,57.0
13123.0,289,2,506.75,0.0,253.375,346,36,173.0
13124.0,69,3,3401.8,1239.86,1133.9333333333334,202,163,67.33333333333333
13125.0,340,1,148.62,0.0,148.62,340,20,340.0
13126.0,70,10,2676.76,1002.27,267.67600000000004,464,121,46.4
13128.0,448,1,263.5,0.0,263.5,448,1,448.0
13129.0,269,2,233.25,0.0,116.625,346,10,173.0
13131.0,4,5,2565.37,714.4,513.074,485,98,97.0
13132.0,78,1,77.3,0.0,77.3,78,3,78.0
13133.0,90,3,200.45000000000002,0.0,66.81666666666668,276,12,92.0
13134.0,51,4,1171.4,1250.88,292.85,233,43,58.25
13135.0,13,2,3371.45,0.0,1685.725,308,18,154.0
13136.0,29,9,4133.63,1992.67,459.2922222222222,548,160,60.888888888888886
13137.0,69,10,4831.09,2755.85,483.10900000000004,319,482,31.9
13138.0,57,3,685.72,575.54,228.57333333333335,213,30,71.0
13139.0,32,3,4308.06,3885.77,1436.0200000000002,254,123,84.66666666666667
13140.0,183,3,790.71,264.21,263.57,308,68,102.66666666666667
13141.0,31,16,6536.41,987.72,408.525625,547,258,34.1875
13143.0,401,1,399.2,0.0,399.2,401,23,401.0
13144.0,149,2,135.35,0.0,67.675,248,6,124.0
13145.0,189,4,805.0,319.77000000000004,201.25,416,2,104.0
13148.0,49,20,6255.95,1862.93,312.7975,549,367,27.45
13149.0,106,1,376.74,1299.32,376.74,106,18,106.0
13150.0,301,3,435.02,0.0,145.00666666666666,447,7,149.0
13151.0,112,3,2447.21,0.0,815.7366666666667,444,130,148.0
13152.0,234,7,2114.98,0.0,302.14,511,113,73.0
13154.0,216,3,1609.29,0.0,536.43,552,77,184.0
13155.0,143,4,967.92,402.56,241.98,308,68,77.0
13156.0,202,3,1586.54,0.0,528.8466666666667,493,94,164.33333333333334
13157.0,58,7,4424.43,1243.28,632.0614285714286,458,127,65.42857142857143
13158.0,135,2,563.53,944.65,281.765,205,37,102.5
13161.0,130,2,472.13,0.0,236.065,317,30,158.5
13162.0,1,15,8734.09,382.85,582.2726666666666,552,170,36.8
13163.0,427,1,17.65,0.0,17.65,427,2,427.0
13164.0,386,2,308.45,0.0,154.225,484,7,242.0
13165.0,168,2,784.32,666.84,392.16,230,20,115.0
13166.0,100,2,873.43,0.0,436.715,231,55,115.5
13167.0,207,1,333.82,779.33,333.82,207,16,207.0
13168.0,16,4,1486.15,346.53000000000003,371.5375,359,119,89.75
13169.0,69,2,632.4000000000001,207.68,316.20000000000005,379,11,189.5
13171.0,116,1,140.35,286.46,140.35,116,23,116.0
13172.0,217,1,69.6,0.0,69.6,217,1,217.0
13173.0,184,10,2183.26,187.71,218.32600000000002,546,146,54.6
13174.0,133,10,7263.7,708.76,726.37,552,562,55.2
13175.0,399,2,793.1,0.0,396.55,552,39,276.0
13177.0,247,1,229.75,282.45,229.75,247,13,247.0
13178.0,20,15,11007.42,3006.27,733.828,540,178,36.0
13179.0,435,1,572.3100000000001,0.0,572.3100000000001,435,34,435.0
13180.0,424,1,86.10000000000001,0.0,86.10000000000001,424,4,424.0
13181.0,198,1,359.69,0.0,359.69,198,19,198.0
13183.0,25,9,4580.18,2430.7000000000003,508.9088888888889,452,42,50.22222222222222
13184.0,1,5,896.47,718.98,179.294,107,74,21.4
13185.0,84,1,71.4,0.0,71.4,84,1,84.0
13187.0,154,4,309.66,0.0,77.415,441,50,110.25
13190.0,361,3,518.76,0.0,172.92,549,16,183.0
13191.0,475,1,159.21,0.0,159.21,475,57,475.0
13192.0,22,5,2096.91,447.62,419.38199999999995,503,113,100.6
13194.0,238,1,412.08,60.7,412.08,238,7,238.0
13195.0,231,1,136.73,0.0,136.73,231,43,231.0
13196.0,79,4,1773.99,1285.65,443.4975,434,89,108.5
13197.0,426,1,373.01000000000005,0.0,373.01000000000005,426,19,426.0
13198.0,66,5,3598.79,1313.49,719.758,251,204,50.2
13199.0,14,44,9844.34,6076.96,223.735,551,39,12.522727272727273
13201.0,319,4,1233.06,0.0,308.265,459,65,114.75
13202.0,211,7,1571.35,0.0,224.47857142857143,547,55,78.14285714285714
13203.0,59,7,1926.8,703.75,275.25714285714287,539,114,77.0
13204.0,548,1,966.6600000000001,0.0,966.6600000000001,548,57,548.0
13205.0,260,1,2803.2,0.0,2803.2,260,1,260.0
13206.0,217,13,8308.19,0.0,639.0915384615384,549,393,42.23076923076923
13207.0,268,2,285.6,250.26000000000002,142.8,429,4,214.5
13208.0,23,6,1452.61,499.21,242.10166666666666,553,162,92.16666666666667
13209.0,44,8,4946.69,3514.97,618.33625,501,169,62.625
13211.0,178,8,1634.05,984.72,204.25625,550,75,68.75
13213.0,16,8,2731.4700000000003,1103.15,341.43375000000003,385,129,48.125
13214.0,234,7,3264.23,0.0,466.31857142857143,463,207,66.14285714285714
13215.0,219,1,81.6,0.0,81.6,219,1,219.0
13216.0,84,1,333.74,0.0,333.74,84,5,84.0
13217.0,472,1,132.5,133.62,132.5,472,1,472.0
13219.0,435,1,76.23,0.0,76.23,435,11,435.0
13220.0,2,4,1243.29,92.8,310.8225,392,43,98.0
13221.0,57,2,844.86,0.0,422.43,176,61,88.0
13222.0,394,1,88.5,0.0,88.5,394,1,394.0
13223.0,17,6,969.1200000000001,0.0,161.52,482,8,80.33333333333333
13225.0,13,13,13157.31,2721.96,1012.1007692307692,539,53,41.46153846153846
13226.0,90,2,312.46,0.0,156.23,210,28,105.0
13227.0,18,1,257.7,0.0,257.7,18,9,18.0
13229.0,42,1,160.95,0.0,160.95,42,10,42.0
13230.0,18,25,5117.51,947.72,204.7004,448,541,17.92
13232.0,13,3,674.3,653.45,224.76666666666665,60,98,20.0
13233.0,153,3,875.58,300.88,291.86,511,49,170.33333333333334
13234.0,489,2,346.5,0.0,173.25,549,56,274.5
13235.0,29,1,1031.07,0.0,1031.07,29,53,29.0
13237.0,204,1,643.0,0.0,643.0,204,24,204.0
13238.0,177,3,397.05,589.6800000000001,132.35,407,13,135.66666666666666
13239.0,78,5,1579.84,0.0,315.96799999999996,319,86,63.8
13240.0,74,6,1156.8,221.24,192.79999999999998,469,146,78.16666666666667
13241.0,228,1,112.53,0.0,112.53,228,40,228.0
13242.0,30,6,533.0,166.4,88.83333333333333,485,15,80.83333333333333
13243.0,20,5,1220.38,0.0,244.07600000000002,448,165,89.6
13245.0,249,1,558.72,430.5,558.72,249,29,249.0
13246.0,23,9,2911.72,328.28,323.52444444444444,342,206,38.0
13248.0,6,1,387.46999999999997,78.21000000000001,387.46999999999997,6,21,6.0
13249.0,78,7,1189.3600000000001,419.57000000000005,169.90857142857143,501,2,71.57142857142857
13250.0,277,2,245.59,0.0,122.795,319,17,159.5
13251.0,219,1,252.68,0.0,252.68,219,25,219.0
13252.0,211,2,341.3,0.0,170.65,442,18,221.0
13253.0,156,3,2397.19,553.92,799.0633333333334,520,55,173.33333333333334
13254.0,193,1,51.410000000000004,0.0,51.410000000000004,193,4,193.0
13255.0,190,2,504.95,164.96,252.475,329,19,164.5
13257.0,253,1,117.95,0.0,117.95,253,6,253.0
13258.0,22,3,535.4699999999999,473.96,178.48999999999998,217,14,72.33333333333333
13259.0,214,8,1115.61,283.18,139.45125,515,180,64.375
13261.0,85,2,944.1,0.0,472.05,102,8,51.0
13262.0,80,3,573.45,0.0,191.15,417,48,139.0
13263.0,8,19,4673.77,3977.21,245.98789473684212,230,374,12.105263157894736
13264.0,259,1,722.5600000000001,0.0,722.5600000000001,259,38,259.0
13265.0,62,2,1124.88,967.78,562.44,90,39,45.0
13266.0,2,12,4002.3,1963.0,333.52500000000003,539,120,44.916666666666664
13267.0,16,28,6932.31,2279.75,247.5825,549,125,19.607142857142858
13268.0,15,5,1771.49,1342.37,354.298,84,197,16.8
13269.0,35,18,5210.67,3298.0,289.4816666666667,554,185,30.77777777777778
13270.0,183,1,590.0,0.0,590.0,183,1,183.0
13274.0,226,1,360.85,0.0,360.85,226,19,226.0
13275.0,200,2,238.86,0.0,119.43,449,48,224.5
13276.0,214,3,1293.03,590.9300000000001,431.01,459,183,153.0
13277.0,197,3,264.9,258.4,88.3,356,7,118.66666666666667
13278.0,216,3,882.62,542.73,294.20666666666665,427,47,142.33333333333334
13280.0,133,6,2152.33,115.5,358.72166666666664,461,156,76.83333333333333
13281.0,256,1,344.90000000000003,0.0,344.90000000000003,256,22,256.0
13282.0,37,2,482.7,787.44,241.35,223,27,111.5
13283.0,2,3,305.2,68.16,101.73333333333333,457,14,152.33333333333334
13284.0,147,1,196.15,0.0,196.15,147,12,147.0
13285.0,43,4,1828.74,1535.85,457.185,441,112,110.25
13286.0,417,1,734.91,0.0,734.91,417,46,417.0
13287.0,420,3,547.47,0.0,182.49,521,35,173.66666666666666
13288.0,260,5,893.61,0.0,178.722,483,6,96.6
13289.0,540,1,307.95,0.0,307.95,540,16,540.0
13291.0,231,10,2909.68,361.11,290.96799999999996,483,134,48.3
13292.0,101,4,658.42,329.37,164.605,343,40,85.75
13293.0,209,6,1192.94,0.0,198.82333333333335,485,51,80.83333333333333
13294.0,6,3,1689.53,0.0,563.1766666666666,463,93,154.33333333333334
13295.0,176,4,1061.27,0.0,265.3175,393,54,98.25
13296.0,240,5,705.11,87.4,141.022,394,46,78.8
13297.0,202,3,2262.82,2089.85,754.2733333333334,359,57,119.66666666666667
13299.0,85,3,1173.3,0.0,391.09999999999997,345,54,115.0
13300.0,205,2,901.9200000000001,365.29,450.96000000000004,391,28,195.5
13301.0,39,2,327.77,272.42,163.885,109,40,54.5
13302.0,343,1,95.45,63.75,95.45,343,2,343.0
13303.0,217,1,61.72,0.0,61.72,217,4,217.0
13304.0,168,4,1120.79,0.0,280.1975,486,55,121.5
13305.0,62,10,2255.8,1360.61,225.58,456,123,45.6
13306.0,247,1,53.65,0.0,53.65,247,4,247.0
13307.0,304,2,258.34,15.0,129.17,409,14,204.5
13308.0,20,2,1084.01,570.5600000000001,542.005,413,42,206.5
13309.0,23,3,796.22,910.15,265.4066666666667,209,59,69.66666666666667
13310.0,23,4,1195.02,297.78,298.755,219,64,54.75
13312.0,268,1,124.75,0.0,124.75,268,5,268.0
13313.0,32,9,2486.19,945.58,276.24333333333334,554,89,61.55555555555556
13315.0,506,1,310.26,0.0,310.26,506,22,506.0
13316.0,71,7,8707.97,4110.45,1243.9957142857143,456,70,65.14285714285714
13317.0,15,18,5130.38,947.2,285.0211111111111,543,178,30.166666666666668
13319.0,3,45,15212.87,5770.21,338.0637777777778,550,267,12.222222222222221
13320.0,30,4,1135.86,1008.59,283.965,295,60,73.75
13324.0,20,15,7116.3099999999995,3306.66,474.42066666666665,380,30,25.333333333333332
13326.0,249,1,281.76,0.0,281.76,249,13,249.0
13327.0,2,16,7196.2,1745.22,449.7625,538,156,33.625
13328.0,133,1,1308.48,0.0,1308.48,133,17,133.0
13329.0,183,7,4184.02,484.79999999999995,597.7171428571429,552,60,78.85714285714286
13330.0,2,5,2383.39,412.71,476.678,471,66,94.2
13331.0,218,1,262.4,0.0,262.4,218,12,218.0
13333.0,228,3,1015.74,0.0,338.58,475,54,158.33333333333334
13334.0,7,4,5408.07,793.73,1352.0175,469,280,117.25
13337.0,363,1,1550.06,0.0,1550.06,363,85,363.0
13338.0,358,3,1791.8,382.82,597.2666666666667,520,98,173.33333333333334
13339.0,17,1,860.12,0.0,860.12,17,54,17.0
13340.0,93,6,15042.11,7058.45,2507.0183333333334,472,116,78.66666666666667
13341.0,77,1,775.85,0.0,775.85,77,42,77.0
13344.0,94,1,1656.15,855.54,1656.15,94,68,94.0
13345.0,104,1,327.6,0.0,327.6,104,19,104.0
13346.0,279,6,299.4,0.0,49.9,413,4,68.83333333333333
13357.0,74,5,3795.0099999999998,0.0,759.002,444,283,88.8
13358.0,85,1,389.03,0.0,389.03,85,28,85.0
13359.0,220,1,520.7,381.26,520.7,220,30,220.0
13360.0,248,4,1464.1,0.0,366.025,517,57,129.25
13361.0,289,2,1450.5,0.0,725.25,434,29,217.0
13362.0,62,5,3853.61,1503.96,770.722,242,160,48.4
13363.0,226,1,731.36,892.5,731.36,226,42,226.0
13365.0,34,1,700.6,1490.62,700.6,34,39,34.0
13367.0,248,1,460.20000000000005,0.0,460.20000000000005,248,19,248.0
13368.0,73,4,986.1,0.0,246.525,240,44,60.0
13369.0,182,1,213.75,0.0,213.75,182,11,182.0
13370.0,188,1,721.32,0.0,721.32,188,38,188.0
13371.0,322,2,2271.46,0.0,1135.73,449,75,224.5
13373.0,93,4,5262.64,2324.55,1315.66,550,222,137.5
13374.0,231,2,372.8,0.0,186.4,266,16,133.0
13375.0,261,1,1013.58,772.9,1013.58,261,34,261.0
13376.0,20,2,670.0,199.76,335.0,51,33,25.5
13377.0,213,2,1445.43,0.0,722.715,462,70,231.0
13380.0,249,1,62.4,0.0,62.4,249,3,249.0
13381.0,24,8,5645.81,2555.46,705.72625,555,125,69.375
13382.0,97,5,1387.58,0.0,277.51599999999996,548,74,109.6
13383.0,360,1,305.28000000000003,0.0,305.28000000000003,360,1,360.0
13384.0,207,4,2512.81,4122.28,628.2025,317,80,79.25
13385.0,146,1,534.57,0.0,534.57,146,35,146.0
13386.0,231,2,835.46,0.0,417.73,254,24,127.0
13387.0,234,1,181.84,0.0,181.84,234,70,234.0
13388.0,420,1,508.55,627.15,508.55,420,34,420.0
13389.0,49,1,257.89,540.07,257.89,49,18,49.0
13391.0,20,1,59.8,0.0,59.8,20,1,20.0
13392.0,494,1,91.14,0.0,91.14,494,8,494.0
13393.0,400,4,1112.6,0.0,278.15,549,53,137.25
13394.0,31,14,4966.81,1400.97,354.7721428571429,555,199,39.642857142857146
13395.0,2,3,1180.23,0.0,393.41,238,77,79.33333333333333
13396.0,136,1,370.92,954.37,370.92,136,14,136.0
13397.0,111,7,2168.66,937.41,309.8085714285714,505,58,72.14285714285714
13398.0,9,2,670.34,0.0,335.17,265,37,132.5
13399.0,281,3,275.4,0.0,91.8,336,10,112.0
13400.0,399,1,300.93,0.0,300.93,399,23,399.0
13402.0,189,3,913.9000000000001,312.95,304.6333333333334,381,43,127.0
13403.0,204,2,154.5,75.0,77.25,540,6,270.0
13404.0,29,1,217.81,34.68,217.81,29,9,29.0
13405.0,21,5,1181.56,0.0,236.31199999999998,541,32,108.2
13406.0,244,2,559.02,0.0,279.51,448,7,224.0
13407.0,395,3,2177.54,0.0,725.8466666666667,478,83,159.33333333333334
13408.0,7,70,33219.14,16529.420000000002,474.55914285714283,552,233,7.885714285714286
13410.0,4,7,1722.79,449.72,246.11285714285714,548,21,78.28571428571429
13412.0,437,1,487.34999999999997,0.0,487.34999999999997,437,33,437.0
13413.0,456,5,353.12,0.0,70.624,504,37,100.8
13414.0,113,4,1493.64,1000.5,373.41,420,27,105.0
13415.0,289,4,665.42,0.0,166.355,545,85,136.25
13416.0,553,1,228.3,712.5,228.3,553,7,553.0
13417.0,22,5,1189.06,404.83,237.81199999999998,486,42,97.2
13418.0,21,22,8489.43,2752.79,385.8831818181818,545,248,24.772727272727273
13421.0,107,7,3037.48,1008.67,433.92571428571426,480,156,68.57142857142857
13423.0,245,1,217.03,0.0,217.03,245,12,245.0
13424.0,266,1,557.92,0.0,557.92,266,39,266.0
13425.0,111,3,2149.9900000000002,1222.64,716.6633333333334,396,95,132.0
13426.0,55,16,5811.08,2273.3,363.1925,547,124,34.1875
13427.0,32,4,638.4300000000001,368.1,159.60750000000002,539,23,134.75
13428.0,331,2,276.76,201.78,138.38,331,66,165.5
13431.0,223,6,2020.14,1269.1,336.69,476,73,79.33333333333333
13432.0,388,2,436.55,0.0,218.275,429,97,214.5
13433.0,318,4,656.87,0.0,164.2175,513,22,128.25
13434.0,202,3,1132.6200000000001,534.24,377.54,472,14,157.33333333333334
13435.0,6,3,1081.16,3350.77,360.3866666666667,317,56,105.66666666666667
13437.0,7,1,1440.9,1967.16,1440.9,7,80,7.0
13438.0,364,1,46.5,0.0,46.5,364,1,364.0
13439.0,72,3,986.61,0.0,328.87,343,132,114.33333333333333
13440.0,240,3,1230.8,0.0,410.26666666666665,268,49,89.33333333333333
13441.0,248,1,424.26,296.64,424.26,248,25,248.0
13442.0,484,3,419.87,0.0,139.95666666666668,555,33,185.0
13443.0,265,6,1236.92,0.0,206.15333333333334,494,175,82.33333333333333
13444.0,191,2,619.08,0.0,309.54,323,51,161.5
13445.0,443,1,241.89999999999998,0.0,241.89999999999998,443,7,443.0
13446.0,247,11,3689.77,0.0,335.43363636363637,480,113,43.63636363636363
13448.0,35,10,6230.84,2081.6800000000003,623.0840000000001,550,269,55.0
13450.0,21,9,2752.36,1365.1799999999998,305.8177777777778,420,47,46.666666666666664
13451.0,28,9,5740.34,1308.78,637.8155555555555,445,488,49.44444444444444
13452.0,76,3,729.8,0.0,243.26666666666665,289,2,96.33333333333333
13453.0,106,2,587.01,171.98,293.505,219,28,109.5
13454.0,458,1,219.87,0.0,219.87,458,23,458.0
13455.0,183,5,1716.48,365.4,343.296,547,67,109.4
13456.0,24,1,178.76,1559.0600000000002,178.76,24,12,24.0
13457.0,505,2,143.27,0.0,71.635,554,9,277.0
13458.0,6,9,8504.83,3345.79,944.9811111111111,205,232,22.77777777777778
13459.0,441,2,1160.4099999999999,0.0,580.2049999999999,499,57,249.5
13461.0,224,3,2696.3,1445.0,898.7666666666668,414,25,138.0
13462.0,69,5,1145.6,0.0,229.11999999999998,542,64,108.4
13464.0,211,5,2422.96,674.68,484.592,435,95,87.0
13465.0,263,2,931.12,0.0,465.56,403,34,201.5
13466.0,1,5,952.25,0.0,190.45,445,49,89.0
13468.0,18,56,10463.88,2074.13,186.855,553,253,9.875
13469.0,470,1,82.4,0.0,82.4,470,6,470.0
13472.0,280,2,592.24,0.0,296.12,372,24,186.0
13473.0,149,7,2229.6,181.38,318.5142857142857,541,56,77.28571428571429
13474.0,53,3,646.59,0.0,215.53,312,116,104.0
13475.0,8,4,1431.78,0.0,357.945,115,64,28.75
13476.0,98,4,1404.9,510.87,351.225,461,59,115.25
13477.0,28,7,1867.57,938.55,266.79571428571427,500,84,71.42857142857143
13478.0,286,5,2068.03,0.0,413.60600000000005,494,109,98.8
13479.0,17,4,808.5,0.0,202.125,294,44,73.5
13480.0,233,2,627.82,0.0,313.91,496,40,248.0
13481.0,9,8,2992.52,810.57,374.065,552,128,69.0
13482.0,49,2,336.09,0.0,168.045,444,20,222.0
13484.0,58,3,767.32,0.0,255.77333333333334,456,37,152.0
13485.0,50,11,2966.67,0.0,269.6972727272727,553,128,50.27272727272727
13487.0,30,4,680.27,166.6,170.0675,551,26,137.75
13488.0,13,16,10698.88,3432.93,668.68,500,304,31.25
13489.0,106,2,235.68,213.84,117.84,111,6,55.5
13490.0,471,1,154.25,0.0,154.25,471,8,471.0
13491.0,64,25,4283.47,184.19,171.33880000000002,549,133,21.96
13492.0,31,1,315.3,954.54,315.3,31,15,31.0
13493.0,92,2,498.63,0.0,249.315,104,5,52.0
13494.0,128,1,316.26000000000005,0.0,316.26000000000005,128,18,128.0
13495.0,49,8,3817.97,972.44,477.24625,549,50,68.625
13496.0,176,1,465.61,152.32,465.61,176,26,176.0
13497.0,99,6,1139.83,0.0,189.97166666666666,486,51,81.0
13498.0,547,1,327.38,0.0,327.38,547,17,547.0
13499.0,42,2,454.59000000000003,692.37,227.29500000000002,86,18,43.0
13500.0,218,1,299.53,1136.77,299.53,218,20,218.0
13501.0,105,3,2844.61,0.0,948.2033333333334,387,89,129.0
13502.0,91,4,671.76,102.84,167.94,365,20,91.25
13503.0,296,4,1514.39,216.85,378.5975,478,147,119.5
13505.0,9,2,1531.34,1991.54,765.67,49,89,24.5
13506.0,133,5,1308.53,0.0,261.706,277,54,55.4
13508.0,60,2,287.05,0.0,143.525,459,27,229.5
13509.0,71,4,785.02,314.7,196.255,324,23,81.0
13510.0,192,7,2712.43,1785.16,387.48999999999995,535,126,76.42857142857143
13511.0,493,1,244.61,0.0,244.61,493,5,493.0
13512.0,77,4,713.39,0.0,178.3475,400,31,100.0
13513.0,258,2,609.59,205.1,304.795,472,24,236.0
13514.0,245,3,663.7,152.20000000000002,221.23333333333335,499,13,166.33333333333334
13515.0,64,3,578.1,687.72,192.70000000000002,461,28,153.66666666666666
13516.0,55,2,441.85,1243.41,220.925,234,22,117.0
13519.0,259,1,220.46,110.80000000000001,220.46,259,11,259.0
13520.0,1,9,4101.48,1235.77,455.71999999999997,539,69,59.888888888888886
13523.0,16,4,2732.03,1595.64,683.0075,219,116,54.75
13524.0,36,1,159.20000000000002,520.98,159.20000000000002,36,9,36.0
13525.0,65,1,282.88,345.9,282.88,65,2,65.0
13526.0,555,2,942.5999999999999,0.0,471.29999999999995,555,29,277.5
13527.0,18,7,2884.57,1632.97,412.0814285714286,504,174,72.0
13529.0,21,1,181.1,126.66000000000001,181.1,21,7,21.0
13530.0,451,1,402.97999999999996,0.0,402.97999999999996,451,18,451.0
13531.0,22,6,1433.07,0.0,238.845,553,44,92.16666666666667
13533.0,84,2,144.94,124.14999999999999,72.47,84,42,42.0
13534.0,3,27,4549.35,2817.88,168.49444444444447,337,129,12.481481481481481
13535.0,219,1,89.5,0.0,89.5,219,1,219.0
13537.0,242,2,717.85,0.0,358.925,268,38,134.0
13538.0,91,7,2326.58,776.55,332.36857142857144,492,102,70.28571428571429
13539.0,57,6,1241.07,315.69,206.845,407,58,67.83333333333333
13540.0,284,3,632.39,0.0,210.79666666666665,472,26,157.33333333333334
13541.0,244,2,719.5,0.0,359.75,387,9,193.5
13542.0,193,17,3924.09,0.0,230.82882352941178,546,96,32.11764705882353
13543.0,451,2,1439.6100000000001,0.0,719.8050000000001,504,37,252.0
13544.0,57,5,618.65,163.05,123.72999999999999,461,185,92.2
13545.0,207,2,364.93,0.0,182.465,361,54,180.5
13546.0,17,3,647.41,438.83,215.8033333333333,241,58,80.33333333333333
13547.0,225,1,164.53,0.0,164.53,225,43,225.0
13548.0,60,2,504.29,397.15,252.145,288,117,144.0
13549.0,9,4,600.15,405.65,150.0375,204,34,51.0
13550.0,200,1,342.55,0.0,342.55,200,40,200.0
13551.0,136,2,244.2,0.0,122.1,483,5,241.5
13552.0,22,15,4773.0,1830.03,318.2,475,123,31.666666666666668
13553.0,491,1,499.6,0.0,499.6,491,85,491.0
13554.0,197,7,1547.46,0.0,221.06571428571428,263,150,37.57142857142857
13555.0,18,11,6290.16,2508.83,571.8327272727273,506,204,46.0
13556.0,246,2,200.82,0.0,100.41,252,8,126.0
13557.0,97,12,2651.55,343.38,220.9625,548,115,45.666666666666664
13559.0,329,2,990.0,0.0,495.0,360,1,180.0
13561.0,32,11,1803.4,0.0,163.94545454545457,466,131,42.36363636363637
13562.0,62,6,3642.12,1196.06,607.02,511,72,85.16666666666667
13564.0,171,36,15666.57,0.0,435.1825,554,478,15.38888888888889
13565.0,151,2,284.76,130.04,142.38,228,28,114.0
13566.0,251,3,827.91,856.84,275.96999999999997,456,158,152.0
13567.0,245,4,1074.19,0.0,268.5475,358,180,89.5
13569.0,184,3,497.74,227.3,165.91333333333333,245,103,81.66666666666667
13570.0,60,1,239.49,0.0,239.49,60,27,60.0
13571.0,1,18,2955.63,1581.63,164.20166666666668,548,183,30.444444444444443
13572.0,22,1,1384.25,0.0,1384.25,22,32,22.0
13573.0,70,5,644.59,258.48,128.918,454,53,90.8
13574.0,228,1,404.45,0.0,404.45,228,84,228.0
13576.0,4,18,7589.4800000000005,3577.94,421.6377777777778,548,109,30.444444444444443
13577.0,58,7,2058.57,1301.55,294.0814285714286,541,63,77.28571428571429
13578.0,226,1,147.66,0.0,147.66,226,9,226.0
13579.0,186,4,1068.8,302.34,267.2,476,62,119.0
13580.0,223,1,107.75,0.0,107.75,223,5,223.0
13581.0,126,2,280.53000000000003,0.0,140.26500000000001,231,32,115.5
13582.0,206,2,241.68,0.0,120.84,434,10,217.0
13583.0,496,1,664.0,781.03,664.0,496,42,496.0
13584.0,123,2,340.4,0.0,170.2,315,71,157.5
13585.0,347,3,674.46,0.0,224.82000000000002,555,29,185.0
13586.0,358,1,127.28,0.0,127.28,358,20,358.0
13587.0,266,3,961.1,347.0,320.3666666666667,480,20,160.0
13588.0,72,1,113.30000000000001,2336.62,113.30000000000001,72,8,72.0
13589.0,266,4,741.09,379.65,185.2725,550,29,137.5
13590.0,16,15,5226.2,1064.09,348.4133333333333,555,240,37.0
13591.0,21,6,1740.29,340.9,290.04833333333335,542,71,90.33333333333333
13592.0,22,3,205.51,42.45,68.50333333333333,81,12,27.0
13593.0,80,12,4430.68,1014.13,369.22333333333336,464,188,38.666666666666664
13594.0,302,1,136.35000000000002,396.97,136.35000000000002,302,7,302.0
13595.0,333,3,784.48,0.0,261.49333333333334,463,114,154.33333333333334
13597.0,217,2,377.21,0.0,188.605,219,16,109.5
13598.0,312,4,601.92,147.29,150.48,468,46,117.0
13599.0,15,19,6346.46,3097.73,334.0242105263158,555,136,29.210526315789473
13600.0,129,2,518.42,0.0,259.21,451,35,225.5
13601.0,28,3,839.87,320.12,279.95666666666665,363,114,121.0
13602.0,198,3,596.28,428.89,198.76,377,29,125.66666666666667
13604.0,475,1,713.39,0.0,713.39,475,21,475.0
13605.0,204,2,522.67,0.0,261.335,388,50,194.0
13606.0,60,2,246.63,30.119999999999997,123.315,128,37,64.0
13607.0,219,1,382.6,675.51,382.6,219,23,219.0
13608.0,357,1,232.05,0.0,232.05,357,31,357.0
13609.0,410,1,167.35,0.0,167.35,410,7,410.0
13610.0,4,10,1461.25,609.46,146.125,520,226,52.0
13611.0,176,8,2421.78,837.65,302.7225,553,131,69.125
13612.0,449,1,798.04,0.0,798.04,449,50,449.0
13613.0,269,5,1039.8500000000001,0.0,207.97000000000003,477,50,95.4
13614.0,147,3,953.03,1379.71,317.6766666666667,368,73,122.66666666666667
13615.0,135,8,6212.2300000000005,0.0,776.5287500000001,497,258,62.125
13616.0,385,2,283.85,0.0,141.925,508,31,254.0
13617.0,225,5,719.62,544.18,143.924,312,30,62.4
13619.0,361,2,223.44,0.0,111.72,491,38,245.5
13620.0,345,1,112.34,0.0,112.34,345,5,345.0
13622.0,513,1,651.45,0.0,651.45,513,32,513.0
13623.0,27,9,2293.81,188.57,254.86777777777777,554,198,61.55555555555556
13624.0,205,1,427.18,0.0,427.18,205,20,205.0
13625.0,413,1,301.26,0.0,301.26,413,21,413.0
13626.0,69,2,689.49,0.0,344.745,196,43,98.0
13627.0,21,4,1199.45,1018.1,299.8625,457,75,114.25
13628.0,493,1,310.14,0.0,310.14,493,16,493.0
13629.0,27,12,8466.5,4904.36,705.5416666666666,483,7,40.25
13630.0,1,3,1022.8,973.64,340.93333333333334,102,46,34.0
13631.0,18,4,1330.0,1691.77,332.5,84,3,21.0
13632.0,50,5,2124.12,1508.24,424.82399999999996,428,110,85.6
13634.0,59,11,3484.41,949.75,316.76454545454544,515,184,46.81818181818182
13635.0,259,3,1888.29,1071.03,629.43,555,88,185.0
13636.0,69,3,533.95,407.66999999999996,177.98333333333335,102,32,34.0
13637.0,4,2,677.4,125.65,338.7,43,74,21.5
13639.0,253,1,312.93,1033.34,312.93,253,19,253.0
13640.0,428,1,405.0,0.0,405.0,428,4,428.0
13641.0,457,4,901.27,0.0,225.3175,551,40,137.75
13642.0,32,4,459.45,0.0,114.8625,249,92,62.25
13643.0,2,8,1690.53,431.54,211.31625,548,59,68.5
13646.0,216,2,326.25,0.0,163.125,216,58,108.0
13647.0,51,5,1818.2,1215.58,363.64,420,68,84.0
13648.0,217,7,1681.1200000000001,0.0,240.16000000000003,555,91,79.28571428571429
13649.0,73,6,1453.68,0.0,242.28,344,97,57.333333333333336
13650.0,24,6,2065.33,1090.82,344.22166666666664,499,84,83.16666666666667
13651.0,198,1,114.75,79.2,114.75,198,7,198.0
13652.0,73,4,1805.21,456.84000000000003,451.3025,469,102,117.25
13653.0,304,1,152.2,0.0,152.2,304,9,304.0
13654.0,18,8,4773.51,1534.49,596.68875,554,192,69.25
13655.0,58,5,1712.34,549.32,342.46799999999996,408,72,81.6
13656.0,154,3,844.9,216.95,281.6333333333333,412,63,137.33333333333334
13657.0,18,1,152.34,229.8,152.34,18,9,18.0
13658.0,21,5,4066.2000000000003,1705.87,813.24,489,117,97.8
13659.0,22,12,4749.73,0.0,395.8108333333333,477,221,39.75
13660.0,217,1,295.74,0.0,295.74,217,39,217.0
13661.0,420,1,325.24,0.0,325.24,420,17,420.0
13662.0,29,10,1801.24,364.82,180.124,475,107,47.5
13663.0,197,4,1824.14,189.47,456.035,463,75,115.75
13665.0,203,3,1711.6599999999999,0.0,570.5533333333333,321,97,107.0
13666.0,104,4,106.45,20.6,26.6125,552,14,138.0
13668.0,4,26,10408.31,2204.38,400.31961538461536,545,316,20.96153846153846
13669.0,224,1,195.0,218.55,195.0,224,5,224.0
13671.0,211,1,172.6,0.0,172.6,211,61,211.0
13672.0,118,2,295.66,0.0,147.83,547,12,273.5
13674.0,249,1,215.88,0.0,215.88,249,13,249.0
13675.0,101,1,308.44,178.38000000000002,308.44,101,15,101.0
13676.0,356,2,153.15,0.0,76.575,436,11,218.0
13677.0,221,2,551.24,0.0,275.62,337,98,168.5
13679.0,310,3,281.26,0.0,93.75333333333333,552,44,184.0
13680.0,156,9,8572.03,1327.53,952.4477777777779,552,270,61.333333333333336
13682.0,4,1,59.5,0.0,59.5,4,3,4.0
13683.0,274,1,258.6,0.0,258.6,274,10,274.0
13684.0,102,4,550.78,0.0,137.695,438,79,109.5
13686.0,197,2,337.04,72.0,168.52,218,23,109.0
13687.0,255,1,11880.84,0.0,11880.84,255,45,255.0
13688.0,452,1,375.5,0.0,375.5,452,5,452.0
13689.0,261,1,349.5,910.0,349.5,261,3,261.0
13691.0,213,1,210.78,0.0,210.78,213,53,213.0
13692.0,30,4,2406.21,616.74,601.5525,237,68,59.25
13693.0,191,9,1979.82,0.0,219.98,549,77,61.0
13694.0,9,117,153497.65,36632.91,1311.9457264957264,552,775,4.717948717948718
13695.0,6,6,892.52,1878.21,148.75333333333333,394,19,65.66666666666667
13696.0,238,3,2020.4,0.0,673.4666666666667,483,24,161.0
13698.0,413,2,451.73,0.0,225.865,498,31,249.0
13699.0,367,1,402.82,308.58000000000004,402.82,367,22,367.0
13700.0,57,8,1275.51,1321.46,159.43875,487,112,60.875
13701.0,263,1,159.55,0.0,159.55,263,9,263.0
13702.0,262,1,135.18,0.0,135.18,262,5,262.0
13703.0,135,1,99.5,0.0,99.5,135,1,135.0
13705.0,190,5,1323.47,393.72,264.694,441,43,88.2
13706.0,119,2,631.17,0.0,315.585,443,38,221.5
13707.0,84,5,3365.86,0.0,673.172,353,142,70.6
13708.0,88,1,283.33,0.0,283.33,88,48,88.0
13709.0,132,6,1718.0,5774.41,286.3333333333333,514,90,85.66666666666667
13710.0,240,2,329.04,180.48,164.52,429,7,214.5
13711.0,35,9,1689.81,0.0,187.75666666666666,541,79,60.111111111111114
13712.0,63,2,766.42,0.0,383.21,427,32,213.5
13713.0,225,3,740.76,0.0,246.92,400,70,133.33333333333334
13714.0,282,1,161.35,0.0,161.35,282,30,282.0
13715.0,98,17,8108.66,0.0,476.98,455,275,26.764705882352942
13716.0,86,1,138.28,0.0,138.28,86,21,86.0
13717.0,57,4,873.63,874.42,218.4075,302,53,75.5
13718.0,63,2,306.55,0.0,153.275,112,9,56.0
13719.0,22,8,2079.16,702.94,259.895,388,158,48.5
13720.0,55,2,432.1,367.8,216.05,71,26,35.5
13721.0,212,1,217.39999999999998,524.14,217.39999999999998,212,14,212.0
13722.0,99,8,4723.47,905.69,590.43375,463,112,57.875
13723.0,34,6,1194.08,0.0,199.01333333333332,428,51,71.33333333333333
13724.0,454,1,213.01,0.0,213.01,454,39,454.0
13725.0,42,6,1653.4,228.96,275.56666666666666,125,82,20.833333333333332
13727.0,428,6,727.9200000000001,333.48,121.32000000000001,547,55,91.16666666666667
13728.0,15,13,2332.96,522.21,179.45846153846153,547,65,42.07692307692308
13729.0,252,3,681.53,0.0,227.17666666666665,501,36,167.0
13731.0,36,2,610.59,0.0,305.295,63,36,31.5
13733.0,227,2,487.03000000000003,0.0,243.51500000000001,552,28,276.0
13734.0,325,3,3445.3400000000006,0.0,1148.446666666667,335,24,111.66666666666667
13735.0,51,10,7478.6900000000005,1942.44,747.869,543,283,54.3
13736.0,77,6,2335.7,372.27,389.2833333333333,550,253,91.66666666666667
13737.0,17,1,339.59999999999997,0.0,339.59999999999997,17,29,17.0
13738.0,213,1,434.78000000000003,0.0,434.78000000000003,213,88,213.0
13739.0,344,1,75.3,216.9,75.3,344,3,344.0
13740.0,57,5,1582.77,0.0,316.554,554,83,110.8
13741.0,34,1,160.86,505.47,160.86,34,8,34.0
13742.0,1,8,2119.97,959.3,264.99625,137,149,17.125
13743.0,34,2,353.15999999999997,986.9899999999999,176.57999999999998,76,7,38.0
13744.0,109,1,817.3199999999999,263.2,817.3199999999999,109,44,109.0
13745.0,363,1,469.73,291.54,469.73,363,30,363.0
13746.0,230,1,176.69,0.0,176.69,230,9,230.0
13747.0,190,2,169.79999999999998,0.0,84.89999999999999,241,4,120.5
13748.0,49,7,1696.95,367.4,242.42142857142858,555,32,79.28571428571429
13750.0,113,8,2605.1400000000003,958.46,325.64250000000004,434,39,54.25
13751.0,105,1,296.25,0.0,296.25,105,9,105.0
13752.0,1,5,1295.98,283.85,259.196,344,69,68.8
13753.0,104,4,2094.57,0.0,523.6425,553,64,138.25
13754.0,134,2,320.45,126.6,160.225,254,16,127.0
13756.0,22,13,4856.14,3741.51,373.5492307692308,541,118,41.61538461538461
13757.0,491,1,195.55,0.0,195.55,491,8,491.0
13758.0,18,12,7715.76,839.03,642.98,555,198,46.25
13760.0,73,4,1206.94,151.70000000000002,301.735,410,80,102.5
13761.0,319,4,881.52,1070.65,220.38,473,50,118.25
13762.0,410,4,2165.76,0.0,541.44,515,21,128.75
13763.0,234,2,3468.48,1714.96,1734.24,252,35,126.0
13764.0,154,4,1892.14,1016.53,473.035,459,195,114.75
13765.0,470,1,352.82,0.0,352.82,470,16,470.0
13766.0,312,1,190.35,0.0,190.35,312,16,312.0
13767.0,20,58,23696.5,9799.77,408.5603448275862,555,112,9.568965517241379
13768.0,543,2,875.97,0.0,437.985,547,30,273.5
13769.0,24,15,4109.27,1335.06,273.95133333333337,540,105,36.0
13770.0,239,4,785.37,0.0,196.3425,547,48,136.75
13771.0,16,7,4556.47,1169.6,650.9242857142857,469,135,67.0
13772.0,56,6,2186.31,894.21,364.385,471,313,78.5
13773.0,213,2,301.54,0.0,150.77,476,19,238.0
13775.0,407,1,1049.66,0.0,1049.66,407,63,407.0
13777.0,1,49,34735.46,14599.53,708.8869387755102,554,44,11.306122448979592
13778.0,308,3,945.79,178.7,315.2633333333333,382,27,127.33333333333333
13779.0,332,1,161.13,0.0,161.13,332,27,332.0
13780.0,224,1,372.06,360.01,372.06,224,35,224.0
13781.0,67,3,770.88,0.0,256.96,538,56,179.33333333333334
13782.0,51,9,1230.57,547.56,136.73,550,140,61.111111111111114
13783.0,304,4,1542.09,0.0,385.5225,490,4,122.5
13784.0,2,9,1464.61,1434.36,162.73444444444442,267,12,29.666666666666668
13785.0,245,4,542.49,0.0,135.6225,277,26,69.25
13786.0,184,6,3112.99,0.0,518.8316666666666,553,79,92.16666666666667
13787.0,181,5,971.42,202.64000000000001,194.284,511,55,102.2
13788.0,322,1,3.75,0.0,3.75,322,1,322.0
13789.0,205,1,239.45999999999998,0.0,239.45999999999998,205,18,205.0
13792.0,104,2,263.0,120.95,131.5,239,14,119.5
13793.0,463,1,96.0,0.0,96.0,463,7,463.0
13794.0,363,1,126.03,0.0,126.03,363,9,363.0
13795.0,205,4,836.3,0.0,209.075,454,23,113.5
13796.0,316,1,289.7,0.0,289.7,316,22,316.0
13797.0,253,3,1168.45,0.0,389.48333333333335,464,71,154.66666666666666
13798.0,3,85,58978.59,14255.07,693.8657647058823,548,153,6.447058823529412
13799.0,111,8,1888.04,347.15999999999997,236.005,461,49,57.625
13800.0,126,3,1679.56,0.0,559.8533333333334,553,73,184.33333333333334
13802.0,71,18,24464.4,1048.3600000000001,1359.1333333333334,478,210,26.555555555555557
13803.0,72,3,1319.1100000000001,0.0,439.7033333333334,435,72,145.0
13804.0,106,3,1296.3600000000001,1864.76,432.12000000000006,253,69,84.33333333333333
13807.0,184,3,422.2,0.0,140.73333333333332,552,24,184.0
13809.0,122,3,679.7,0.0,226.5666666666667,277,23,92.33333333333333
13811.0,56,1,222.75,297.0,222.75,56,5,56.0
13813.0,344,4,1153.01,1155.41,288.2525,550,49,137.5
13814.0,344,1,676.95,1562.12,676.95,344,22,344.0
13815.0,135,5,3814.89,2732.9,762.978,482,149,96.4
13817.0,168,1,110.7,218.28,110.7,168,8,168.0
13818.0,246,1,61.28,0.0,61.28,246,5,246.0
13819.0,118,6,2631.1,0.0,438.51666666666665,555,47,92.5
13820.0,235,3,646.0,0.0,215.33333333333334,497,68,165.66666666666666
13821.0,78,5,1239.89,115.49,247.978,521,150,104.2
13823.0,197,5,2400.89,957.66,480.178,541,90,108.2
13824.0,20,10,2807.4,465.96,280.74,454,47,45.4
13825.0,438,2,255.59,0.0,127.795,547,38,273.5
13830.0,398,1,135.95000000000002,0.0,135.95000000000002,398,10,398.0
13831.0,17,15,5469.04,1105.0,364.60266666666666,546,119,36.4
13832.0,239,1,557.6899999999999,40.949999999999996,557.6899999999999,239,51,239.0
13833.0,221,1,316.56,383.85,316.56,221,16,221.0
13834.0,393,2,324.19,0.0,162.095,486,15,243.0
13835.0,32,4,552.2,506.12,138.05,462,33,115.5
13836.0,216,2,602.52,0.0,301.26,231,29,115.5
13837.0,28,2,266.59000000000003,0.0,133.29500000000002,134,17,67.0
13838.0,186,7,1245.91,444.16,177.98714285714286,396,242,56.57142857142857
13839.0,303,1,139.95000000000002,0.0,139.95000000000002,303,7,303.0
13840.0,233,1,651.4,0.0,651.4,233,40,233.0
13841.0,69,1,85.0,0.0,85.0,69,1,69.0
13842.0,16,15,3735.54,1557.15,249.036,478,158,31.866666666666667
13843.0,198,1,319.75,0.0,319.75,198,18,198.0
13846.0,59,3,1089.21,201.13,363.07,216,69,72.0
13847.0,536,1,310.72,0.0,310.72,536,19,536.0
13848.0,114,7,2695.0,320.0,385.0,547,3,78.14285714285714
13849.0,214,3,1905.85,1537.95,635.2833333333333,441,108,147.0
13851.0,105,6,2111.62,2405.14,351.93666666666667,496,55,82.66666666666667
13852.0,427,1,170.45000000000002,0.0,170.45000000000002,427,11,427.0
13854.0,13,30,8899.23,2949.98,296.64099999999996,517,53,17.233333333333334
13855.0,317,4,1257.69,0.0,314.4225,548,64,137.0
13856.0,20,9,802.63,269.0,89.18111111111111,436,30,48.44444444444444
13857.0,210,6,997.01,0.0,166.16833333333332,388,97,64.66666666666667
13859.0,143,2,515.86,0.0,257.93,346,34,173.0
13861.0,246,2,251.31,0.0,125.655,347,20,173.5
13862.0,4,5,1477.19,1056.85,295.438,206,77,41.2
13863.0,64,4,1217.63,0.0,304.4075,410,59,102.5
13864.0,203,1,662.4000000000001,0.0,662.4000000000001,203,1,203.0
13865.0,3,2,282.52,219.04,141.26,106,17,53.0
13867.0,35,1,138.85,866.24,138.85,35,8,35.0
13869.0,79,9,6486.38,1510.49,720.7088888888889,508,425,56.44444444444444
13870.0,104,8,3482.62,2207.2200000000003,435.3275,486,113,60.75
13871.0,23,9,3810.88,3994.07,423.43111111111114,536,106,59.55555555555556
13872.0,344,3,908.27,0.0,302.75666666666666,542,51,180.66666666666666
13873.0,35,7,871.82,159.20000000000002,124.5457142857143,463,47,66.14285714285714
13874.0,175,7,2017.5,0.0,288.2142857142857,490,46,70.0
13875.0,1,12,4095.46,718.91,341.28833333333336,539,136,44.916666666666664
13877.0,287,2,329.09000000000003,117.24,164.54500000000002,506,20,253.0
13878.0,364,3,1145.33,1271.57,381.77666666666664,421,59,140.33333333333334
13879.0,462,1,395.5,0.0,395.5,462,25,462.0
13880.0,3,10,2413.66,1880.2,241.36599999999999,379,93,37.9
13881.0,30,26,30972.44,13420.06,1191.2476923076922,462,160,17.76923076923077
13883.0,35,13,5441.04,895.55,418.54153846153844,466,184,35.84615384615385
13884.0,94,8,1197.58,591.35,149.6975,287,85,35.875
13885.0,6,2,506.8,0.0,253.4,17,28,8.5
13887.0,21,1,349.55,0.0,349.55,21,19,21.0
13888.0,35,6,1635.48,366.11,272.58,392,110,65.33333333333333
13889.0,199,5,1486.0800000000002,416.90000000000003,297.216,503,48,100.6
13890.0,175,5,1193.77,1675.6100000000001,238.754,550,50,110.0
13891.0,195,3,859.21,0.0,286.40333333333336,399,97,133.0
13892.0,63,3,689.1999999999999,578.4499999999999,229.73333333333332,392,11,130.66666666666666
13893.0,114,1,821.1,0.0,821.1,114,21,114.0
13894.0,127,1,150.95,386.16,150.95,127,9,127.0
13895.0,332,2,1335.5,2588.12,667.75,553,66,276.5
13896.0,442,1,388.55,0.0,388.55,442,21,442.0
13897.0,255,2,849.56,311.16,424.78,494,42,247.0
13898.0,142,2,686.4,0.0,343.2,228,43,114.0
13899.0,91,1,298.5,90.02,298.5,91,15,91.0
13900.0,9,5,1599.97,8.5,319.994,441,79,88.2
13901.0,73,12,3380.44,2218.9,281.7033333333333,520,175,43.333333333333336
13902.0,449,5,30392.46,0.0,6078.492,541,57,108.2
13903.0,217,1,165.45000000000002,0.0,165.45000000000002,217,10,217.0
13904.0,111,1,201.12,131.52,201.12,111,17,111.0
13905.0,549,1,249.65,0.0,249.65,549,12,549.0
13906.0,226,1,42.0,0.0,42.0,226,1,226.0
13907.0,508,1,136.8,0.0,136.8,508,4,508.0
13908.0,31,2,758.61,1538.44,379.305,93,48,46.5
13909.0,240,2,282.85,0.0,141.425,338,35,169.0
13911.0,14,17,3323.04,877.0,195.47294117647058,465,152,27.352941176470587
13912.0,240,1,124.95,0.0,124.95,240,7,240.0
13913.0,323,1,42.22,0.0,42.22,323,3,323.0
13915.0,211,1,70.80000000000001,0.0,70.80000000000001,211,2,211.0
13916.0,280,4,1275.81,0.0,318.9525,492,72,123.0
13917.0,8,1,65.38,206.66,65.38,8,5,8.0
13918.0,70,1,198.2,1014.64,198.2,70,8,70.0
13919.0,241,2,903.87,314.15999999999997,451.935,357,44,178.5
13920.0,248,4,1734.88,0.0,433.72,379,79,94.75
13921.0,219,4,720.75,0.0,180.1875,538,35,134.5
13922.0,168,3,827.65,0.0,275.8833333333333,284,29,94.66666666666667
13927.0,254,1,340.97,348.99,340.97,254,20,254.0
13929.0,143,9,2888.2999999999997,429.79999999999995,320.9222222222222,511,38,56.77777777777778
13931.0,97,10,4398.06,852.72,439.80600000000004,553,177,55.3
13932.0,111,1,307.4,0.0,307.4,111,16,111.0
13934.0,80,1,922.1,0.0,922.1,80,31,80.0
13935.0,413,3,6116.92,0.0,2038.9733333333334,469,67,156.33333333333334
13936.0,199,2,563.08,361.28,281.54,231,31,115.5
13937.0,219,1,708.53,158.85,708.53,219,44,219.0
13939.0,128,5,1149.61,384.05,229.92199999999997,429,62,85.8
13941.0,114,12,6827.83,2994.0,568.9858333333333,540,36,45.0
13942.0,351,1,320.0,0.0,320.0,351,1,351.0
13943.0,394,1,246.54,0.0,246.54,394,15,394.0
13944.0,470,1,200.43,0.0,200.43,470,35,470.0
13945.0,211,2,854.15,0.0,427.075,296,49,148.0
13946.0,18,5,1669.83,75.6,333.966,552,47,110.4
13948.0,177,4,536.86,0.0,134.215,552,23,138.0
13950.0,63,1,179.30999999999997,549.25,179.30999999999997,63,7,63.0
13951.0,53,2,516.05,158.4,258.025,111,32,55.5
13952.0,34,14,12790.89,0.0,913.635,540,237,38.57142857142857
13953.0,27,8,4875.0,1765.68,609.375,545,1,68.125
13955.0,122,2,426.21,117.86,213.105,192,63,96.0
13956.0,60,2,290.32,728.95,145.16,88,49,44.0
13957.0,234,3,458.25,0.0,152.75,475,21,158.33333333333334
13958.0,196,8,4544.2300000000005,0.0,568.0287500000001,551,168,68.875
13959.0,98,5,808.17,256.6,161.634,328,75,65.6
13961.0,209,1,498.7,0.0,498.7,209,18,209.0
13962.0,62,2,310.85,51.95,155.425,252,19,126.0
13963.0,125,17,2748.32,0.0,161.6658823529412,414,125,24.352941176470587
13964.0,204,2,421.9,0.0,210.95,247,22,123.5
13965.0,293,3,777.66,0.0,259.21999999999997,520,19,173.33333333333334
13966.0,252,1,384.26,0.0,384.26,252,21,252.0
13967.0,213,1,85.6,80.7,85.6,213,4,213.0
13968.0,240,1,123.66,0.0,123.66,240,8,240.0
13969.0,35,23,5366.62,7453.74,233.3313043478261,441,304,19.17391304347826
13970.0,203,2,846.55,0.0,423.275,254,10,127.0
13971.0,31,9,2818.39,1775.44,313.15444444444444,499,127,55.44444444444444
13972.0,18,1,145.9,44.349999999999994,145.9,18,9,18.0
13973.0,104,1,264.7,0.0,264.7,104,11,104.0
13974.0,399,1,249.93,413.59000000000003,249.93,399,15,399.0
13975.0,32,8,3726.12,1507.23,465.765,492,345,61.5
13976.0,23,4,1192.36,0.0,298.09,485,49,121.25
13977.0,228,1,519.8100000000001,0.0,519.8100000000001,228,13,228.0
13979.0,210,6,2468.36,869.87,411.3933333333334,553,305,92.16666666666667
13980.0,256,4,532.63,200.14,133.1575,473,46,118.25
13981.0,232,1,327.39,0.0,327.39,232,22,232.0
13982.0,143,7,2966.83,961.26,423.8328571428571,505,96,72.14285714285714
13983.0,4,17,5749.6,919.82,338.2117647058824,547,215,32.1764705882353
13984.0,142,9,1258.04,203.28,139.78222222222223,549,50,61.0
13985.0,1,10,4087.48,5894.83,408.748,485,90,48.5
13987.0,196,2,682.54,0.0,341.27,217,46,108.5
13988.0,17,4,1959.27,2749.37,489.8175,442,110,110.5
13989.0,56,4,1656.65,369.40999999999997,414.1625,380,53,95.0
13990.0,30,1,311.3,0.0,311.3,30,16,30.0
13992.0,197,2,142.7,76.8,71.35,280,5,140.0
13993.0,22,14,4769.27,1923.19,340.6621428571429,553,101,39.5
13995.0,62,10,2753.02,1083.24,275.302,538,114,53.8
13996.0,203,2,845.76,0.0,422.88,216,28,108.0
13997.0,336,3,376.46,0.0,125.48666666666666,367,36,122.33333333333333
13998.0,263,3,566.7,0.0,188.9,393,30,131.0
13999.0,31,21,6819.57,2620.84,324.74142857142857,551,147,26.238095238095237
14000.0,28,5,1877.5900000000001,0.0,375.51800000000003,554,27,110.8
14001.0,49,8,3494.91,733.94,436.86375,310,48,38.75
14003.0,549,1,209.41,0.0,209.41,549,16,549.0
14004.0,105,5,2575.83,3682.62,515.1659999999999,252,69,50.4
14005.0,32,1,187.16,2687.56,187.16,32,14,32.0
14006.0,58,6,1896.57,300.1,316.09499999999997,469,53,78.16666666666667
14007.0,329,1,79.48,0.0,79.48,329,5,329.0
14008.0,249,1,493.74,0.0,493.74,249,31,249.0
14009.0,15,3,1090.23,0.0,363.41,279,71,93.0
14010.0,382,2,288.1,0.0,144.05,382,19,191.0
14011.0,297,2,450.32,0.0,225.16,424,32,212.0
14012.0,94,1,328.8,0.0,328.8,94,11,94.0
14013.0,92,3,730.05,354.52,243.35,440,35,146.66666666666666
14014.0,193,2,1443.03,505.18,721.515,393,37,196.5
14016.0,24,10,10315.88,963.83,1031.588,517,323,51.7
14017.0,388,1,229.75,0.0,229.75,388,14,388.0
14018.0,462,1,367.15000000000003,0.0,367.15000000000003,462,13,462.0
14020.0,293,2,570.46,642.8,285.23,346,28,173.0
14021.0,28,6,1586.38,130.2,264.3966666666667,409,80,68.16666666666667
14022.0,42,2,792.15,0.0,396.075,303,45,151.5
14023.0,67,1,273.14,310.93,273.14,67,16,67.0
14024.0,207,1,318.04,327.7,318.04,207,18,207.0
14025.0,281,8,3969.1,0.0,496.1375,400,60,50.0
14026.0,287,2,713.11,0.0,356.555,442,43,221.0
14028.0,367,2,6786.0,0.0,3393.0,367,3,183.5
14030.0,60,17,6597.98,923.82,388.11647058823525,546,522,32.11764705882353
14031.0,13,35,28202.510000000002,7966.3,805.7860000000001,553,240,15.8
14032.0,23,10,3048.04,1434.17,304.804,542,66,54.2
14033.0,372,1,109.44,0.0,109.44,372,1,372.0
14035.0,84,6,2063.06,727.44,343.8433333333333,429,47,71.5
14036.0,101,1,626.65,0.0,626.65,101,38,101.0
14037.0,181,5,686.8,35.400000000000006,137.35999999999999,549,94,109.8
14038.0,24,3,2156.87,844.0600000000001,718.9566666666666,490,86,163.33333333333334
14039.0,392,1,115.08000000000001,152.2,115.08000000000001,392,4,392.0
14040.0,32,28,10286.17,2053.16,367.36321428571426,555,298,19.821428571428573
14041.0,83,1,141.41,0.0,141.41,83,21,83.0
14042.0,542,1,431.98,0.0,431.98,542,21,542.0
14043.0,308,2,302.6,0.0,151.3,546,37,273.0
14044.0,126,7,2581.02,475.98,368.71714285714285,501,463,71.57142857142857
14045.0,154,14,8926.23,408.0,637.5878571428572,517,15,36.92857142857143
14046.0,101,1,151.59,0.0,151.59,101,13,101.0
14047.0,16,12,3208.42,672.69,267.36833333333334,493,87,41.083333333333336
14048.0,122,3,713.89,0.0,237.96333333333334,199,126,66.33333333333333
14049.0,17,11,10294.69,2557.61,935.8809090909091,434,461,39.45454545454545
14051.0,30,25,11681.720000000001,9776.91,467.26880000000006,553,73,22.12
14052.0,207,1,241.3,225.36,241.3,207,65,207.0
14053.0,214,2,312.05,260.25,156.025,303,3,151.5
14055.0,394,2,795.3199999999999,725.6400000000001,397.65999999999997,540,23,270.0
14056.0,1,11,3631.13,4432.51,330.1027272727273,101,238,9.181818181818182
14057.0,16,13,4734.67,3541.43,364.2053846153846,553,187,42.53846153846154
14058.0,279,2,469.19,0.0,234.595,347,23,173.5
14059.0,83,1,183.6,0.0,183.6,83,8,83.0
14060.0,22,21,5705.02,3178.28,271.66761904761904,455,72,21.666666666666668
14061.0,324,3,917.4300000000001,0.0,305.81,555,17,185.0
14062.0,56,18,19788.86,5630.22,1099.381111111111,546,135,30.333333333333332
14063.0,503,7,9471.5,0.0,1353.0714285714287,548,29,78.28571428571429
14064.0,28,13,2478.93,492.18,190.68692307692305,504,98,38.76923076923077
14065.0,206,3,889.37,0.0,296.45666666666665,248,42,82.66666666666667
14066.0,83,1,152.55,0.0,152.55,83,7,83.0
14068.0,137,4,1493.32,0.0,373.33,494,92,123.5
14069.0,331,2,225.81,0.0,112.905,378,37,189.0
14070.0,501,1,321.6,0.0,321.6,501,40,501.0
14071.0,81,1,225.4,1065.94,225.4,81,20,81.0
14072.0,483,1,390.85,0.0,390.85,483,19,483.0
14074.0,440,1,219.39999999999998,0.0,219.39999999999998,440,6,440.0
14075.0,78,3,1090.53,634.34,363.51,287,47,95.66666666666667
14077.0,42,3,315.27,299.81,105.08999999999999,212,35,70.66666666666667
14078.0,1,8,1330.36,221.46,166.295,438,97,54.75
14080.0,230,4,1030.13,45.599999999999994,257.5325,554,69,138.5
14081.0,119,10,4773.02,0.0,477.302,546,464,54.6
14082.0,181,2,413.36,0.0,206.68,209,48,104.5
14083.0,16,7,553.23,528.96,79.03285714285714,538,96,76.85714285714286
14084.0,329,1,150.5,0.0,150.5,329,7,329.0
14085.0,15,24,8056.79,1636.13,335.69958333333335,548,430,22.833333333333332
14086.0,279,1,39.95,0.0,39.95,279,1,279.0
14087.0,221,2,595.25,191.47,297.625,552,124,276.0
14088.0,7,5,28594.66,35136.97,5718.932,238,238,47.6
14090.0,141,1,76.32000000000001,0.0,76.32000000000001,141,1,141.0
14091.0,471,2,9530.08,0.0,4765.04,515,13,257.5
14092.0,13,16,4940.360000000001,2275.28,308.77250000000004,540,134,33.75
14094.0,256,1,310.82,0.0,310.82,256,41,256.0
14095.0,539,1,2.95,0.0,2.95,539,1,539.0
14097.0,298,2,422.85999999999996,0.0,211.42999999999998,462,39,231.0
14099.0,35,14,3903.0,1782.71,278.7857142857143,546,224,39.0
14101.0,14,11,8124.73,1817.4,738.6118181818182,438,19,39.81818181818182
14104.0,206,3,524.3199999999999,216.20999999999998,174.7733333333333,377,99,125.66666666666667
14105.0,56,5,5778.2300000000005,0.0,1155.6460000000002,538,200,107.6
14106.0,554,1,214.79999999999998,0.0,214.79999999999998,554,1,554.0
14107.0,37,8,3625.55,1228.15,453.19375,547,89,68.375
14108.0,548,2,447.05,594.16,223.525,555,18,277.5
14110.0,37,23,8977.970000000001,3981.63,390.3465217391305,555,148,24.130434782608695
14111.0,58,1,94.2,594.4,94.2,58,2,58.0
14112.0,20,9,3839.44,1704.67,426.6044444444444,471,154,52.333333333333336
14113.0,192,12,4962.28,1402.77,413.5233333333333,548,55,45.666666666666664
14114.0,90,7,1364.09,0.0,194.86999999999998,423,72,60.42857142857143
14115.0,318,2,622.6700000000001,0.0,311.33500000000004,483,22,241.5
14118.0,245,1,458.45,0.0,458.45,245,15,245.0
14119.0,192,2,163.47,0.0,81.735,535,10,267.5
14122.0,223,3,309.77,0.0,103.25666666666666,554,10,184.66666666666666
14123.0,550,1,436.18,0.0,436.18,550,24,550.0
14126.0,261,1,466.33000000000004,643.6300000000001,466.33000000000004,261,28,261.0
14127.0,73,5,1642.6000000000001,257.48,328.52000000000004,242,88,48.4
14128.0,72,2,577.4,331.96,288.7,368,33,184.0
14129.0,77,5,1826.3799999999999,764.96,365.27599999999995,396,37,79.2
14130.0,136,4,1858.77,0.0,464.6925,545,189,136.25
14131.0,465,1,168.22,0.0,168.22,465,45,465.0
14133.0,132,2,610.75,287.64,305.375,550,24,275.0
14134.0,199,15,11123.35,0.0,741.5566666666667,546,130,36.4
14135.0,3,18,6551.95,2248.85,363.9972222222222,554,115,30.77777777777778
14136.0,217,5,1553.96,0.0,310.79200000000003,548,86,109.6
14137.0,512,1,294.1,0.0,294.1,512,11,512.0
14139.0,307,3,670.98,415.82,223.66,359,29,119.66666666666667
14142.0,190,2,655.94,0.0,327.97,463,42,231.5
14144.0,303,1,30.599999999999998,0.0,30.599999999999998,303,1,303.0
14145.0,34,4,4986.45,2019.6,1246.6125,427,11,106.75
14146.0,71,8,5921.6,2287.27,740.2,512,228,64.0
14147.0,102,8,1749.6,285.6,218.7,457,22,57.125
14148.0,50,2,466.29,0.0,233.145,231,15,115.5
14149.0,37,1,259.43,0.0,259.43,37,17,37.0
14150.0,176,1,306.18,352.46000000000004,306.18,176,12,176.0
14151.0,490,2,666.7,0.0,333.35,533,43,266.5
14152.0,51,6,1668.66,306.78000000000003,278.11,476,89,79.33333333333333
14153.0,300,1,233.4,0.0,233.4,300,17,300.0
14154.0,56,7,6263.6,0.0,894.8000000000001,512,236,73.14285714285714
14155.0,83,1,118.75,0.0,118.75,83,6,83.0
14156.0,3,107,226327.82,71547.36,2115.2132710280375,555,1223,5.186915887850467
14157.0,102,4,790.53,155.71,197.6325,463,68,115.75
14159.0,4,12,4004.92,3521.7,333.74333333333334,553,480,46.083333333333336
14160.0,427,7,8421.47,0.0,1203.0671428571427,515,80,73.57142857142857
14161.0,32,7,2996.93,0.0,428.1328571428571,543,202,77.57142857142857
14162.0,109,1,177.68,111.68,177.68,109,13,109.0
14163.0,16,3,898.5,1696.12,299.5,279,26,93.0
14165.0,92,1,120.44,0.0,120.44,92,23,92.0
14166.0,322,2,251.15,0.0,125.575,443,39,221.5
14167.0,80,6,970.7,303.59,161.78333333333333,498,41,83.0
14168.0,237,2,305.9,0.0,152.95,381,10,190.5
14169.0,247,2,613.11,0.0,306.555,261,49,130.5
14170.0,192,3,570.18,0.0,190.05999999999997,212,123,70.66666666666667
14171.0,547,1,135.0,363.79,135.0,547,6,547.0
14172.0,422,3,356.27,0.0,118.75666666666666,459,37,153.0
14173.0,36,3,249.2,336.8,83.06666666666666,547,13,182.33333333333334
14175.0,146,6,4512.11,2845.08,752.0183333333333,444,131,74.0
14176.0,114,5,753.5600000000001,0.0,150.71200000000002,198,33,39.6
14177.0,198,9,1660.23,544.01,184.47,468,118,52.0
14180.0,2,24,4594.1,1314.9,191.42083333333335,365,107,15.208333333333334
14181.0,227,2,308.35,0.0,154.175,379,48,189.5
14182.0,260,4,660.07,0.0,165.0175,413,42,103.25
14183.0,228,2,278.34000000000003,0.0,139.17000000000002,298,27,149.0
14185.0,148,1,197.65,0.0,197.65,148,3,148.0
14186.0,244,5,1550.63,0.0,310.12600000000003,461,75,92.2
14187.0,290,1,123.5,0.0,123.5,290,8,290.0
14188.0,31,2,760.9,1258.01,380.45,127,17,63.5
14189.0,17,9,2985.4900000000002,2467.89,331.72111111111116,205,118,22.77777777777778
14190.0,483,1,79.9,0.0,79.9,483,1,483.0
14191.0,1,5,897.8,3898.06,179.56,545,30,109.0
14192.0,205,1,293.74,0.0,293.74,205,14,205.0
14193.0,86,2,779.34,430.85,389.67,213,39,106.5
14194.0,13,22,10577.79,7874.33,480.8086363636364,519,344,23.59090909090909
14195.0,18,6,2401.4,0.0,400.23333333333335,451,10,75.16666666666667
14197.0,227,1,390.05,0.0,390.05,227,20,227.0
14198.0,56,6,1037.48,490.1,172.91333333333333,520,41,86.66666666666667
14199.0,35,4,916.5,0.0,229.125,347,13,86.75
14200.0,434,1,379.2,0.0,379.2,434,21,434.0
14201.0,3,7,827.5,336.34,118.21428571428571,405,31,57.857142857142854
14202.0,198,3,847.76,0.0,282.58666666666664,441,27,147.0
14203.0,214,1,339.34,0.0,339.34,214,16,214.0
14204.0,239,3,874.22,150.61,291.4066666666667,554,158,184.66666666666666
14205.0,81,8,1914.3,243.8,239.2875,459,68,57.375
14206.0,56,3,1165.11,0.0,388.36999999999995,219,61,73.0
14207.0,504,1,157.8,0.0,157.8,504,2,504.0
14208.0,368,1,415.31,151.74,415.31,368,25,368.0
14209.0,30,12,3956.04,990.28,329.67,503,125,41.916666666666664
14210.0,14,15,5208.13,301.24,347.20866666666666,519,141,34.6
14211.0,24,14,2974.23,1327.46,212.445,547,116,39.07142857142857
14212.0,262,1,1119.6599999999999,1070.48,1119.6599999999999,262,12,262.0
14214.0,94,1,634.5,365.73,634.5,94,37,94.0
14215.0,3,7,2547.08,691.45,363.86857142857144,548,128,78.28571428571429
14216.0,231,1,303.09,1839.3,303.09,231,18,231.0
14217.0,1,14,2119.59,985.9300000000001,151.39928571428572,344,94,24.571428571428573
14219.0,226,2,543.89,89.94,271.945,310,32,155.0
14220.0,64,4,1515.0,0.0,378.75,386,26,96.5
14221.0,7,12,4733.57,1778.97,394.46416666666664,429,115,35.75
14223.0,81,1,289.0,686.23,289.0,81,17,81.0
14224.0,32,7,1324.05,517.66,189.15,361,167,51.57142857142857
14225.0,251,4,2011.21,0.0,502.8025,513,70,128.25
14226.0,27,3,2427.99,522.7900000000001,809.3299999999999,258,66,86.0
14227.0,13,12,5401.02,926.69,450.08500000000004,486,236,40.5
14228.0,254,3,745.5,0.0,248.5,363,38,121.0
14229.0,108,6,1683.92,785.0699999999999,280.65333333333336,288,37,48.0
14230.0,252,3,979.8000000000001,0.0,326.6,365,27,121.66666666666667
14231.0,49,3,904.11,227.86,301.37,267,55,89.0
14232.0,3,2,1001.48,1042.45,500.74,81,52,40.5
14233.0,28,6,2278.55,488.41,379.7583333333334,461,28,76.83333333333333
14235.0,43,6,2837.68,1829.31,472.94666666666666,436,89,72.66666666666667
14236.0,189,4,1242.88,301.56,310.72,322,29,80.5
14237.0,190,2,466.04,0.0,233.02,407,26,203.5
14238.0,143,3,434.23,0.0,144.74333333333334,551,13,183.66666666666666
14239.0,17,16,3117.9100000000003,1085.81,194.86937500000002,551,80,34.4375
14240.0,42,2,584.0,663.49,292.0,240,26,120.0
14241.0,513,1,120.0,213.70000000000002,120.0,513,2,513.0
14242.0,51,2,280.55,0.0,140.275,142,13,71.0
14243.0,62,12,6114.25,1037.81,509.5208333333333,293,213,24.416666666666668
14244.0,477,1,354.82,0.0,354.82,477,16,477.0
14245.0,36,2,1677.48,0.0,838.74,80,107,40.0
14246.0,62,1,449.64,1024.42,449.64,62,24,62.0
14247.0,95,5,750.61,0.0,150.122,368,82,73.6
14248.0,135,3,1032.95,0.0,344.31666666666666,332,41,110.66666666666667
14249.0,227,12,5400.46,0.0,450.03833333333336,496,177,41.333333333333336
14252.0,198,1,350.99,0.0,350.99,198,10,198.0
14253.0,310,2,363.40000000000003,0.0,181.70000000000002,440,11,220.0
14254.0,249,1,601.03,0.0,601.03,249,23,249.0
14256.0,77,5,2384.14,0.0,476.828,511,98,102.2
14257.0,1,6,3885.32,2069.13,647.5533333333334,465,138,77.5
14258.0,16,22,26293.49,5045.16,1195.1586363636363,552,86,25.09090909090909
14260.0,288,3,824.28,0.0,274.76,365,50,121.66666666666667
14262.0,57,1,240.0,2378.23,240.0,57,16,57.0
14263.0,240,1,322.93,0.0,322.93,240,16,240.0
14264.0,62,5,1257.59,218.27,251.51799999999997,428,51,85.6
14265.0,281,2,843.17,530.18,421.585,429,47,214.5
14266.0,245,1,40.56,0.0,40.56,245,1,245.0
14267.0,77,2,809.01,470.08,404.505,77,15,38.5
14268.0,287,1,354.85,0.0,354.85,287,19,287.0
14269.0,256,1,261.68,0.0,261.68,256,16,256.0
14270.0,148,1,492.65000000000003,0.0,492.65000000000003,148,29,148.0
14271.0,42,2,214.18,0.0,107.09,226,38,113.0
14272.0,71,3,614.94,305.87,204.98000000000002,399,38,133.0
14273.0,34,2,218.7,341.27,109.35,59,10,29.5
14274.0,503,1,256.6,0.0,256.6,503,15,503.0
14275.0,212,6,1189.3799999999999,0.0,198.23,424,14,70.66666666666667
14276.0,106,5,1179.24,754.49,235.848,477,48,95.4
14277.0,29,6,2219.15,2522.97,369.85833333333335,543,170,90.5
14278.0,226,1,205.83,0.0,205.83,226,13,226.0
14279.0,337,2,191.86,0.0,95.93,498,3,249.0
14280.0,13,1,134.04,0.0,134.04,13,8,13.0
14281.0,225,1,245.15,0.0,245.15,225,7,225.0
14282.0,20,15,5325.6,1920.16,355.04,479,80,31.933333333333334
14283.0,280,4,628.4399999999999,0.0,157.10999999999999,386,36,96.5
14284.0,470,1,704.4,578.45,704.4,470,35,470.0
14285.0,330,4,1374.41,1910.01,343.6025,548,33,137.0
14286.0,59,5,5828.23,2568.47,1165.646,552,217,110.4
14287.0,15,2,62.88,93.35,31.44,15,3,7.5
14288.0,30,1,413.85,0.0,413.85,30,16,30.0
14289.0,16,3,594.22,317.04,198.07333333333335,106,30,35.333333333333336
14290.0,178,4,2941.82,1537.0900000000001,735.455,548,59,137.0
14291.0,27,15,5584.56,2259.84,372.30400000000003,547,195,36.46666666666667
14292.0,21,9,5195.73,3733.48,577.3033333333333,447,97,49.666666666666664
14293.0,122,7,2270.87,538.5400000000001,324.40999999999997,546,62,78.0
14294.0,224,1,375.34,0.0,375.34,224,23,224.0
14295.0,255,3,2151.36,166.20000000000002,717.12,547,60,182.33333333333334
14296.0,238,2,448.45,0.0,224.225,391,27,195.5
14297.0,91,1,232.6,1057.8799999999999,232.6,91,11,91.0
14298.0,7,68,70120.86,20368.45,1031.1891176470588,545,1091,8.014705882352942
14299.0,135,22,10284.32,2327.7200000000003,467.4690909090909,554,99,25.181818181818183
14301.0,233,3,1324.95,632.04,441.65000000000003,483,28,161.0
14302.0,247,3,742.9000000000001,0.0,247.63333333333335,554,25,184.66666666666666
14303.0,224,2,277.94,0.0,138.97,251,21,125.5
14304.0,39,3,1523.81,0.0,507.93666666666667,387,63,129.0
14306.0,195,4,1058.0800000000002,2083.42,264.52000000000004,494,12,123.5
14307.0,36,7,2979.23,1300.74,425.6042857142857,549,150,78.42857142857143
14309.0,51,6,2331.31,1416.65,388.5516666666667,367,96,61.166666666666664
14310.0,249,1,492.1,0.0,492.1,249,22,249.0
14311.0,59,2,435.90000000000003,0.0,217.95000000000002,384,27,192.0
14312.0,3,9,2333.29,757.0,259.25444444444446,321,120,35.666666666666664
14314.0,247,1,101.9,120.0,101.9,247,2,247.0
14315.0,8,4,1567.94,1600.78,391.985,451,52,112.75
14316.0,239,5,1355.34,0.0,271.068,447,21,89.4
14318.0,277,1,158.02,0.0,158.02,277,9,277.0
14319.0,241,1,494.85,0.0,494.85,241,26,241.0
14320.0,23,5,1204.1200000000001,0.0,240.824,504,64,100.8
14321.0,150,3,1003.15,1203.93,334.3833333333333,290,83,96.66666666666667
14322.0,246,4,392.2,0.0,98.05,476,10,119.0
14323.0,55,1,269.02,305.24,269.02,55,18,55.0
14324.0,226,2,701.61,0.0,350.805,510,41,255.0
14325.0,386,1,245.48000000000002,0.0,245.48000000000002,386,18,386.0
14326.0,59,3,923.98,0.0,307.99333333333334,349,54,116.33333333333333
14327.0,199,5,1583.28,311.65,316.656,517,89,103.4
14329.0,90,10,6892.78,2803.14,689.278,540,262,54.0
14330.0,440,1,200.63,0.0,200.63,440,13,440.0
14332.0,198,2,1077.2,840.21,538.6,233,31,116.5
14334.0,20,9,3419.0,873.98,379.8888888888889,385,136,42.77777777777778
14336.0,15,3,1114.39,500.52000000000004,371.46333333333337,93,53,31.0
14338.0,13,2,894.1,8.25,447.05,353,42,176.5
14339.0,59,2,605.31,0.0,302.655,245,20,122.5
14340.0,35,1,134.7,0.0,134.7,35,6,35.0
14341.0,32,14,2964.34,1463.83,211.73857142857145,555,125,39.642857142857146
14342.0,27,3,484.78000000000003,358.96,161.59333333333333,289,17,96.33333333333333
14343.0,238,4,1079.66,0.0,269.915,507,193,126.75
14344.0,23,18,2749.0,244.05,152.72222222222223,443,124,24.61111111111111
14346.0,114,4,1556.61,759.14,389.1525,314,88,78.5
14347.0,553,1,82.6,0.0,82.6,553,6,553.0
14348.0,77,1,409.57,0.0,409.57,77,18,77.0
14350.0,91,3,951.2,0.0,317.06666666666666,247,54,82.33333333333333
14352.0,51,2,845.32,233.64000000000001,422.66,90,35,45.0
14353.0,32,3,376.5,0.0,125.5,248,18,82.66666666666667
14355.0,182,3,840.0500000000001,0.0,280.0166666666667,444,57,148.0
14358.0,206,2,400.06,0.0,200.03,245,21,122.5
14361.0,395,1,214.70999999999998,0.0,214.70999999999998,395,14,395.0
14363.0,219,2,227.47000000000003,0.0,113.73500000000001,268,8,134.0
14364.0,4,4,2161.85,1555.5,540.4625,28,22,7.0
14365.0,211,2,634.68,0.0,317.34,498,50,249.0
14366.0,342,1,136.0,0.0,136.0,342,1,342.0
14367.0,1,7,4033.02,5101.1,576.1457142857142,93,182,13.285714285714286
14368.0,136,1,155.0,0.0,155.0,136,8,136.0
14369.0,459,2,469.13,0.0,234.565,478,24,239.0
14370.0,267,6,1092.13,0.0,182.02166666666668,493,36,82.16666666666667
14371.0,112,1,100.5,0.0,100.5,112,4,112.0
14372.0,260,2,860.08,0.0,430.04,416,36,208.0
14373.0,175,1,76.55,0.0,76.55,175,4,175.0
14374.0,358,1,108.0,0.0,108.0,358,7,358.0
14375.0,2,3,1106.82,0.0,368.94,358,176,119.33333333333333
14376.0,500,1,215.46,0.0,215.46,500,17,500.0
14377.0,8,2,617.05,0.0,308.525,79,11,39.5
14378.0,438,1,131.25,0.0,131.25,438,9,438.0
14379.0,112,3,1028.04,237.12,342.68,297,75,99.0
14381.0,268,1,423.26,202.68,423.26,268,56,268.0
14382.0,207,1,578.14,615.49,578.14,207,137,207.0
14384.0,317,1,58.5,0.0,58.5,317,3,317.0
14386.0,113,1,142.4,0.0,142.4,113,7,113.0
14388.0,20,11,4277.65,2012.3,388.87727272727267,505,130,45.90909090909091
14389.0,7,4,1133.67,706.9200000000001,283.4175,407,40,101.75
14390.0,28,7,2509.2400000000002,3570.2400000000002,358.46285714285716,242,150,34.57142857142857
14391.0,393,1,135.6,0.0,135.6,393,14,393.0
14392.0,249,1,266.4,0.0,266.4,249,14,249.0
14393.0,35,1,67.95,0.0,67.95,35,5,35.0
14394.0,381,1,93.8,0.0,93.8,381,6,381.0
14395.0,39,16,5926.61,1828.1200000000001,370.413125,417,254,26.0625
14396.0,188,6,1591.74,377.64,265.29,554,167,92.33333333333333
14397.0,15,2,242.24,2314.44,121.12,30,11,15.0
14398.0,218,2,707.79,0.0,353.895,344,50,172.0
14399.0,211,8,2108.21,0.0,263.52625,491,119,61.375
14400.0,225,2,1143.3,559.7,571.65,448,47,224.0
14401.0,132,11,3215.54,3487.86,292.3218181818182,542,77,49.27272727272727
14402.0,469,1,285.6,0.0,285.6,469,8,469.0
14403.0,34,4,1322.96,499.79999999999995,330.74,456,14,114.0
14404.0,76,10,1874.39,750.74,187.43900000000002,536,89,53.6
14405.0,203,1,195.0,0.0,195.0,203,2,203.0
14407.0,22,2,974.98,1123.1,487.49,93,32,46.5
14408.0,6,7,2585.03,1517.24,369.29,549,32,78.42857142857143
14409.0,135,6,1900.74,1393.3500000000001,316.79,384,52,64.0
14410.0,23,8,1873.64,273.17,234.205,254,218,31.75
14411.0,127,1,1063.0,0.0,1063.0,127,14,127.0
14412.0,241,1,656.16,761.3299999999999,656.16,241,41,241.0
14413.0,179,3,421.72,0.0,140.57333333333335,506,92,168.66666666666666
14414.0,175,2,1119.55,1267.93,559.775,191,28,95.5
14415.0,15,15,8369.44,3451.93,557.9626666666667,540,343,36.0
14417.0,204,1,524.65,0.0,524.65,204,106,204.0
14419.0,69,3,509.99,744.65,169.99666666666667,199,53,66.33333333333333
14420.0,213,3,1241.85,385.87,413.95,508,58,169.33333333333334
14421.0,28,5,2098.69,357.93,419.738,508,66,101.6
14422.0,84,14,6338.59,3862.33,452.75642857142856,539,206,38.5
14423.0,35,3,914.9599999999999,0.0,304.9866666666666,511,12,170.33333333333334
14425.0,251,3,648.64,0.0,216.21333333333334,554,35,184.66666666666666
14426.0,93,10,8251.51,2895.66,825.1510000000001,462,362,46.2
14427.0,311,2,900.1800000000001,363.34000000000003,450.09000000000003,448,27,224.0
14428.0,56,2,326.38,882.99,163.19,142,25,71.0
14429.0,220,1,516.28,0.0,516.28,220,22,220.0
14430.0,328,3,1181.1000000000001,0.0,393.70000000000005,424,28,141.33333333333334
14431.0,119,4,2567.1,0.0,641.775,504,72,126.0
14433.0,282,1,280.7,0.0,280.7,282,72,282.0
14435.0,318,1,90.42,0.0,90.42,318,3,318.0
14436.0,370,1,182.64000000000001,89.06,182.64000000000001,370,2,370.0
14437.0,182,5,850.84,0.0,170.168,400,34,80.0
14438.0,123,1,131.9,0.0,131.9,123,9,123.0
14439.0,136,5,9443.04,0.0,1888.6080000000002,504,105,100.8
14440.0,133,9,4701.31,1171.97,522.3677777777779,554,53,61.55555555555556
14441.0,72,8,3142.59,1288.6000000000001,392.82375,507,76,63.375
14442.0,21,7,5292.17,0.0,756.0242857142857,507,127,72.42857142857143
14443.0,127,3,1251.8500000000001,811.8,417.28333333333336,196,71,65.33333333333333
14444.0,273,1,120.44,0.0,120.44,273,11,273.0
14445.0,272,1,221.65,0.0,221.65,272,32,272.0
14446.0,63,2,492.96999999999997,702.51,246.48499999999999,203,113,101.5
14447.0,13,3,1149.53,562.2,383.1766666666667,217,63,72.33333333333333
14448.0,181,1,102.35000000000001,273.0,102.35000000000001,181,18,181.0
14449.0,63,6,1745.07,485.89,290.84499999999997,253,211,42.166666666666664
14450.0,60,6,914.64,213.8,152.44,427,37,71.16666666666667
14451.0,11,11,2931.6,283.9,266.5090909090909,508,216,46.18181818181818
14452.0,212,2,399.9,259.05,199.95,338,62,169.0
14453.0,7,1,119.93,0.0,119.93,7,22,7.0
14454.0,193,5,977.3,0.0,195.45999999999998,550,93,110.0
14455.0,249,4,587.12,0.0,146.78,312,63,78.0
14457.0,127,1,113.64,0.0,113.64,127,4,127.0
14458.0,197,1,219.26999999999998,0.0,219.26999999999998,197,45,197.0
14459.0,468,1,3537.82,1837.92,3537.82,468,75,468.0
14460.0,127,6,515.26,404.34,85.87666666666667,541,19,90.16666666666667
14461.0,78,11,5334.18,1326.44,484.92545454545456,507,423,46.09090909090909
14462.0,2,8,1350.41,859.35,168.80125,249,138,31.125
14463.0,22,2,372.87,413.7,186.435,316,4,158.0
14464.0,385,2,111.0,0.0,55.5,444,4,222.0
14465.0,63,11,3925.85,0.0,356.8954545454545,518,128,47.09090909090909
14466.0,4,10,3340.45,926.7,334.04499999999996,543,73,54.3
14467.0,129,9,1738.68,464.56,193.18666666666667,554,120,61.55555555555556
14468.0,550,1,204.24,0.0,204.24,550,12,550.0
14469.0,233,4,2093.46,0.0,523.365,496,120,124.0
14470.0,104,2,548.49,163.55,274.245,247,48,123.5
14471.0,408,2,400.95,0.0,200.475,549,38,274.5
14472.0,4,6,1723.26,395.46,287.21,506,158,84.33333333333333
14473.0,99,1,85.0,149.34000000000003,85.0,99,1,99.0
14474.0,396,1,711.23,537.71,711.23,396,97,396.0
14475.0,3,3,731.39,303.68,243.79666666666665,225,28,75.0
14476.0,74,1,193.0,0.0,193.0,74,17,74.0
14477.0,1,5,1177.91,786.6,235.58200000000002,521,5,104.2
14478.0,199,4,1276.66,0.0,319.165,555,59,138.75
14479.0,70,4,1124.71,0.0,281.1775,550,127,137.5
14480.0,219,3,1016.22,279.05,338.74,535,43,178.33333333333334
14481.0,104,4,1951.04,333.65,487.76,494,106,123.5
14482.0,56,7,2356.35,1784.71,336.62142857142857,287,98,41.0
14483.0,98,2,257.1,0.0,128.55,553,13,276.5
14484.0,218,3,749.0600000000001,321.92,249.6866666666667,539,37,179.66666666666666
14486.0,328,2,175.5,0.0,87.75,370,4,185.0
14487.0,185,2,213.14000000000001,1040.3799999999999,106.57000000000001,196,32,98.0
14489.0,24,4,1574.93,0.0,393.7325,429,65,107.25
14490.0,223,2,1273.47,0.0,636.735,245,72,122.5
14491.0,189,1,127.2,213.73,127.2,189,4,189.0
14492.0,247,6,1574.3600000000001,0.0,262.3933333333334,436,69,72.66666666666667
14493.0,207,5,2630.92,2362.84,526.184,458,202,91.6
14494.0,218,2,261.9,139.56,130.95,548,10,274.0
14495.0,476,1,42.5,123.8,42.5,476,1,476.0
14496.0,128,7,2342.14,0.0,334.59142857142854,450,64,64.28571428571429
14497.0,126,2,679.16,0.0,339.58,490,40,245.0
14498.0,3,7,2256.75,1644.08,322.39285714285717,367,163,52.42857142857143
14499.0,95,5,1397.8700000000001,685.57,279.574,286,118,57.2
14500.0,6,1,284.85,72.0,284.85,6,4,6.0
14501.0,136,1,66.93,131.78,66.93,136,4,136.0
14502.0,51,5,961.69,1348.0,192.33800000000002,130,176,26.0
14504.0,60,3,542.71,130.55,180.90333333333334,95,81,31.666666666666668
14505.0,21,16,9018.710000000001,2658.07,563.6693750000001,547,734,34.1875
14506.0,100,4,1553.76,1406.49,388.44,416,133,104.0
14507.0,32,8,2389.67,752.57,298.70875,546,167,68.25
14508.0,193,3,536.02,268.05,178.67333333333332,357,100,119.0
14509.0,351,1,110.95,0.0,110.95,351,25,351.0
14510.0,192,3,964.55,0.0,321.51666666666665,253,67,84.33333333333333
14512.0,4,7,1215.97,0.0,173.71,549,55,78.42857142857143
14513.0,23,5,632.67,138.24,126.53399999999999,385,10,77.0
14514.0,18,8,3792.95,587.09,474.11875,543,197,67.875
14515.0,8,8,2382.46,1311.24,297.8075,367,71,45.875
14516.0,333,1,151.17,0.0,151.17,333,35,333.0
14519.0,500,2,203.14,0.0,101.57,545,38,272.5
14520.0,107,1,165.0,105.60000000000001,165.0,107,1,107.0
14521.0,308,1,182.5,0.0,182.5,308,16,308.0
14522.0,15,5,1052.51,695.91,210.502,501,27,100.2
14524.0,53,8,1819.76,1090.1,227.47,233,193,29.125
14525.0,2,13,5716.58,2251.0299999999997,439.73692307692306,543,266,41.76923076923077
14526.0,206,1,258.65,0.0,258.65,206,41,206.0
14527.0,1,93,21832.91,4944.77,234.76247311827956,554,517,5.956989247311828
14530.0,2,13,4612.05,1365.07,354.7730769230769,504,226,38.76923076923077
14531.0,296,1,376.34,0.0,376.34,296,29,296.0
14532.0,53,11,3833.03,0.0,348.45727272727277,515,208,46.81818181818182
14533.0,169,5,1806.0,1379.1200000000001,361.2,427,32,85.4
14534.0,3,16,3442.42,2261.7,215.15125,451,286,28.1875
14535.0,65,7,3824.92,1978.8700000000001,546.4171428571428,470,435,67.14285714285714
14536.0,76,1,170.95,0.0,170.95,76,18,76.0
14537.0,440,1,279.89,355.56,279.89,440,13,440.0
14538.0,73,4,1089.0900000000001,281.75,272.27250000000004,500,30,125.0
14540.0,126,9,2942.98,756.76,326.9977777777778,549,149,61.0
14541.0,31,12,2043.48,447.9,170.29,518,99,43.166666666666664
14542.0,2,1,103.25,0.0,103.25,2,5,2.0
14543.0,7,31,10886.84,1079.53,351.1883870967742,555,86,17.903225806451612
14544.0,178,2,2036.0,902.53,1018.0,287,111,143.5
14545.0,491,1,349.25,0.0,349.25,491,23,491.0
14546.0,18,8,3333.2200000000003,1668.85,416.65250000000003,550,312,68.75
14548.0,134,8,2214.89,326.4,276.86125,550,66,68.75
14549.0,128,4,913.6,0.0,228.4,554,117,138.5
14550.0,205,2,587.69,757.37,293.845,300,46,150.0
14551.0,21,6,795.84,60.8,132.64000000000001,498,68,83.0
14552.0,197,2,343.71,164.22,171.855,409,80,204.5
14553.0,35,6,1246.15,546.95,207.6916666666667,326,169,54.333333333333336
14555.0,119,5,2172.88,126.2,434.576,538,93,107.6
14556.0,413,3,815.69,0.0,271.8966666666667,505,158,168.33333333333334
14558.0,471,3,630.0,0.0,210.0,548,13,182.66666666666666
14559.0,207,1,75.6,0.0,75.6,207,2,207.0
14560.0,13,31,5099.76,952.13,164.50838709677421,554,51,17.870967741935484
14561.0,1,1,222.07,858.6899999999999,222.07,1,16,1.0
14562.0,49,11,2510.73,3848.57,228.24818181818182,487,156,44.27272727272727
14563.0,326,2,625.42,0.0,312.71,409,94,204.5
14564.0,251,2,2525.22,0.0,1262.61,552,104,276.0
14565.0,22,3,2577.15,1106.72,859.0500000000001,290,103,96.66666666666667
14566.0,234,3,2660.0,1432.0,886.6666666666666,350,8,116.66666666666667
14568.0,252,1,909.5,0.0,909.5,252,46,252.0
14569.0,269,3,369.94,227.39,123.31333333333333,420,21,140.0
14570.0,97,3,512.4,0.0,170.79999999999998,260,63,86.66666666666667
14571.0,242,1,160.0,0.0,160.0,242,30,242.0
14572.0,71,7,3749.32,1729.76,535.6171428571429,438,249,62.57142857142857
14573.0,17,10,1838.9,274.52,183.89000000000001,517,177,51.7
14574.0,549,1,143.70000000000002,0.0,143.70000000000002,549,11,549.0
14575.0,305,1,420.22,0.0,420.22,305,71,305.0
14576.0,189,1,35.400000000000006,0.0,35.400000000000006,189,1,189.0
14577.0,49,5,972.45,391.7,194.49,545,80,109.0
14579.0,249,1,105.56,0.0,105.56,249,24,249.0
14580.0,335,1,14.850000000000001,0.0,14.850000000000001,335,1,335.0
14581.0,361,1,271.05,138.6,271.05,361,43,361.0
14583.0,2,5,948.94,711.35,189.788,438,216,87.6
14584.0,14,6,1116.1,558.26,186.01666666666665,477,113,79.5
14585.0,199,4,986.22,157.05,246.555,233,64,58.25
14586.0,93,1,134.16,0.0,134.16,93,11,93.0
14587.0,1,8,1449.78,127.61,181.2225,148,166,18.5
14588.0,395,1,135.39,0.0,135.39,395,16,395.0
14589.0,188,1,39.75,0.0,39.75,188,3,188.0
14590.0,241,20,2895.41,0.0,144.7705,549,124,27.45
14591.0,30,1,204.02,1116.19,204.02,30,33,30.0
14593.0,15,11,3324.75,277.56,302.25,547,368,49.72727272727273
14594.0,190,1,255.0,108.33,255.0,190,31,190.0
14595.0,130,3,587.6500000000001,1576.8,195.88333333333335,505,30,168.33333333333334
14596.0,443,1,222.22000000000003,0.0,222.22000000000003,443,50,443.0
14597.0,8,5,1483.49,701.14,296.698,254,44,50.8
14599.0,207,2,457.89,0.0,228.945,326,77,163.0
14600.0,122,2,865.1700000000001,0.0,432.58500000000004,210,53,105.0
14602.0,473,1,205.35999999999999,0.0,205.35999999999999,473,31,473.0
14603.0,91,1,660.0,0.0,660.0,91,2,91.0
14604.0,450,1,136.35999999999999,0.0,136.35999999999999,450,19,450.0
14605.0,191,4,920.71,0.0,230.1775,548,87,137.0
14606.0,2,141,24138.27,4918.0,171.19340425531917,553,1169,3.921985815602837
14607.0,78,9,7928.13,10231.7,880.9033333333333,541,76,60.111111111111114
14608.0,179,7,1698.29,1581.15,242.61285714285714,550,9,78.57142857142857
14609.0,113,6,764.64,457.56,127.44,485,6,80.83333333333333
14610.0,212,2,24.35,0.0,12.175,331,10,165.5
14611.0,260,2,599.38,0.0,299.69,415,37,207.5
14612.0,232,1,877.7,0.0,877.7,232,14,232.0
14613.0,497,1,76.32000000000001,0.0,76.32000000000001,497,1,497.0
14614.0,203,1,295.13,0.0,295.13,203,19,203.0
14615.0,211,5,934.26,0.0,186.852,365,39,73.0
14616.0,59,5,527.78,0.0,105.556,365,3,73.0
14617.0,219,2,190.47000000000003,0.0,95.23500000000001,232,7,116.0
14618.0,154,5,968.88,341.64,193.776,363,34,72.6
14619.0,62,2,1276.31,0.0,638.155,358,58,179.0
14620.0,22,2,393.28000000000003,0.0,196.64000000000001,100,26,50.0
14621.0,4,6,1790.82,1129.45,298.46999999999997,500,88,83.33333333333333
14622.0,1,1,320.58000000000004,0.0,320.58000000000004,1,21,1.0
14623.0,3,7,1514.61,468.94,216.37285714285713,419,156,59.857142857142854
14624.0,232,4,588.22,225.85,147.055,421,30,105.25
14625.0,13,11,4432.93,0.0,402.99363636363637,540,166,49.09090909090909
14626.0,50,8,3187.1,2187.67,398.3875,546,111,68.25
14627.0,196,1,440.9,0.0,440.9,196,29,196.0
14628.0,59,4,1657.6200000000001,340.38,414.40500000000003,500,60,125.0
14630.0,301,1,338.65,0.0,338.65,301,21,301.0
14631.0,52,5,1646.27,376.90000000000003,329.254,304,55,60.8
14632.0,79,1,114.56,0.0,114.56,79,8,79.0
14633.0,83,1,344.90000000000003,0.0,344.90000000000003,83,20,83.0
14634.0,254,4,2111.2599999999998,0.0,527.8149999999999,358,105,89.5
14635.0,270,1,215.22,0.0,215.22,270,15,270.0
14636.0,85,1,300.19,309.66,300.19,85,16,85.0
14637.0,494,1,106.67999999999999,0.0,106.67999999999999,494,7,494.0
14639.0,108,5,3197.45,1749.36,639.49,478,132,95.6
14640.0,44,5,1800.98,1645.35,360.196,503,98,100.6
14643.0,175,4,1318.82,335.87,329.705,545,42,136.25
14644.0,115,5,1486.51,592.96,297.302,553,37,110.6
14645.0,92,2,483.25,356.99,241.625,451,24,225.5
14646.0,8,99,359721.19,163164.1,3633.5473737373736,554,725,5.595959595959596
14647.0,18,2,506.04,0.0,253.02,340,42,170.0
14648.0,233,15,4378.14,0.0,291.87600000000003,546,283,36.4
14649.0,29,7,2809.57,820.47,401.3671428571429,505,299,72.14285714285714
14650.0,406,1,62.5,0.0,62.5,406,4,406.0
14651.0,28,8,1787.24,238.28,223.405,448,185,56.0
14653.0,155,5,1832.91,1571.89,366.582,554,149,110.8
14654.0,555,1,246.86,0.0,246.86,555,27,555.0
14655.0,39,4,2717.14,1119.5900000000001,679.285,413,55,103.25
14656.0,100,4,632.0600000000001,157.94,158.01500000000001,420,112,105.0
14657.0,99,4,1116.42,323.82,279.105,252,120,63.0
14659.0,4,5,1308.36,1148.17,261.67199999999997,132,94,26.4
14662.0,51,6,1147.34,229.09,191.22333333333333,553,139,92.16666666666667
14663.0,247,2,490.6,0.0,245.3,247,60,123.5
14665.0,113,5,1627.81,544.52,325.562,409,77,81.8
14667.0,31,40,14985.0,5276.54,374.625,554,470,13.85
14668.0,262,1,111.63,0.0,111.63,262,10,262.0
14669.0,58,7,3216.78,0.0,459.54,554,334,79.14285714285714
14670.0,97,3,583.33,0.0,194.44333333333336,549,159,183.0
14671.0,366,2,1127.45,0.0,563.725,385,48,192.5
14672.0,51,4,1113.14,0.0,278.285,497,93,124.25
14673.0,184,3,1674.41,1362.91,558.1366666666667,226,65,75.33333333333333
14674.0,326,1,173.66,0.0,173.66,326,14,326.0
14675.0,205,1,419.22,596.36,419.22,205,114,205.0
14676.0,24,9,6887.5,1399.72,765.2777777777778,456,66,50.666666666666664
14677.0,409,1,184.91,0.0,184.91,409,14,409.0
14678.0,396,1,386.44,0.0,386.44,396,23,396.0
14679.0,198,3,1272.95,0.0,424.31666666666666,548,49,182.66666666666666
14680.0,15,50,39770.13,13310.87,795.4025999999999,552,214,11.04
14681.0,28,4,770.1500000000001,105.0,192.53750000000002,470,18,117.5
14682.0,4,6,1514.81,0.0,252.46833333333333,489,79,81.5
14683.0,405,1,146.56,0.0,146.56,405,21,405.0
14684.0,32,3,721.96,708.07,240.65333333333334,207,195,69.0
14685.0,393,8,4271.29,0.0,533.91125,543,106,67.875
14686.0,231,5,852.53,0.0,170.506,476,185,95.2
14687.0,217,2,773.6800000000001,628.38,386.84000000000003,368,23,184.0
14688.0,15,17,4279.37,2388.08,251.72764705882352,273,151,16.058823529411764
14689.0,25,1,112.8,0.0,112.8,25,13,25.0
14690.0,209,2,409.54,355.05,204.77,227,43,113.5
14691.0,29,1,439.6,1674.73,439.6,29,17,29.0
14692.0,52,11,1594.3899999999999,111.25,144.94454545454545,434,95,39.45454545454545
14693.0,81,7,1139.86,0.0,162.83714285714285,342,43,48.857142857142854
14694.0,434,1,244.31,0.0,244.31,434,15,434.0
14695.0,336,3,1534.22,0.0,511.4066666666667,549,76,183.0
14696.0,4,5,1559.44,907.5600000000001,311.88800000000003,238,88,47.6
14697.0,35,2,188.60999999999999,0.0,94.30499999999999,35,22,17.5
14699.0,31,4,702.6,0.0,175.65,342,45,85.5
14700.0,6,4,2422.06,654.0,605.515,302,88,75.5
14701.0,64,11,3631.77,792.19,330.1609090909091,501,359,45.54545454545455
14702.0,98,18,4273.89,2024.59,237.43833333333336,546,239,30.333333333333332
14704.0,241,2,258.96,1461.6200000000001,129.48,441,53,220.5
14705.0,15,1,179.0,0.0,179.0,15,1,15.0
14706.0,435,1,367.54,0.0,367.54,435,25,435.0
14707.0,252,2,139.2,0.0,69.6,393,1,196.5
14708.0,185,3,1056.21,707.31,352.07,272,13,90.66666666666667
14709.0,4,17,5888.4800000000005,2978.0,346.3811764705883,551,85,32.411764705882355
14710.0,196,9,1300.31,599.48,144.4788888888889,553,203,61.44444444444444
14711.0,2,6,1565.7,1243.32,260.95,79,136,13.166666666666666
14712.0,235,1,411.0,917.07,411.0,235,7,235.0
14713.0,3,17,3869.9,1212.56,227.64117647058825,553,182,32.529411764705884
14714.0,224,3,739.8,160.19,246.6,504,59,168.0
14715.0,115,6,1189.62,619.9300000000001,198.26999999999998,506,68,84.33333333333333
14716.0,261,1,235.77,307.51,235.77,261,44,261.0
14717.0,550,1,81.3,0.0,81.3,550,11,550.0
14718.0,227,1,226.42,0.0,226.42,227,11,227.0
14719.0,66,1,223.46,1348.43,223.46,66,40,66.0
14721.0,196,1,109.07,0.0,109.07,196,24,196.0
14722.0,294,2,309.1,180.42000000000002,154.55,303,53,151.5
14723.0,175,8,1134.65,666.71,141.83125,552,179,69.0
14724.0,407,1,341.9,0.0,341.9,407,40,407.0
14725.0,211,3,540.88,655.58,180.29333333333332,351,40,117.0
14726.0,471,1,116.5,0.0,116.5,471,15,471.0
14727.0,91,3,291.13,0.0,97.04333333333334,363,20,121.0
14728.0,230,1,190.58,0.0,190.58,230,14,230.0
14729.0,190,3,586.24,0.0,195.41333333333333,442,126,147.33333333333334
14730.0,49,3,529.3,1368.27,176.4333333333333,93,80,31.0
14731.0,22,2,251.01999999999998,129.0,125.50999999999999,29,23,14.5
14732.0,3,15,4044.38,1403.14,269.62533333333334,547,127,36.46666666666667
14733.0,21,11,12559.6,1642.69,1141.7818181818182,219,133,19.90909090909091
14734.0,242,4,1045.47,0.0,261.3675,368,48,92.0
14735.0,13,40,8404.380000000001,3495.28,210.10950000000003,552,154,13.8
14736.0,302,2,374.05,0.0,187.025,302,70,151.0
14737.0,170,2,2823.62,730.55,1411.81,217,28,108.5
14738.0,16,6,1033.14,764.25,172.19000000000003,549,41,91.5
14739.0,36,21,8964.210000000001,2591.48,426.8671428571429,554,116,26.38095238095238
14740.0,14,11,4068.86,0.0,369.8963636363637,469,170,42.63636363636363
14741.0,178,3,808.05,905.04,269.34999999999997,234,26,78.0
14742.0,252,1,579.85,0.0,579.85,252,34,252.0
14743.0,409,1,50.48,0.0,50.48,409,3,409.0
14744.0,114,12,3476.68,171.95,289.7233333333333,387,51,32.25
14745.0,1,9,1832.47,638.59,203.60777777777778,454,58,50.44444444444444
14746.0,223,4,593.5,0.0,148.375,240,7,60.0
14747.0,66,1,294.3,0.0,294.3,66,17,66.0
14748.0,29,7,1630.97,644.62,232.99571428571429,434,93,62.0
14749.0,296,1,310.15,0.0,310.15,296,18,296.0
14750.0,553,1,112.03,0.0,112.03,553,32,553.0
14751.0,501,2,126.45,0.0,63.225,543,7,271.5
14753.0,277,1,306.36,563.15,306.36,277,18,277.0
14754.0,112,5,1133.95,409.78,226.79000000000002,507,90,101.4
14755.0,24,18,6713.28,3147.77,372.96,553,182,30.72222222222222
14756.0,199,2,1824.5,738.96,912.25,241,66,120.5
14758.0,22,6,2587.85,277.12,431.30833333333334,427,84,71.16666666666667
14759.0,49,1,572.25,1053.72,572.25,49,35,49.0
14760.0,114,1,53.8,0.0,53.8,114,3,114.0
14761.0,151,2,289.52,158.4,144.76,261,20,130.5
14762.0,80,2,417.57,0.0,208.785,443,28,221.5
14766.0,30,8,5001.02,1307.16,625.1275,368,203,46.0
14767.0,291,1,382.81,0.0,382.81,291,18,291.0
14769.0,18,13,10679.17,4758.08,821.4746153846154,540,616,41.53846153846154
14770.0,49,8,3624.89,0.0,453.11125,469,152,58.625
14771.0,438,2,579.92,0.0,289.96,553,45,276.5
14773.0,409,1,125.7,0.0,125.7,409,9,409.0
14774.0,345,1,241.45,0.0,241.45,345,13,345.0
14775.0,189,1,406.56,605.3399999999999,406.56,189,20,189.0
14776.0,35,7,2218.04,1120.98,316.86285714285714,263,60,37.57142857142857
14777.0,220,1,239.26,0.0,239.26,220,15,220.0
14778.0,125,1,334.05,396.81,334.05,125,18,125.0
14779.0,97,3,386.15,0.0,128.71666666666667,140,40,46.666666666666664
14782.0,136,1,200.10000000000002,0.0,200.10000000000002,136,6,136.0
14783.0,476,1,305.35,0.0,305.35,476,17,476.0
14784.0,140,2,274.62,175.31,137.31,206,14,103.0
14786.0,367,1,90.96,0.0,90.96,367,7,367.0
14787.0,288,1,110.65,0.0,110.65,288,14,288.0
14788.0,413,1,476.88,679.4399999999999,476.88,413,28,413.0
14790.0,70,7,1933.72,592.9,276.2457142857143,545,54,77.85714285714286
14791.0,423,1,303.63,0.0,303.63,423,19,423.0
14793.0,352,1,396.91,214.14,396.91,352,25,352.0
14794.0,20,7,1266.68,626.47,180.95428571428573,304,56,43.42857142857143
14796.0,34,19,5531.66,4439.54,291.14,542,309,28.526315789473685
14797.0,324,1,300.31,0.0,300.31,324,16,324.0
14798.0,127,6,617.05,98.06,102.84166666666665,465,26,77.5
14799.0,554,1,180.45,157.7,180.45,554,10,554.0
14800.0,8,11,5948.55,941.53,540.7772727272727,252,284,22.90909090909091
14803.0,92,2,730.79,114.76,365.395,109,15,54.5
14805.0,130,4,645.4,437.15,161.35,438,82,109.5
14806.0,256,1,110.03999999999999,193.39000000000001,110.03999999999999,256,9,256.0
14807.0,207,2,504.14,0.0,252.07,466,37,233.0
14809.0,438,2,686.76,0.0,343.38,438,18,219.0
14810.0,15,10,1544.85,809.18,154.48499999999999,246,100,24.6
14811.0,204,1,170.5,0.0,170.5,204,28,204.0
14812.0,415,1,178.85,0.0,178.85,415,36,415.0
14813.0,186,4,888.91,0.0,222.2275,427,110,106.75
14814.0,398,1,152.96,0.0,152.96,398,27,398.0
14816.0,14,1,271.85,0.0,271.85,14,4,14.0
14817.0,17,7,3584.36,0.0,512.0514285714286,444,140,63.42857142857143
14818.0,70,4,614.01,539.55,153.5025,464,62,116.0
14819.0,9,3,269.06,187.35,89.68666666666667,535,43,178.33333333333334
14820.0,197,5,767.47,507.29,153.494,494,31,98.8
14821.0,183,7,1230.15,0.0,175.7357142857143,493,65,70.42857142857143
14822.0,302,1,157.70000000000002,0.0,157.70000000000002,302,9,302.0
14823.0,11,2,210.65,110.78,105.325,11,38,5.5
14824.0,196,6,2824.8,1127.71,470.8,454,76,75.66666666666667
14825.0,21,17,3515.4900000000002,1201.04,206.79352941176472,429,169,25.235294117647058
14826.0,398,2,385.2,0.0,192.6,512,10,256.0
14828.0,13,13,9803.460000000001,0.0,754.1123076923078,549,72,42.23076923076923
14829.0,1,6,1237.05,165.92,206.17499999999998,253,70,42.166666666666664
14831.0,497,3,1623.97,0.0,541.3233333333334,554,67,184.66666666666666
14833.0,315,1,94.8,0.0,94.8,315,7,315.0
14834.0,57,2,715.1,1469.11,357.55,224,28,112.0
14835.0,345,2,293.7,0.0,146.85,434,1,217.0
14837.0,18,6,2296.88,1148.94,382.81333333333333,501,114,83.5
14838.0,240,2,769.9200000000001,0.0,384.96000000000004,553,69,276.5
14839.0,235,3,915.28,0.0,305.0933333333333,521,61,173.66666666666666
14840.0,84,2,340.21,0.0,170.105,356,19,178.0
14841.0,91,11,5649.09,1513.91,513.5536363636364,554,166,50.36363636363637
14842.0,8,2,1381.23,1075.57,690.615,125,76,62.5
14843.0,253,1,211.79999999999998,0.0,211.79999999999998,253,9,253.0
14844.0,58,7,4379.67,2315.26,625.6671428571428,423,122,60.42857142857143
14845.0,416,1,150.0,0.0,150.0,416,1,416.0
14846.0,244,1,406.79999999999995,0.0,406.79999999999995,244,12,244.0
14847.0,224,2,1011.1999999999999,309.4,505.59999999999997,381,47,190.5
14848.0,221,1,310.56,0.0,310.56,221,11,221.0
14849.0,30,27,9688.53,5498.07,358.83444444444444,515,191,19.074074074074073
14850.0,128,6,1599.76,0.0,266.62666666666667,385,127,64.16666666666667
14851.0,73,2,524.19,305.22,262.095,447,24,223.5
14852.0,69,13,3762.59,2346.29,289.43,461,92,35.46153846153846
14853.0,28,4,1104.62,250.35,276.155,422,21,105.5
14854.0,44,7,2743.61,1538.76,391.94428571428574,503,110,71.85714285714286
14855.0,291,5,5874.65,645.65,1174.9299999999998,427,156,85.4
14857.0,259,5,2413.28,1165.65,482.65600000000006,451,123,90.2
14858.0,322,1,180.75,0.0,180.75,322,11,322.0
14859.0,21,2,647.0600000000001,1056.88,323.53000000000003,371,17,185.5
14861.0,197,9,1196.36,125.79,132.92888888888888,548,56,60.888888888888886
14865.0,189,3,77.52000000000001,15.0,25.840000000000003,555,3,185.0
14866.0,183,7,6450.32,14057.27,921.4742857142857,261,12,37.285714285714285
14867.0,2,16,2910.41,0.0,181.900625,551,67,34.4375
14868.0,50,5,1669.75,2500.31,333.95,237,80,47.4
14869.0,205,4,2033.0,717.7,508.25,540,136,135.0
14870.0,78,6,1794.6000000000001,0.0,299.1,500,42,83.33333333333333
14871.0,72,7,956.0400000000001,272.13,136.57714285714286,555,89,79.28571428571429
14872.0,300,3,802.6800000000001,0.0,267.56,450,33,150.0
14873.0,27,2,854.13,0.0,427.065,450,48,225.0
14874.0,352,1,116.18,0.0,116.18,352,6,352.0
14875.0,79,2,1751.43,1099.57,875.715,258,47,129.0
14876.0,338,2,256.7,0.0,128.35,378,12,189.0
14877.0,235,2,425.85,0.0,212.925,459,57,229.5
14878.0,18,20,3309.95,624.35,165.4975,473,149,23.65
14879.0,501,1,185.06,0.0,185.06,501,27,501.0
14880.0,2,2,347.67,342.92,173.835,105,25,52.5
14882.0,207,12,2755.35,589.7,229.61249999999998,436,31,36.333333333333336
14883.0,28,1,310.56,446.08,310.56,28,19,28.0
14884.0,486,1,120.6,0.0,120.6,486,8,486.0
14885.0,244,2,730.8,765.3199999999999,365.4,282,15,141.0
14886.0,69,1,364.8,0.0,364.8,69,18,69.0
14888.0,24,1,369.2,0.0,369.2,24,20,24.0
14889.0,153,1,135.9,0.0,135.9,153,10,153.0
14890.0,70,3,817.25,0.0,272.4166666666667,476,55,158.66666666666666
14891.0,4,3,1001.73,105.0,333.91,253,52,84.33333333333333
14892.0,507,1,202.35000000000002,0.0,202.35000000000002,507,13,507.0
14893.0,434,1,547.16,1237.8500000000001,547.16,434,32,434.0
14894.0,260,2,770.76,655.75,385.38,554,23,277.0
14895.0,21,20,17278.66,7176.23,863.933,546,338,27.3
14896.0,21,8,1740.8,0.0,217.6,550,148,68.75
14897.0,113,5,1909.86,1190.88,381.972,541,65,108.2
14898.0,57,12,2586.77,658.38,215.56416666666667,553,135,46.083333333333336
14899.0,212,1,1331.38,0.0,1331.38,212,126,212.0
14900.0,339,1,13.919999999999998,0.0,13.919999999999998,339,1,339.0
14901.0,177,6,988.46,924.24,164.74333333333334,315,61,52.5
14902.0,212,2,686.16,314.11,343.08,370,34,185.0
14903.0,17,3,1747.68,992.45,582.5600000000001,95,155,31.666666666666668
14904.0,225,2,605.05,1025.44,302.525,244,62,122.0
14905.0,50,7,1648.34,291.35,235.47714285714284,553,43,79.0
14907.0,177,12,2969.81,2519.41,247.48416666666665,419,82,34.916666666666664
14908.0,280,1,104.10000000000001,277.8,104.10000000000001,280,5,280.0
14909.0,254,3,1380.98,0.0,460.32666666666665,480,61,160.0
14911.0,1,235,166077.72,92553.14,706.7137021276595,555,1990,2.3617021276595747
14912.0,63,4,1444.72,385.06,361.18,407,36,101.75
14913.0,90,6,3461.53,611.6,576.9216666666667,302,149,50.333333333333336
14915.0,94,10,1636.1000000000001,116.55000000000001,163.61,553,63,55.3
14916.0,141,5,1918.42,969.79,383.684,434,60,86.8
14917.0,413,2,1123.75,0.0,561.875,413,29,206.5
14918.0,221,7,4345.66,1610.15,620.8085714285714,427,64,61.0
14919.0,356,1,359.35,0.0,359.35,356,13,356.0
14920.0,29,3,1607.17,0.0,535.7233333333334,382,90,127.33333333333333
14921.0,18,1,903.01,413.06,903.01,18,53,18.0
14922.0,210,2,843.74,0.0,421.87,324,49,162.0
14924.0,62,3,931.01,0.0,310.33666666666664,456,30,152.0
14926.0,198,2,337.65,0.0,168.825,415,2,207.5
14927.0,213,1,308.2,0.0,308.2,213,20,213.0
14928.0,444,1,204.46,0.0,204.46,444,20,444.0
14929.0,238,1,612.8100000000001,223.88,612.8100000000001,238,23,238.0
14930.0,91,4,3867.91,1258.83,966.9775,423,166,105.75
14931.0,57,1,243.0,621.6800000000001,243.0,57,8,57.0
14932.0,182,2,566.13,0.0,283.065,202,28,101.0
14933.0,260,3,885.0,0.0,295.0,260,1,86.66666666666667
14934.0,99,2,1411.07,1060.0,705.535,195,59,97.5
14935.0,114,2,2849.83,0.0,1424.915,436,25,218.0
14936.0,92,5,5837.4,6541.06,1167.48,400,185,80.0
14938.0,379,2,2292.81,0.0,1146.405,379,71,189.5
14940.0,234,2,531.49,0.0,265.745,550,32,275.0
14941.0,395,1,182.1,0.0,182.1,395,7,395.0
14942.0,218,4,746.56,0.0,186.64,546,12,136.5
14943.0,480,1,107.62,0.0,107.62,480,5,480.0
14944.0,3,12,5524.4,4052.92,460.3666666666666,477,133,39.75
14945.0,230,1,179.4,0.0,179.4,230,11,230.0
14947.0,205,4,758.97,290.82,189.7425,441,37,110.25
14948.0,36,1,278.4,788.17,278.4,36,13,36.0
14949.0,286,4,498.55,0.0,124.6375,538,16,134.5
14952.0,23,28,12833.87,4533.78,458.3525,553,208,19.75
14953.0,235,3,674.75,285.67,224.91666666666666,252,152,84.0
14954.0,520,1,167.27,294.85,167.27,520,41,520.0
14955.0,549,1,163.77,0.0,163.77,549,30,549.0
14956.0,238,1,1325.0,0.0,1325.0,238,4,238.0
14957.0,70,2,261.69,0.0,130.845,461,27,230.5
14958.0,2,5,834.59,107.39999999999999,166.918,553,46,110.6
14959.0,32,2,422.38,262.59,211.19,113,31,56.5
14961.0,49,18,12465.68,3865.02,692.5377777777778,552,265,30.666666666666668
14962.0,87,4,366.91,0.0,91.7275,401,14,100.25
14963.0,196,7,1651.23,1472.34,235.89000000000001,342,193,48.857142857142854
14964.0,64,1,206.21,0.0,206.21,64,13,64.0
14966.0,204,5,881.24,183.02,176.248,541,93,108.2
14967.0,258,5,1518.81,463.8,303.762,553,19,110.6
14968.0,275,1,349.9,147.59,349.9,275,46,275.0
14969.0,520,1,906.23,0.0,906.23,520,13,520.0
14970.0,69,9,3502.14,809.81,389.12666666666667,480,54,53.333333333333336
14972.0,198,1,30.300000000000004,114.77,30.300000000000004,198,2,198.0
14973.0,42,1,654.6,659.85,654.6,42,5,42.0
14975.0,238,1,192.45,279.94,192.45,238,15,238.0
14976.0,13,3,425.26,324.6,141.75333333333333,143,35,47.666666666666664
14977.0,542,1,31.929999999999996,0.0,31.929999999999996,542,4,542.0
14978.0,52,9,2698.15,394.14,299.7944444444445,407,159,45.22222222222222
14979.0,552,1,429.66,0.0,429.66,552,42,552.0
14980.0,554,1,150.68,0.0,150.68,554,24,554.0
14981.0,63,2,313.52,0.0,156.76,240,18,120.0
14982.0,389,1,234.88,0.0,234.88,389,38,389.0
14983.0,506,1,183.20000000000002,0.0,183.20000000000002,506,30,506.0
14984.0,205,4,1058.1399999999999,202.37,264.53499999999997,514,11,128.5
14985.0,15,2,292.01,0.0,146.005,175,78,87.5
14986.0,193,2,563.1,0.0,281.55,501,87,250.5
14987.0,182,7,1305.85,163.2,186.54999999999998,554,4,79.14285714285714
14988.0,28,7,2038.65,0.0,291.2357142857143,419,171,59.857142857142854
14989.0,478,1,342.4,0.0,342.4,478,18,478.0
14990.0,429,2,304.17,0.0,152.085,547,41,273.5
14991.0,247,1,314.67,0.0,314.67,247,21,247.0
14992.0,259,1,210.5,0.0,210.5,259,27,259.0
14993.0,380,1,36.13,0.0,36.13,380,9,380.0
14994.0,199,5,904.54,0.0,180.908,440,224,88.0
14995.0,97,1,119.31,112.67,119.31,97,37,97.0
14996.0,298,2,442.28999999999996,0.0,221.14499999999998,298,37,149.0
14997.0,472,1,230.4,540.98,230.4,472,12,472.0
14998.0,58,3,521.95,231.23,173.98333333333335,422,85,140.66666666666666
14999.0,409,1,129.48000000000002,0.0,129.48000000000002,409,9,409.0
15001.0,211,2,197.10999999999999,0.0,98.55499999999999,211,43,105.5
15002.0,113,8,3643.91,494.17,455.48875,513,194,64.125
15003.0,290,6,1024.53,0.0,170.755,499,252,83.16666666666667
15005.0,4,41,10128.87,3338.72,247.04560975609758,555,490,13.536585365853659
15006.0,270,1,277.4,475.43,277.4,270,47,270.0
15008.0,297,2,360.0,0.0,180.0,454,6,227.0
15011.0,212,2,416.6,0.0,208.3,233,17,116.5
15012.0,190,2,429.78,216.48,214.89,393,107,196.5
15013.0,304,10,1610.82,0.0,161.082,494,177,49.4
15015.0,318,12,2281.82,0.0,190.15166666666667,542,156,45.166666666666664
15016.0,210,4,442.85,170.04,110.7125,360,77,90.0
15018.0,69,2,251.39000000000001,204.87,125.69500000000001,184,16,92.0
15019.0,83,1,252.81,0.0,252.81,83,64,83.0
15020.0,196,1,198.47,0.0,198.47,196,27,196.0
15021.0,35,6,1235.29,1187.06,205.88166666666666,315,230,52.5
15022.0,494,1,281.05,852.39,281.05,494,19,494.0
15023.0,35,13,7571.58,3905.43,582.4292307692308,491,385,37.76923076923077
15024.0,113,9,2603.55,955.84,289.28333333333336,241,124,26.77777777777778
15025.0,385,1,609.88,361.96,609.88,385,71,385.0
15026.0,57,4,810.67,233.42,202.6675,265,83,66.25
15027.0,36,8,2562.0099999999998,412.03000000000003,320.25124999999997,441,51,55.125
15028.0,185,3,521.78,441.16,173.92666666666665,211,45,70.33333333333333
15029.0,436,1,362.15000000000003,0.0,362.15000000000003,436,10,436.0
15030.0,85,7,1601.64,365.52000000000004,228.8057142857143,462,20,66.0
15031.0,99,11,2368.98,502.36,215.3618181818182,548,203,49.81818181818182
15032.0,73,8,10515.05,0.0,1314.38125,546,39,68.25
15033.0,25,3,1124.67,1401.56,374.89000000000004,146,148,48.666666666666664
15034.0,49,11,6570.22,1630.03,597.2927272727273,394,308,35.81818181818182
15037.0,193,2,397.76,0.0,198.88,193,40,96.5
15038.0,4,7,958.49,148.14000000000001,136.92714285714285,242,176,34.57142857142857
15039.0,1,73,33077.74,5777.5,453.11972602739723,546,485,7.47945205479452
15040.0,358,1,7.49,0.0,7.49,358,1,358.0
15041.0,261,1,109.05,179.93,109.05,261,34,261.0
15042.0,16,2,315.45,0.0,157.725,412,9,206.0
15043.0,280,5,2318.3199999999997,537.0,463.66399999999993,350,38,70.0
15044.0,24,26,12494.51,3169.05,480.55807692307695,540,255,20.76923076923077
15045.0,74,1,286.9,346.76,286.9,74,3,74.0
15046.0,11,18,4717.38,2664.05,262.07666666666665,511,195,28.38888888888889
15047.0,86,1,343.62,0.0,343.62,86,22,86.0
15048.0,37,2,254.25,123.27,127.125,185,58,92.5
15049.0,90,1,121.17000000000002,0.0,121.17000000000002,90,3,90.0
15050.0,238,2,2349.5,1682.77,1174.75,297,58,148.5
15051.0,196,6,2528.55,1383.3600000000001,421.425,555,113,92.5
15052.0,136,1,207.73000000000002,0.0,207.73000000000002,136,27,136.0
15053.0,98,1,222.65,471.3,222.65,98,19,98.0
15055.0,291,3,549.12,0.0,183.04,540,77,180.0
15056.0,337,1,113.64999999999999,0.0,113.64999999999999,337,6,337.0
15057.0,92,5,3184.56,0.0,636.912,551,61,110.2
15058.0,60,10,1976.65,1372.68,197.66500000000002,470,157,47.0
15059.0,32,14,2656.7,763.75,189.7642857142857,550,247,39.285714285714285
15061.0,1,108,101830.01,23142.28,942.870462962963,555,114,5.138888888888889
15062.0,34,7,2411.8,173.82,344.54285714285714,427,95,61.0
15063.0,30,1,370.79999999999995,0.0,370.79999999999995,30,5,30.0
15064.0,227,4,1154.41,0.0,288.6025,534,74,133.5
15065.0,44,3,1552.98,1751.73,517.66,227,79,75.66666666666667
15067.0,99,3,2953.42,896.71,984.4733333333334,424,124,141.33333333333334
15068.0,73,3,861.5,313.4,287.1666666666667,438,139,146.0
15070.0,189,3,737.0500000000001,0.0,245.68333333333337,541,26,180.33333333333334
15071.0,92,3,1062.16,393.40000000000003,354.05333333333334,387,31,129.0
15072.0,296,1,187.51999999999998,0.0,187.51999999999998,296,13,296.0
15073.0,2,6,2175.59,181.45,362.59833333333336,498,109,83.0
15074.0,246,2,817.46,735.67,408.73,284,31,142.0
15076.0,309,2,555.94,880.85,277.97,339,30,169.5
15077.0,311,2,2421.38,0.0,1210.69,547,28,273.5
15078.0,7,34,11546.48,5544.89,339.60235294117643,552,96,16.235294117647058
15079.0,29,11,3548.15,0.0,322.5590909090909,548,117,49.81818181818182
15080.0,244,2,546.25,0.0,273.125,318,31,159.0
15081.0,25,9,1580.3700000000001,256.75,175.5966666666667,352,64,39.111111111111114
15082.0,485,1,93.35000000000001,0.0,93.35000000000001,485,6,485.0
15083.0,73,1,88.2,0.0,88.2,73,5,73.0
15084.0,196,2,965.2,0.0,482.6,462,31,231.0
15085.0,546,1,347.54,0.0,347.54,546,9,546.0
15086.0,381,2,218.53,0.0,109.265,442,10,221.0
15087.0,98,1,306.94,0.0,306.94,98,15,98.0
15090.0,125,1,381.32,0.0,381.32,125,23,125.0
15091.0,491,2,558.95,476.96,279.475,491,27,245.5
15092.0,32,3,773.16,0.0,257.71999999999997,279,39,93.0
15093.0,23,20,11833.81,1200.34,591.6904999999999,548,103,27.4
15094.0,280,2,83.0,0.0,41.5,461,4,230.5
15095.0,20,7,2535.64,600.1,362.2342857142857,504,89,72.0
15097.0,400,2,338.97,248.08,169.485,400,39,200.0
15100.0,150,7,1750.1,0.0,250.0142857142857,518,10,74.0
15101.0,176,5,1100.96,215.25,220.192,407,48,81.4
15102.0,347,2,554.67,0.0,277.335,363,26,181.5
15104.0,13,2,968.64,0.0,484.32,99,65,49.5
15105.0,247,2,795.98,2298.93,397.99,443,50,221.5
15106.0,28,2,778.45,629.28,389.225,86,51,43.0
15107.0,128,9,752.6,0.0,83.62222222222222,268,31,29.77777777777778
15108.0,4,2,533.95,616.8,266.975,44,23,22.0
15109.0,62,3,961.9,0.0,320.6333333333333,552,46,184.0
15110.0,135,3,670.9,812.0500000000001,223.63333333333333,302,17,100.66666666666667
15111.0,189,3,1163.39,1278.98,387.7966666666667,409,60,136.33333333333334
15112.0,428,1,209.4,0.0,209.4,428,7,428.0
15114.0,34,5,1357.47,2042.65,271.494,238,67,47.6
15115.0,549,1,187.99,340.11,187.99,549,14,549.0
15116.0,21,1,479.65,873.1,479.65,21,15,21.0
15117.0,32,4,1244.94,1239.38,311.235,451,51,112.75
15119.0,62,1,266.4,0.0,266.4,62,14,62.0
15121.0,105,1,295.15,162.57,295.15,105,18,105.0
15122.0,21,10,3750.15,701.07,375.015,436,138,43.6
15123.0,23,4,3526.33,1129.84,881.5825,450,113,112.5
15124.0,8,3,357.38,93.44,119.12666666666667,468,25,156.0
15125.0,24,13,12266.76,3911.22,943.5969230769231,435,125,33.46153846153846
15126.0,353,2,449.49,0.0,224.745,504,25,252.0
15127.0,336,1,304.97,406.53,304.97,336,12,336.0
15128.0,36,2,773.9300000000001,970.5,386.96500000000003,247,47,123.5
15129.0,27,16,4533.16,2327.02,283.3225,427,68,26.6875
15131.0,211,1,80.28,0.0,80.28,211,7,211.0
15132.0,16,2,489.87,488.06,244.935,79,24,39.5
15133.0,74,4,1482.38,324.52,370.595,337,34,84.25
15134.0,30,4,447.75,1148.54,111.9375,239,20,59.75
15135.0,56,2,293.78,0.0,146.89,373,17,186.5
15137.0,337,2,820.22,0.0,410.11,497,34,248.5
15138.0,210,1,486.59000000000003,0.0,486.59000000000003,210,31,210.0
15139.0,56,2,178.96,0.0,89.48,153,13,76.5
15140.0,15,4,2012.6399999999999,1226.8,503.15999999999997,259,67,64.75
15141.0,274,7,1378.31,0.0,196.90142857142857,438,44,62.57142857142857
15142.0,227,5,2110.23,498.74,422.046,317,97,63.4
15143.0,42,2,563.63,0.0,281.815,249,27,124.5
15144.0,34,17,7121.09,4885.42,418.8876470588235,543,119,31.941176470588236
15145.0,44,2,724.03,470.7,362.015,65,35,32.5
15146.0,108,1,820.72,492.94,820.72,108,63,108.0
15147.0,57,1,608.65,0.0,608.65,57,28,57.0
15149.0,394,3,1003.8100000000001,520.8000000000001,334.60333333333335,466,43,155.33333333333334
15150.0,3,5,5004.68,3962.76,1000.936,360,318,72.0
15151.0,240,2,2085.61,0.0,1042.805,326,56,163.0
15152.0,4,2,1235.84,3966.54,617.92,518,70,259.0
15154.0,295,2,1089.44,224.73,544.72,295,101,147.5
15155.0,200,1,383.96999999999997,0.0,383.96999999999997,200,24,200.0
15157.0,175,3,1773.26,824.62,591.0866666666667,546,80,182.0
15158.0,218,1,36.26,401.40000000000003,36.26,218,3,218.0
15159.0,1,18,9124.89,12924.51,506.9383333333333,248,203,13.777777777777779
15160.0,174,4,589.27,0.0,147.3175,238,17,59.5
15161.0,205,1,119.92,0.0,119.92,205,33,205.0
15162.0,548,1,241.5,0.0,241.5,548,12,548.0
15163.0,9,1,155.0,149.47,155.0,9,10,9.0
15164.0,25,8,1549.86,461.35,193.7325,507,223,63.375
15165.0,190,1,487.75,0.0,487.75,190,27,190.0
15166.0,284,1,167.16,0.0,167.16,284,12,284.0
15167.0,137,5,1627.62,0.0,325.524,490,262,98.0
15169.0,199,2,569.22,0.0,284.61,543,58,271.5
15170.0,223,1,81.15,0.0,81.15,223,4,223.0
15171.0,148,1,1034.5,0.0,1034.5,148,3,148.0
15172.0,13,2,526.2,1097.85,263.1,53,38,26.5
15173.0,197,7,1399.26,0.0,199.8942857142857,434,68,62.0
15174.0,139,2,481.46,0.0,240.73,227,34,113.5
15176.0,484,1,985.09,0.0,985.09,484,52,484.0
15177.0,242,1,948.93,0.0,948.93,242,26,242.0
15178.0,77,1,40.5,0.0,40.5,77,3,77.0
15179.0,50,11,6710.69,747.58,610.0627272727272,553,190,50.27272727272727
15180.0,184,3,816.9300000000001,0.0,272.31,406,46,135.33333333333334
15181.0,86,3,806.47,389.47999999999996,268.8233333333333,548,6,182.66666666666666
15182.0,85,10,2711.23,252.37,271.123,473,74,47.3
15183.0,364,3,637.03,0.0,212.34333333333333,401,33,133.66666666666666
15184.0,7,3,518.42,166.97,172.80666666666664,540,34,180.0
15186.0,291,3,991.7900000000001,411.41,330.5966666666667,513,22,171.0
15187.0,29,1,431.6,4223.48,431.6,29,9,29.0
15188.0,542,1,310.43,0.0,310.43,542,23,542.0
15189.0,1,22,6432.75,10673.2,292.39772727272725,326,55,14.818181818181818
15190.0,251,1,834.4399999999999,0.0,834.4399999999999,251,40,251.0
15191.0,280,3,588.05,0.0,196.01666666666665,505,33,168.33333333333334
15192.0,8,4,1360.06,306.33,340.015,496,56,124.0
15194.0,15,22,7929.33,3942.09,360.4240909090909,553,203,25.136363636363637
15196.0,249,2,313.7,0.0,156.85,543,34,271.5
15197.0,69,5,1135.25,302.59,227.05,545,34,109.0
15198.0,225,3,365.81,193.64,121.93666666666667,506,20,168.66666666666666
15199.0,52,8,2510.85,611.55,313.85625,392,17,49.0
15200.0,311,1,549.05,0.0,549.05,311,30,311.0
15201.0,21,4,1089.31,466.81,272.3275,428,36,107.0
15203.0,15,11,3265.28,1134.9,296.8436363636364,548,126,49.81818181818182
15204.0,174,1,316.58,0.0,316.58,174,9,174.0
15206.0,92,1,17.700000000000003,402.59999999999997,17.700000000000003,92,1,92.0
15207.0,233,3,657.27,0.0,219.09,364,18,121.33333333333333
15208.0,170,2,165.8,802.22,82.9,240,8,120.0
15209.0,547,1,178.98000000000002,0.0,178.98000000000002,547,13,547.0
15210.0,42,3,1176.19,0.0,392.06333333333333,392,66,130.66666666666666
15211.0,182,1,383.07,511.34000000000003,383.07,182,23,182.0
15212.0,58,2,195.42999999999998,0.0,97.71499999999999,193,7,96.5
15213.0,135,2,325.05,0.0,162.525,146,22,73.0
15214.0,59,1,514.9300000000001,1146.51,514.9300000000001,59,35,59.0
15215.0,210,3,839.67,656.79,279.89,429,37,143.0
15216.0,435,1,389.49,96.6,389.49,435,22,435.0
15217.0,380,1,426.24,0.0,426.24,380,28,380.0
15218.0,34,14,7407.38,3999.63,529.0985714285714,499,112,35.642857142857146
15219.0,465,1,379.7,305.75,379.7,465,17,465.0
15220.0,20,3,838.15,920.77,279.3833333333333,97,53,32.333333333333336
15221.0,183,4,1707.55,0.0,426.8875,454,20,113.5
15222.0,135,11,3425.73,0.0,311.43,540,96,49.09090909090909
15223.0,42,4,1117.1,0.0,279.275,551,20,137.75
15224.0,175,5,847.21,0.0,169.442,510,24,102.0
15225.0,51,1,409.40000000000003,0.0,409.40000000000003,51,23,51.0
15226.0,127,1,154.41,0.0,154.41,127,8,127.0
15227.0,32,7,2145.91,342.58,306.5585714285714,450,79,64.28571428571429
15228.0,111,3,3098.41,2472.11,1032.8033333333333,316,119,105.33333333333333
15229.0,403,1,160.5,0.0,160.5,403,9,403.0
15230.0,56,2,429.6,0.0,214.8,57,23,28.5
15231.0,438,1,228.35999999999999,0.0,228.35999999999999,438,14,438.0
15233.0,218,1,59.400000000000006,0.0,59.400000000000006,218,1,218.0
15234.0,93,1,197.0,0.0,197.0,93,14,93.0
15235.0,34,16,2772.76,0.0,173.2975,205,161,12.8125
15236.0,115,1,321.05,0.0,321.05,115,15,115.0
15237.0,20,2,1093.65,318.67,546.825,44,74,22.0
15238.0,1,1,284.69,771.85,284.69,1,13,1.0
15240.0,8,10,3666.32,661.1899999999999,366.632,551,104,55.1
15241.0,9,6,2241.27,791.04,373.545,471,94,78.5
15242.0,239,1,302.04,0.0,302.04,239,4,239.0
15243.0,252,1,610.6,316.68,610.6,252,39,252.0
15244.0,65,2,516.5500000000001,333.63,258.27500000000003,483,27,241.5
15245.0,4,7,3832.72,778.12,547.5314285714286,412,72,58.857142857142854
15246.0,55,3,780.4,0.0,260.1333333333333,372,45,124.0
15247.0,294,2,611.11,356.0,305.555,354,10,177.0
15248.0,228,3,1865.03,0.0,621.6766666666666,351,103,117.0
15249.0,13,10,5322.71,3824.44,532.271,440,212,44.0
15250.0,457,1,60.0,0.0,60.0,457,3,457.0
15251.0,27,12,13839.380000000001,6282.19,1153.2816666666668,496,137,41.333333333333336
15252.0,238,3,1312.28,740.78,437.4266666666667,428,72,142.66666666666666
15253.0,220,3,1117.99,915.3,372.66333333333336,403,58,134.33333333333334
15254.0,363,2,787.99,300.36,393.995,377,46,188.5
15255.0,213,8,2756.52,890.85,344.565,553,99,69.125
15256.0,378,1,71.95,98.45,71.95,378,4,378.0
15257.0,100,2,520.9,0.0,260.45,231,11,115.5
15258.0,34,1,315.66,307.5,315.66,34,16,34.0
15259.0,329,4,1182.3799999999999,0.0,295.59499999999997,499,50,124.75
15260.0,3,23,8179.6900000000005,510.29,355.6386956521739,550,175,23.91304347826087
15261.0,198,3,1253.18,254.82,417.7266666666667,251,70,83.66666666666667
15262.0,140,3,418.82,0.0,139.60666666666665,305,22,101.66666666666667
15264.0,347,1,450.46000000000004,393.74,450.46000000000004,347,32,347.0
15265.0,52,3,2551.76,793.88,850.5866666666667,555,146,185.0
15266.0,155,5,852.21,0.0,170.442,518,38,103.6
15268.0,295,3,941.25,0.0,313.75,422,21,140.66666666666666
15269.0,197,2,816.56,408.8,408.28,207,32,103.5
15270.0,55,18,6316.95,1024.1399999999999,350.94166666666666,539,64,29.944444444444443
15271.0,21,14,2721.81,1736.48,194.415,308,273,22.0
15272.0,267,4,1309.01,721.94,327.2525,480,209,120.0
15273.0,416,1,228.96,0.0,228.96,416,1,416.0
15276.0,211,2,472.67,128.63,236.335,251,111,125.5
15277.0,242,1,220.44,255.89999999999998,220.44,242,14,242.0
15278.0,378,4,496.15999999999997,0.0,124.03999999999999,482,29,120.5
15279.0,171,5,1554.84,0.0,310.96799999999996,492,73,98.4
15280.0,305,2,284.4,113.12,142.2,388,39,194.0
15281.0,14,13,7917.9800000000005,404.74,609.0753846153847,244,409,18.76923076923077
15282.0,387,1,348.59,0.0,348.59,387,27,387.0
15283.0,207,3,135.43,0.0,45.14333333333334,335,9,111.66666666666667
15284.0,317,1,24.75,0.0,24.75,317,1,317.0
15285.0,224,1,94.92,0.0,94.92,224,6,224.0
15287.0,196,3,369.34000000000003,485.24,123.11333333333334,554,13,184.66666666666666
15288.0,17,8,3024.01,682.52,378.00125,482,113,60.25
15289.0,66,3,1011.0600000000001,559.65,337.02000000000004,438,44,146.0
15290.0,20,15,4537.73,5817.85,302.51533333333333,470,62,31.333333333333332
15291.0,64,33,11159.51,1980.01,338.1669696969697,553,100,16.757575757575758
15292.0,18,1,178.39,0.0,178.39,18,24,18.0
15293.0,482,1,247.5,0.0,247.5,482,19,482.0
15294.0,227,1,222.3,0.0,222.3,227,15,227.0
15295.0,471,1,207.04,0.0,207.04,471,50,471.0
15296.0,29,8,8372.63,1832.5,1046.57875,504,319,63.0
15298.0,4,16,5964.48,2986.9,372.78,548,165,34.25
15299.0,80,7,4078.5200000000004,1472.0,582.6457142857143,513,6,73.28571428571429
15301.0,4,11,4635.63,2231.81,421.4209090909091,267,181,24.272727272727273
15302.0,547,1,291.05,0.0,291.05,547,14,547.0
15303.0,107,3,1178.78,0.0,392.9266666666667,500,61,166.66666666666666
15304.0,35,6,478.65,303.65,79.77499999999999,238,5,39.666666666666664
15305.0,372,1,93.6,0.0,93.6,372,5,372.0
15306.0,317,6,2306.63,1174.35,384.43833333333333,476,80,79.33333333333333
15308.0,91,1,302.27,0.0,302.27,91,19,91.0
15309.0,427,3,732.53,0.0,244.17666666666665,552,47,184.0
15310.0,295,1,1634.64,0.0,1634.64,295,45,295.0
15311.0,2,159,85345.73,26431.29,536.7655974842767,555,691,3.490566037735849
15312.0,32,10,2599.54,316.95,259.954,540,111,54.0
15314.0,16,2,800.65,0.0,400.325,245,49,122.5
15316.0,143,1,165.0,0.0,165.0,143,1,143.0
15317.0,494,1,129.75,0.0,129.75,494,5,494.0
15319.0,100,1,204.5,0.0,204.5,100,16,100.0
15321.0,108,10,5084.24,1508.01,508.424,491,205,49.1
15322.0,293,1,711.18,611.27,711.18,293,41,293.0
15323.0,379,3,340.8,0.0,113.60000000000001,478,23,159.33333333333334
15324.0,518,1,140.22000000000003,0.0,140.22000000000003,518,8,518.0
15325.0,212,7,1434.52,161.74,204.93142857142857,478,141,68.28571428571429
15326.0,150,5,1551.02,0.0,310.204,555,89,111.0
15328.0,224,1,107.24,0.0,107.24,224,8,224.0
15329.0,191,7,1730.73,1023.2,247.24714285714285,542,56,77.42857142857143
15331.0,316,3,755.41,0.0,251.8033333333333,426,40,142.0
15332.0,183,6,4892.68,0.0,815.4466666666667,330,113,55.0
15333.0,25,1,1028.56,0.0,1028.56,25,16,25.0
15336.0,218,1,240.5,0.0,240.5,218,15,218.0
15337.0,228,1,344.72,0.0,344.72,228,21,228.0
15338.0,494,1,277.93,0.0,277.93,494,56,494.0
15339.0,135,6,1311.1,316.17,218.51666666666665,486,134,81.0
15340.0,378,1,105.5,0.0,105.5,378,7,378.0
15341.0,266,1,382.2,2020.52,382.2,266,7,266.0
15346.0,149,3,591.65,0.0,197.21666666666667,248,36,82.66666666666667
15347.0,183,3,1132.3,0.0,377.43333333333334,254,29,84.66666666666667
15349.0,4,1,356.21,107.7,356.21,4,58,4.0
15350.0,190,2,547.6,0.0,273.8,200,26,100.0
15351.0,186,4,1709.06,1611.44,427.265,249,101,62.25
15352.0,365,1,111.15,0.0,111.15,365,34,365.0
15353.0,71,7,2794.4700000000003,0.0,399.21000000000004,554,274,79.14285714285714
15356.0,35,8,1683.2,1556.37,210.4,239,232,29.875
15358.0,24,31,12254.92,3973.33,395.32,549,306,17.70967741935484
15359.0,479,7,162.6,0.0,23.228571428571428,510,10,72.85714285714286
15361.0,178,4,689.07,0.0,172.2675,360,10,90.0
15362.0,265,2,613.08,0.0,306.54,555,38,277.5
15363.0,189,2,670.16,0.0,335.08,309,32,154.5
15364.0,71,1,331.80000000000007,581.39,331.80000000000007,71,3,71.0
15365.0,132,7,2451.42,1340.56,350.20285714285717,490,87,70.0
15366.0,175,6,1892.11,496.97,315.35166666666663,468,68,78.0
15367.0,62,9,4544.32,461.40999999999997,504.9244444444444,546,190,60.666666666666664
15368.0,211,1,275.8,446.94000000000005,275.8,211,4,211.0
15369.0,309,10,3219.8599999999997,0.0,321.986,548,44,54.8
15370.0,20,4,2480.9,1232.61,620.225,227,77,56.75
15371.0,479,1,59.400000000000006,0.0,59.400000000000006,479,1,479.0
15372.0,267,7,3947.02,2007.3999999999999,563.86,480,19,68.57142857142857
15373.0,27,10,1657.58,1224.16,165.75799999999998,403,90,40.3
15374.0,441,1,139.32,168.0,139.32,441,6,441.0
15375.0,507,1,60.959999999999994,0.0,60.959999999999994,507,6,507.0
15376.0,39,1,642.37,579.19,642.37,39,57,39.0
15377.0,199,4,1179.95,0.0,294.9875,232,15,58.0
15378.0,279,2,246.5,0.0,123.25,318,8,159.0
15379.0,3,7,4675.64,130.8,667.9485714285714,217,175,31.0
15380.0,182,7,1739.8400000000001,1452.2600000000002,248.54857142857145,555,6,79.28571428571429
15381.0,30,5,1887.62,0.0,377.524,400,20,80.0
15382.0,1,10,9818.61,3828.59,981.8610000000001,552,240,55.2
15384.0,176,3,1682.3,338.84,560.7666666666667,409,77,136.33333333333334
15385.0,209,2,625.2,316.88,312.6,494,8,247.0
15386.0,3,1,394.14,0.0,394.14,3,31,3.0
15387.0,309,1,468.65,0.0,468.65,309,20,309.0
15388.0,87,1,140.54,0.0,140.54,87,10,87.0
15389.0,217,4,2233.8,500.0,558.45,498,2,124.5
15390.0,213,2,1216.66,0.0,608.33,226,77,113.0
15391.0,401,1,282.92,0.0,282.92,401,12,401.0
15392.0,177,4,1695.27,1196.55,423.8175,248,54,62.0
15393.0,98,4,783.58,107.76,195.895,541,35,135.25
15394.0,21,9,4504.3,747.1,500.4777777777778,541,119,60.111111111111114
15395.0,142,1,107.45,0.0,107.45,142,7,142.0
15396.0,400,1,508.20000000000005,288.18,508.20000000000005,400,2,400.0
15397.0,106,1,94.0,0.0,94.0,106,6,106.0
15400.0,1,5,995.4,257.4,199.07999999999998,377,14,75.4
15401.0,269,2,216.95000000000002,0.0,108.47500000000001,385,14,192.5
15402.0,13,5,1630.86,185.36,326.17199999999997,408,72,81.6
15403.0,308,2,170.88,0.0,85.44,547,6,273.5
15404.0,192,1,257.06,0.0,257.06,192,16,192.0
15405.0,6,2,659.84,0.0,329.92,393,29,196.5
15406.0,118,3,717.45,174.32,239.15,270,101,90.0
15407.0,39,2,329.86,716.88,164.93,122,49,61.0
15408.0,81,1,267.18,0.0,267.18,81,34,81.0
15409.0,538,1,117.2,0.0,117.2,538,9,538.0
15410.0,20,6,3035.77,1649.95,505.96166666666664,416,71,69.33333333333333
15413.0,508,5,6798.72,0.0,1359.7440000000001,555,20,111.0
15414.0,59,1,36.2,738.7,36.2,59,5,59.0
15415.0,130,1,559.61,0.0,559.61,130,46,130.0
15416.0,56,5,2862.93,1699.94,572.586,493,123,98.6
15418.0,242,2,449.42,0.0,224.71,403,64,201.5
15420.0,251,6,743.0,0.0,123.83333333333333,551,52,91.83333333333333
15421.0,32,9,3594.34,211.0,399.37111111111113,549,170,61.0
15422.0,140,7,1619.97,0.0,231.42428571428573,487,80,69.57142857142857
15423.0,398,2,175.64,43.5,87.82,438,9,219.0
15424.0,71,3,597.78,0.0,199.26,280,33,93.33333333333333
15425.0,217,4,1941.1200000000001,0.0,485.28000000000003,480,114,120.0
15426.0,74,6,1368.92,769.94,228.15333333333334,403,213,67.16666666666667
15428.0,204,3,668.97,93.78,222.99,539,35,179.66666666666666
15430.0,284,2,903.75,0.0,451.875,345,35,172.5
15431.0,319,1,153.24,0.0,153.24,319,2,319.0
15432.0,358,1,130.07,171.19,130.07,358,6,358.0
15433.0,30,2,420.07,0.0,210.035,84,40,42.0
15434.0,17,7,1782.5900000000001,734.5200000000001,254.6557142857143,501,67,71.57142857142857
15436.0,51,1,484.1,583.65,484.1,51,124,51.0
15437.0,79,2,393.45,0.0,196.725,457,56,228.5
15439.0,221,4,1269.05,0.0,317.2625,470,49,117.5
15440.0,25,1,125.8,257.88,125.8,25,20,25.0
15441.0,213,3,1254.21,0.0,418.07,547,45,182.33333333333334
15442.0,65,1,594.0,0.0,594.0,65,2,65.0
15443.0,137,8,2303.31,2752.03,287.91375,459,249,57.375
15445.0,81,2,284.5,0.0,142.25,407,12,203.5
15446.0,193,3,396.75,0.0,132.25,543,89,181.0
15447.0,147,5,484.93,0.0,96.986,442,27,88.4
15448.0,129,2,788.81,0.0,394.405,491,49,245.5
15449.0,2,2,644.4,326.82,322.2,78,30,39.0
15451.0,251,2,226.86,0.0,113.43,416,56,208.0
15452.0,81,4,1493.63,291.48,373.4075,328,148,82.0
15453.0,4,1,194.34,1177.43,194.34,4,39,4.0
15454.0,179,2,303.89,0.0,151.945,435,34,217.5
15455.0,414,1,38.25,0.0,38.25,414,2,414.0
15456.0,100,10,2091.52,0.0,209.152,548,128,54.8
15457.0,79,1,237.07,0.0,237.07,79,56,79.0
15458.0,219,1,208.79999999999998,161.64,208.79999999999998,219,6,219.0
15459.0,234,2,202.82999999999998,0.0,101.41499999999999,314,6,157.0
15460.0,171,1,214.26,0.0,214.26,171,53,171.0
15461.0,277,2,429.7,0.0,214.85,448,1,224.0
15462.0,4,2,607.45,129.6,303.725,262,32,131.0
15464.0,155,1,1044.65,0.0,1044.65,155,155,155.0
15465.0,50,26,9571.789999999999,2102.71,368.1457692307692,546,88,21.0
15466.0,206,3,1225.93,334.53,408.6433333333334,553,172,184.33333333333334
15468.0,209,1,947.77,439.71000000000004,947.77,209,56,209.0
15469.0,255,1,329.90000000000003,504.5,329.90000000000003,255,19,255.0
15470.0,392,1,63.419999999999995,0.0,63.419999999999995,392,4,392.0
15471.0,197,2,837.53,454.48,418.765,367,67,183.5
15473.0,261,1,274.8,1465.2,274.8,261,3,261.0
15474.0,412,1,150.35,0.0,150.35,412,19,412.0
15476.0,197,4,2180.28,0.0,545.07,259,66,64.75
15477.0,466,1,368.4,0.0,368.4,466,2,466.0
15478.0,392,1,541.06,1399.92,541.06,392,23,392.0
15479.0,550,1,147.4,0.0,147.4,550,9,550.0
15480.0,286,2,2686.75,905.5,1343.375,493,161,246.5
15481.0,218,1,1993.34,0.0,1993.34,218,38,218.0
15482.0,67,10,4799.84,5091.28,479.98400000000004,554,43,55.4
15483.0,83,7,696.37,114.31,99.48142857142857,501,190,71.57142857142857
15484.0,357,2,1061.69,3559.21,530.845,551,53,275.5
15485.0,153,6,3460.55,1296.37,576.7583333333333,555,56,92.5
15486.0,344,1,102.0,0.0,102.0,344,1,344.0
15487.0,496,1,231.32,0.0,231.32,496,14,496.0
15488.0,273,4,340.6,91.32000000000001,85.15,400,8,100.0
15489.0,28,6,1583.19,741.77,263.865,510,65,85.0
15490.0,247,1,181.35,0.0,181.35,247,22,247.0
15491.0,35,3,1635.68,1455.17,545.2266666666667,52,80,17.333333333333332
15493.0,66,6,3066.48,1012.16,511.08,471,233,78.5
15494.0,295,3,2422.02,1280.58,807.34,546,219,182.0
15495.0,196,1,246.5,0.0,246.5,196,20,196.0
15496.0,448,1,146.14000000000001,0.0,146.14000000000001,448,22,448.0
15497.0,136,8,8351.86,291.6,1043.9825,538,65,67.25
15498.0,6,30,18600.91,6138.15,620.0303333333334,540,500,18.0
15499.0,540,1,158.65,0.0,158.65,540,40,540.0
15501.0,221,2,399.95,0.0,199.975,232,64,116.0
15502.0,92,5,4903.65,3348.16,980.7299999999999,371,153,74.2
15503.0,179,2,257.3,0.0,128.65,543,112,271.5
15504.0,337,3,328.67,52.83,109.55666666666667,482,32,160.66666666666666
15506.0,198,3,1058.25,972.08,352.75,294,82,98.0
15508.0,6,6,1000.27,0.0,166.71166666666667,52,78,8.666666666666666
15509.0,197,1,152.41,0.0,152.41,197,26,197.0
15510.0,147,1,250.0,0.0,250.0,147,1,147.0
15512.0,176,3,311.78,19.799999999999997,103.92666666666666,493,28,164.33333333333334
15513.0,16,28,17415.85,8603.26,621.9946428571428,512,218,18.285714285714285
15514.0,42,13,3789.33,1521.78,291.48692307692306,552,128,42.46153846153846
15515.0,204,1,171.81,0.0,171.81,204,7,204.0
15517.0,50,1,267.03,0.0,267.03,50,27,50.0
15518.0,32,11,3143.36,938.23,285.76,536,212,48.72727272727273
15519.0,200,2,344.61,0.0,172.305,263,34,131.5
15521.0,29,12,5748.5199999999995,1031.87,479.0433333333333,520,176,43.333333333333336
15523.0,205,15,16813.18,412.01000000000005,1120.8786666666667,554,63,36.93333333333333
15524.0,423,1,151.4,440.0,151.4,423,8,423.0
15525.0,190,2,430.78,442.04,215.39,199,66,99.5
15527.0,36,17,3685.1,1528.49,216.7705882352941,541,142,31.823529411764707
15528.0,71,1,229.33,0.0,229.33,71,26,71.0
15529.0,27,8,2749.07,2004.59,343.63375,211,295,26.375
15530.0,63,2,859.46,949.22,429.73,329,71,164.5
15532.0,175,7,2468.52,1186.83,352.6457142857143,366,295,52.285714285714285
15534.0,542,1,162.25,0.0,162.25,542,8,542.0
15535.0,53,5,855.61,125.01,171.122,266,75,53.2
15536.0,226,1,259.09,0.0,259.09,226,16,226.0
15538.0,354,6,3358.3999999999996,0.0,559.7333333333332,480,3,80.0
15540.0,192,1,247.38,213.3,247.38,192,16,192.0
15542.0,329,3,833.16,0.0,277.71999999999997,554,210,184.66666666666666
15543.0,105,2,242.26,0.0,121.13,276,50,138.0
15544.0,28,15,5996.54,1783.04,399.76933333333335,497,146,33.13333333333333
15545.0,188,1,135.32999999999998,153.64000000000001,135.32999999999998,188,31,188.0
15546.0,423,1,539.5500000000001,0.0,539.5500000000001,423,6,423.0
15547.0,11,19,7464.23,2527.47,392.85421052631574,550,448,28.94736842105263
15548.0,412,1,158.09,0.0,158.09,412,23,412.0
15549.0,133,6,1545.5,747.41,257.5833333333333,514,93,85.66666666666667
15550.0,118,9,1556.8700000000001,437.73,172.98555555555558,553,139,61.44444444444444
15551.0,211,5,1189.75,436.06,237.95,367,95,73.4
15552.0,34,2,252.52,0.0,126.26,440,29,220.0
15554.0,94,1,217.2,0.0,217.2,94,14,94.0
15555.0,7,26,7870.93,3007.73,302.7280769230769,550,497,21.153846153846153
15558.0,456,1,131.88,0.0,131.88,456,22,456.0
15559.0,385,1,1109.4,0.0,1109.4,385,62,385.0
15560.0,214,2,153.52,0.0,76.76,214,10,107.0
15561.0,32,5,1399.55,456.99,279.90999999999997,480,49,96.0
15562.0,168,3,671.4300000000001,0.0,223.81000000000003,543,32,181.0
15563.0,17,5,2189.6,575.0699999999999,437.91999999999996,497,151,99.4
15564.0,280,2,70.74000000000001,0.0,35.370000000000005,493,4,246.5
15566.0,209,2,227.87,0.0,113.935,541,9,270.5
15569.0,149,6,2496.24,1087.21,416.03999999999996,466,108,77.66666666666667
15570.0,23,21,7033.34,1640.1,334.9209523809524,438,392,20.857142857142858
15571.0,203,10,3241.92,650.4300000000001,324.192,550,410,55.0
15572.0,65,6,2305.32,1659.8799999999999,384.22,421,174,70.16666666666667
15573.0,435,3,597.23,583.24,199.07666666666668,546,104,182.0
15574.0,175,5,947.34,112.1,189.46800000000002,281,186,56.2
15575.0,436,1,30.1,0.0,30.1,436,3,436.0
15577.0,122,3,166.8,229.23,55.6,543,24,181.0
15579.0,130,4,1083.13,132.25,270.7825,249,122,62.25
15580.0,193,8,1251.09,0.0,156.38625,487,140,60.875
15581.0,43,30,4271.34,86.67,142.37800000000001,554,494,18.466666666666665
15582.0,37,1,303.61,379.3,303.61,37,22,37.0
15583.0,193,1,95.96,0.0,95.96,193,37,193.0
15584.0,216,2,547.34,712.36,273.67,487,93,243.5
15586.0,409,3,1128.66,0.0,376.22,517,30,172.33333333333334
15587.0,168,4,953.28,568.8000000000001,238.32,308,3,77.0
15588.0,494,1,579.6,0.0,579.6,494,4,494.0
15589.0,72,3,456.58,0.0,152.19333333333333,127,27,42.333333333333336
15590.0,199,5,1496.6,0.0,299.32,423,75,84.6
15591.0,399,3,217.9,0.0,72.63333333333334,490,6,163.33333333333334
15594.0,51,1,263.66,1503.87,263.66,51,15,51.0
15595.0,304,1,357.6,0.0,357.6,304,4,304.0
15596.0,31,8,2600.47,16.9,325.05875,316,80,39.5
15597.0,392,1,238.8,315.71999999999997,238.8,392,15,392.0
15598.0,244,1,307.34,235.68,307.34,244,22,244.0
15599.0,21,2,937.15,312.90999999999997,468.575,262,58,131.0
15600.0,245,4,1179.96,0.0,294.99,410,54,102.5
15601.0,20,25,12122.87,2027.97,484.9148,555,245,22.2
15602.0,17,11,2164.59,754.92,196.7809090909091,554,53,50.36363636363637
15603.0,465,1,26.25,48.480000000000004,26.25,465,2,465.0
15605.0,69,7,1230.5,508.05,175.78571428571428,511,59,73.0
15606.0,39,14,3847.71,885.76,274.8364285714286,464,73,33.142857142857146
15607.0,153,9,1619.3700000000001,0.0,179.93,517,93,57.44444444444444
15608.0,232,1,692.3,1093.68,692.3,232,45,232.0
15609.0,1,1,270.03000000000003,0.0,270.03000000000003,1,14,1.0
15611.0,8,17,1708.58,1131.19,100.50470588235294,500,27,29.41176470588235
15613.0,427,1,433.71999999999997,0.0,433.71999999999997,427,27,427.0
15614.0,254,4,3021.61,0.0,755.4025,443,71,110.75
15615.0,29,34,15656.04,5652.18,460.4717647058824,554,235,16.294117647058822
15616.0,255,1,317.11,0.0,317.11,255,13,255.0
15617.0,213,3,828.5500000000001,0.0,276.18333333333334,324,41,108.0
15620.0,37,3,1239.59,669.02,413.19666666666666,226,83,75.33333333333333
15622.0,14,13,6598.8,747.33,507.6,462,295,35.53846153846154
15623.0,210,7,2136.02,301.03,305.1457142857143,546,77,78.0
15624.0,23,2,311.4,276.73,155.7,73,18,36.5
15625.0,52,6,2394.02,809.23,399.00333333333333,359,101,59.833333333333336
15626.0,146,2,655.45,393.92,327.725,238,49,119.0
15627.0,274,2,566.9,0.0,283.45,339,23,169.5
15628.0,72,10,3109.55,2174.63,310.95500000000004,543,94,54.3
15629.0,267,4,2240.9,0.0,560.225,349,39,87.25
15630.0,21,2,685.96,789.49,342.98,461,41,230.5
15631.0,459,1,596.67,0.0,596.67,459,39,459.0
15632.0,42,3,1226.6,1921.71,408.8666666666666,91,51,30.333333333333332
15633.0,326,13,4155.51,0.0,319.6546153846154,548,77,42.15384615384615
15634.0,200,1,311.1,243.55,311.1,200,19,200.0
15635.0,212,1,100.35,0.0,100.35,212,2,212.0
15636.0,99,3,1026.52,418.06,342.17333333333335,386,28,128.66666666666666
15637.0,230,4,574.23,223.36,143.5575,541,23,135.25
15638.0,195,6,2154.2,0.0,359.0333333333333,427,20,71.16666666666667
15639.0,268,2,599.81,425.32,299.905,422,39,211.0
15640.0,2,22,17645.57,5706.02,802.0713636363636,542,239,24.636363636363637
15641.0,77,11,4763.7300000000005,581.82,433.0663636363637,550,228,50.0
15642.0,546,1,105.78000000000002,0.0,105.78000000000002,546,6,546.0
15643.0,8,3,647.4,0.0,215.79999999999998,99,31,33.0
15644.0,73,3,423.19,380.35,141.06333333333333,78,85,26.0
15645.0,231,2,430.56,611.59,215.28,242,15,121.0
15646.0,63,4,654.71,107.60000000000001,163.6775,227,57,56.75
15647.0,232,1,169.0,0.0,169.0,232,11,232.0
15648.0,21,2,584.75,0.0,292.375,84,22,42.0
15649.0,153,4,1660.35,0.0,415.0875,204,8,51.0
15650.0,338,2,539.03,0.0,269.515,445,32,222.5
15651.0,77,3,840.08,418.98,280.0266666666667,413,44,137.66666666666666
15652.0,204,4,1059.7,337.74,264.925,302,75,75.5
15655.0,60,1,511.32,0.0,511.32,60,32,60.0
15656.0,37,2,306.86,441.64,153.43,101,19,50.5
15658.0,7,7,1964.14,0.0,280.5914285714286,553,77,79.0
15659.0,203,2,226.04,306.45,113.02,470,8,235.0
15660.0,21,10,1697.25,858.09,169.725,489,52,48.9
15661.0,134,8,1215.95,0.0,151.99375,395,27,49.375
15662.0,478,2,283.73,0.0,141.865,555,12,277.5
15664.0,266,3,813.1,386.43,271.03333333333336,466,43,155.33333333333334
15665.0,60,4,3221.28,765.79,805.32,452,156,113.0
15666.0,289,2,632.9399999999999,0.0,316.46999999999997,312,62,156.0
15668.0,34,1,76.32000000000001,0.0,76.32000000000001,34,1,34.0
15669.0,80,1,198.8,478.89000000000004,198.8,80,11,80.0
15670.0,113,2,315.2,0.0,157.6,373,19,186.5
15671.0,59,3,1016.13,1619.3600000000001,338.71,87,40,29.0
15672.0,542,1,45.300000000000004,0.0,45.300000000000004,542,3,542.0
15673.0,31,7,5169.18,1030.19,738.4542857142858,472,147,67.42857142857143
15674.0,32,10,5150.91,1066.94,515.091,548,218,54.8
15675.0,97,2,263.35,278.69,131.675,221,16,110.5
15676.0,100,1,877.4,2446.69,877.4,100,59,100.0
15677.0,238,2,648.4,657.23,324.2,280,32,140.0
15678.0,212,2,1473.24,352.7,736.62,339,67,169.5
15680.0,183,8,3156.2,854.79,394.525,554,128,69.25
15681.0,97,10,1879.52,600.6800000000001,187.952,381,35,38.1
15682.0,416,2,316.99,0.0,158.495,504,25,252.0
15683.0,290,1,330.79,193.75,330.79,290,16,290.0
15684.0,364,3,159.1,0.0,53.03333333333333,552,9,184.0
15685.0,267,1,55.980000000000004,0.0,55.980000000000004,267,17,267.0
15686.0,237,1,90.0,0.0,90.0,237,1,237.0
15687.0,3,5,1667.8500000000001,1313.65,333.57000000000005,147,69,29.4
15688.0,235,1,190.57,0.0,190.57,235,26,235.0
15689.0,178,2,370.43,150.6,185.215,434,19,217.0
15691.0,69,4,511.8,0.0,127.95,550,11,137.5
15693.0,476,1,37.5,0.0,37.5,476,1,476.0
15694.0,4,17,6249.63,3477.7,367.62529411764706,549,45,32.294117647058826
15695.0,83,4,1131.04,0.0,282.76,498,55,124.5
15696.0,37,11,2656.81,1076.21,241.52818181818182,501,115,45.54545454545455
15697.0,506,1,246.75,0.0,246.75,506,14,506.0
15698.0,441,1,46.2,0.0,46.2,441,2,441.0
15702.0,293,1,112.57000000000001,0.0,112.57000000000001,293,29,293.0
15703.0,81,1,211.5,0.0,211.5,81,5,81.0
15704.0,4,4,2877.56,786.3000000000001,719.39,400,109,100.0
15705.0,18,1,143.1,0.0,143.1,18,6,18.0
15708.0,39,7,2572.64,1268.09,367.52,242,98,34.57142857142857
15709.0,100,2,327.85,0.0,163.925,406,26,203.0
15710.0,234,1,898.87,0.0,898.87,234,110,234.0
15711.0,373,2,420.25,0.0,210.125,501,25,250.5
15712.0,104,8,2694.9,772.5600000000001,336.8625,555,71,69.375
15713.0,183,3,629.29,185.55,209.76333333333332,540,38,180.0
15714.0,270,3,453.93,330.03000000000003,151.31,372,14,124.0
15715.0,372,5,658.02,0.0,131.60399999999998,436,33,87.2
15716.0,18,10,2266.37,216.37,226.637,549,174,54.9
15717.0,51,5,607.0,0.0,121.4,409,17,81.8
15718.0,357,1,293.79,0.0,293.79,357,18,357.0
15719.0,16,25,7530.87,2599.55,301.2348,555,364,22.2
15720.0,367,1,140.49,598.73,140.49,367,25,367.0
15722.0,4,8,3689.34,1451.91,461.1675,457,82,57.125
15723.0,181,4,930.7,0.0,232.675,391,108,97.75
15724.0,18,3,299.8,0.0,99.93333333333334,217,17,72.33333333333333
15726.0,207,1,321.91,0.0,321.91,207,23,207.0
15727.0,15,12,7443.62,1928.09,620.3016666666666,501,344,41.75
15728.0,196,2,394.8,0.0,197.4,261,10,130.5
15729.0,29,3,154.70000000000002,0.0,51.56666666666667,220,9,73.33333333333333
15730.0,23,3,1054.73,653.45,351.57666666666665,248,65,82.66666666666667
15731.0,370,1,125.3,0.0,125.3,370,8,370.0
15732.0,29,10,1499.42,0.0,149.942,490,52,49.0
15733.0,99,1,162.3,0.0,162.3,99,10,99.0
15734.0,17,3,1502.5,760.8000000000001,500.8333333333333,364,22,121.33333333333333
15735.0,238,1,327.68,0.0,327.68,238,19,238.0
15736.0,252,2,1706.92,0.0,853.46,252,93,126.0
15737.0,6,2,657.13,464.08,328.565,59,38,29.5
15738.0,21,34,10816.04,2199.38,318.11882352941177,546,66,16.058823529411764
15741.0,275,2,208.62,0.0,104.31,435,11,217.5
15742.0,436,1,156.87,0.0,156.87,436,41,436.0
15743.0,1,1,322.55,453.41,322.55,1,18,1.0
15745.0,53,1,302.85,768.39,302.85,53,18,53.0
15747.0,192,6,1551.22,946.64,258.5366666666667,507,78,84.5
15748.0,266,2,465.45000000000005,144.36,232.72500000000002,266,16,133.0
15749.0,52,2,24850.9,0.0,12425.45,149,5,74.5
15750.0,100,13,4534.56,1852.13,348.81230769230774,555,279,42.69230769230769
15751.0,277,10,1318.84,0.0,131.884,550,88,55.0
15752.0,66,5,2340.9900000000002,1575.47,468.19800000000004,274,266,54.8
15753.0,121,1,79.2,0.0,79.2,121,1,121.0
15754.0,63,7,2638.18,363.87,376.8828571428571,472,95,67.42857142857143
15755.0,52,13,4238.8,1698.15,326.0615384615385,552,208,42.46153846153846
15756.0,30,2,244.17,283.84,122.085,66,83,33.0
15757.0,34,5,2487.3,453.06,497.46000000000004,364,140,72.8
15759.0,35,7,810.98,0.0,115.85428571428572,554,9,79.14285714285714
15761.0,259,1,143.05,0.0,143.05,259,5,259.0
15764.0,1,5,2883.23,1570.05,576.646,295,123,59.0
15765.0,483,1,370.63,0.0,370.63,483,25,483.0
15766.0,273,2,484.6,315.06,242.3,499,15,249.5
15768.0,20,33,15166.21,142.68,459.5821212121212,553,432,16.757575757575758
15769.0,14,33,60249.52,23934.0,1825.7430303030303,545,18,16.515151515151516
15770.0,429,1,321.45,0.0,321.45,429,18,429.0
15771.0,421,3,1006.54,0.0,335.5133333333333,510,26,170.0
15772.0,235,1,280.88,0.0,280.88,235,16,235.0
15773.0,226,1,138.84,635.6800000000001,138.84,226,37,226.0
15774.0,235,5,1016.29,270.8,203.25799999999998,473,68,94.6
15775.0,62,2,150.5,0.0,75.25,448,9,224.0
15777.0,58,7,1732.86,0.0,247.55142857142854,385,29,55.0
15778.0,248,1,307.95,0.0,307.95,248,17,248.0
15779.0,280,2,124.08000000000001,0.0,62.040000000000006,349,8,174.5
15780.0,59,2,402.76,72.52,201.38,174,24,87.0
15781.0,122,1,83.35,250.21,83.35,122,5,122.0
15782.0,247,1,1399.36,2593.94,1399.36,247,18,247.0
15784.0,284,2,848.3299999999999,0.0,424.16499999999996,489,33,244.5
15785.0,14,13,4849.46,985.13,373.0353846153846,541,87,41.61538461538461
15786.0,234,2,3558.65,4821.0,1779.325,353,165,176.5
15788.0,325,1,215.53,0.0,215.53,325,14,325.0
15789.0,175,6,1932.01,0.0,322.00166666666667,440,108,73.33333333333333
15791.0,21,4,3156.29,389.45000000000005,789.0725,458,112,114.5
15792.0,216,2,933.84,0.0,466.92,435,57,217.5
15793.0,85,6,1740.6,642.32,290.09999999999997,555,9,92.5
15794.0,553,2,777.0,0.0,388.5,554,15,277.0
15795.0,247,7,1369.8600000000001,610.01,195.69428571428574,507,74,72.42857142857143
15796.0,4,13,3691.09,1461.64,283.93,435,131,33.46153846153846
15797.0,31,4,2438.88,367.2,609.72,498,10,124.5
15798.0,309,3,1535.37,0.0,511.78999999999996,498,73,166.0
15799.0,2,3,1018.4399999999999,402.90000000000003,339.47999999999996,235,91,78.33333333333333
15800.0,63,6,774.68,452.39,129.11333333333332,435,110,72.5
15803.0,262,3,1513.84,415.82000000000005,504.6133333333333,493,42,164.33333333333334
15804.0,15,1,525.36,3323.19,525.36,15,34,15.0
15805.0,2,20,7019.57,2750.46,350.9785,546,252,27.3
15806.0,93,1,300.36,484.22,300.36,93,16,93.0
15807.0,225,2,913.62,903.9,456.81,483,40,241.5
15808.0,123,21,17052.55,0.0,812.0261904761904,555,345,26.428571428571427
15809.0,1,6,862.88,0.0,143.81333333333333,352,44,58.666666666666664
15810.0,49,6,2366.45,416.83,394.4083333333333,490,75,81.66666666666667
15811.0,22,5,2427.37,917.88,485.474,205,160,41.0
15812.0,6,10,4439.25,746.9200000000001,443.925,541,83,54.1
15813.0,24,2,1303.9099999999999,0.0,651.9549999999999,56,40,28.0
15814.0,210,2,689.11,1919.23,344.555,420,23,210.0
15815.0,29,3,1394.08,706.52,464.6933333333333,76,12,25.333333333333332
15816.0,359,2,93.3,0.0,46.65,359,10,179.5
15817.0,237,3,2766.4,0.0,922.1333333333333,360,133,120.0
15818.0,405,1,340.5,0.0,340.5,405,11,405.0
15819.0,16,8,3187.13,728.3100000000001,398.39125,448,161,56.0
15820.0,136,1,206.98,0.0,206.98,136,17,136.0
15822.0,176,5,1388.54,445.27,277.70799999999997,550,34,110.0
15823.0,546,2,3285.26,0.0,1642.63,548,142,274.0
15824.0,270,2,890.94,0.0,445.47,349,24,174.5
15826.0,27,2,1653.77,929.36,826.885,385,66,192.5
15827.0,32,22,2357.9900000000002,889.1,107.18136363636364,517,85,23.5
15828.0,192,1,1108.82,0.0,1108.82,192,74,192.0
15831.0,141,1,309.94,484.7,309.94,141,17,141.0
15832.0,71,1,836.79,0.0,836.79,71,54,71.0
15833.0,554,1,80.4,0.0,80.4,554,5,554.0
15834.0,94,5,2660.66,952.38,532.132,241,243,48.2
15835.0,77,2,488.31,465.78,244.155,147,25,73.5
15837.0,302,1,385.03000000000003,391.98,385.03000000000003,302,28,302.0
15838.0,7,22,31777.079999999998,25434.2,1444.4127272727271,541,44,24.59090909090909
15841.0,35,7,2110.7,605.8000000000001,301.5285714285714,546,46,78.0
15842.0,210,2,528.75,0.0,264.375,344,24,172.0
15843.0,120,1,118.95000000000002,0.0,118.95000000000002,120,8,120.0
15845.0,27,6,2108.94,2164.71,351.49,499,75,83.16666666666667
15846.0,202,1,107.01,0.0,107.01,202,27,202.0
15847.0,105,4,613.98,208.59,153.495,458,28,114.5
15848.0,438,1,137.99,0.0,137.99,438,34,438.0
15850.0,193,4,771.87,234.88,192.9675,543,197,135.75
15851.0,343,1,109.73,0.0,109.73,343,8,343.0
15852.0,3,3,257.26,0.0,85.75333333333333,343,31,114.33333333333333
15854.0,21,15,4193.55,1384.73,279.57,546,134,36.4
15855.0,23,4,682.99,369.73,170.7475,293,51,73.25
15856.0,20,33,22718.86,9191.33,688.4503030303031,553,230,16.757575757575758
15857.0,247,1,273.48,297.0,273.48,247,10,247.0
15858.0,106,10,2915.56,611.35,291.556,546,230,54.6
15859.0,249,1,438.46,0.0,438.46,249,22,249.0
15860.0,49,12,1813.9,544.9,151.15833333333333,550,191,45.833333333333336
15861.0,84,6,1922.72,2265.68,320.4533333333333,497,264,82.83333333333333
15862.0,21,11,2165.27,341.87,196.84272727272727,539,366,49.0
15863.0,9,4,295.46,59.64,73.865,539,58,134.75
15864.0,133,2,472.96000000000004,1541.2600000000002,236.48000000000002,198,9,99.0
15865.0,30,3,1660.22,581.2,553.4066666666666,520,99,173.33333333333334
15867.0,13,25,6779.97,2037.7,271.1988,542,448,21.68
15868.0,400,1,94.53,0.0,94.53,400,4,400.0
15869.0,94,3,321.11,0.0,107.03666666666668,443,29,147.66666666666666
15870.0,213,3,506.02,351.44,168.67333333333332,263,61,87.66666666666667
15871.0,254,1,33.099999999999994,0.0,33.099999999999994,254,5,254.0
15872.0,195,2,413.0,316.25,206.5,367,70,183.5
15873.0,316,4,138.24,0.0,34.56,317,2,79.25
15874.0,34,19,8932.68,2243.08,470.141052631579,518,233,27.263157894736842
15875.0,463,1,108.52,0.0,108.52,463,18,463.0
15876.0,226,2,1449.1399999999999,0.0,724.5699999999999,265,11,132.5
15878.0,378,2,330.77,0.0,165.385,550,47,275.0
15879.0,221,4,1137.8,0.0,284.45,539,171,134.75
15880.0,186,1,299.03000000000003,0.0,299.03000000000003,186,94,186.0
15881.0,129,4,438.24,0.0,109.56,181,25,45.25
15882.0,15,8,1096.31,0.0,137.03875,546,47,68.25
15884.0,249,2,244.60000000000002,0.0,122.30000000000001,553,14,276.5
15885.0,200,12,1358.22,349.35,113.185,504,66,42.0
15886.0,233,3,871.78,181.09,290.5933333333333,415,47,138.33333333333334
15887.0,223,3,1027.15,0.0,342.3833333333334,372,27,124.0
15888.0,217,2,260.85,135.6,130.425,343,24,171.5
15889.0,186,7,1264.5,132.1,180.64285714285714,546,234,78.0
15890.0,211,5,535.65,0.0,107.13,421,10,84.2
15891.0,43,1,509.13,0.0,509.13,43,59,43.0
15892.0,486,1,128.2,0.0,128.2,486,38,486.0
15893.0,298,1,305.28000000000003,0.0,305.28000000000003,298,1,298.0
15894.0,70,2,257.6,0.0,128.8,186,34,93.0
15897.0,11,2,208.59,0.0,104.295,11,17,5.5
15898.0,43,23,4567.66,385.89,198.59391304347827,545,279,23.695652173913043
15899.0,185,1,56.25,0.0,56.25,185,4,185.0
15900.0,230,3,539.39,337.28,179.79666666666665,379,67,126.33333333333333
15901.0,268,3,318.14,349.75,106.04666666666667,360,48,120.0
15902.0,197,1,145.01,0.0,145.01,197,18,197.0
15903.0,44,7,4454.3,4485.12,636.3285714285714,511,39,73.0
15905.0,360,1,114.69,0.0,114.69,360,22,360.0
15906.0,36,6,1557.91,884.53,259.6516666666667,267,83,44.5
15907.0,27,1,223.07,658.8,223.07,27,46,27.0
15908.0,307,2,758.62,0.0,379.31,329,37,164.5
15910.0,24,11,1982.9,678.27,180.26363636363638,504,322,45.81818181818182
15911.0,440,8,1683.79,0.0,210.47375,547,161,68.375
15912.0,50,8,951.57,123.13,118.94625,546,77,68.25
15913.0,351,1,6.300000000000001,0.0,6.300000000000001,351,1,351.0
15914.0,195,2,205.99,0.0,102.995,195,13,97.5
15915.0,218,1,364.24,0.0,364.24,218,104,218.0
15916.0,8,10,2452.58,637.36,245.25799999999998,546,175,54.6
15917.0,64,5,530.17,0.0,106.03399999999999,554,127,110.8
15918.0,7,3,582.88,0.0,194.29333333333332,448,49,149.33333333333334
15919.0,185,1,214.07999999999998,311.61,214.07999999999998,185,38,185.0
15920.0,241,5,401.64,163.55,80.328,542,42,108.4
15921.0,213,3,442.58,323.03000000000003,147.52666666666667,457,51,152.33333333333334
15922.0,190,1,363.6,0.0,363.6,190,11,190.0
15923.0,189,1,127.08,0.0,127.08,189,21,189.0
15924.0,548,1,102.82,0.0,102.82,548,14,548.0
15925.0,11,1,207.15,0.0,207.15,11,12,11.0
15926.0,359,1,134.44,0.0,134.44,359,7,359.0
15927.0,464,1,106.54,0.0,106.54,464,13,464.0
15928.0,473,1,293.53,0.0,293.53,473,11,473.0
15929.0,461,1,594.0,0.0,594.0,461,1,461.0
15931.0,245,1,239.9,0.0,239.9,245,14,245.0
15932.0,31,4,1260.48,1201.37,315.12,106,44,26.5
15934.0,234,2,2190.66,0.0,1095.33,246,29,123.0
15935.0,56,1,108.03999999999999,0.0,108.03999999999999,56,11,56.0
15936.0,196,2,282.79,0.0,141.395,284,16,142.0
15938.0,18,8,665.53,69.28,83.19125,373,24,46.625
15939.0,13,9,7509.43,1482.66,834.3811111111112,191,50,21.22222222222222
15940.0,128,1,35.8,0.0,35.8,128,1,128.0
15941.0,454,1,216.0,0.0,216.0,454,5,454.0
15943.0,466,2,271.28999999999996,0.0,135.64499999999998,494,12,247.0
15944.0,93,4,2164.24,0.0,541.06,543,25,135.75
15945.0,182,4,646.27,0.0,161.5675,555,24,138.75
15946.0,319,3,2304.18,0.0,768.06,450,25,150.0
15948.0,241,1,553.85,955.24,553.85,241,35,241.0
15950.0,176,7,5663.57,1255.64,809.0814285714285,499,194,71.28571428571429
15951.0,102,2,680.12,294.40000000000003,340.06,198,35,99.0
15952.0,42,1,232.65,549.26,232.65,42,14,42.0
15953.0,28,13,2466.5,828.99,189.73076923076923,553,68,42.53846153846154
15954.0,406,1,187.8,0.0,187.8,406,19,406.0
15955.0,20,11,5100.34,2954.14,463.66727272727275,471,130,42.81818181818182
15956.0,368,2,617.6,0.0,308.8,543,18,271.5
15957.0,237,2,492.36,428.89,246.18,237,88,118.5
15958.0,220,3,357.77,104.35,119.25666666666666,367,45,122.33333333333333
15959.0,499,3,542.89,0.0,180.96333333333334,499,58,166.33333333333334
15960.0,191,4,394.0,0.0,98.5,252,24,63.0
15961.0,196,1,451.28999999999996,0.0,451.28999999999996,196,42,196.0
15962.0,266,1,289.48,0.0,289.48,266,43,266.0
15964.0,480,1,269.21000000000004,0.0,269.21000000000004,480,20,480.0
15965.0,184,10,2109.06,652.6800000000001,210.906,553,144,55.3
15966.0,267,1,399.58,0.0,399.58,267,26,267.0
15967.0,135,11,2730.22,235.78,248.20181818181817,555,290,50.45454545454545
15968.0,205,1,401.8,0.0,401.8,205,69,205.0
15969.0,2,3,769.65,274.2,256.55,339,23,113.0
15970.0,120,2,1017.32,0.0,508.66,415,19,207.5
15971.0,59,9,2520.78,3113.7,280.0866666666667,548,7,60.888888888888886
15972.0,273,5,1769.33,0.0,353.866,417,104,83.4
15973.0,183,2,457.56999999999994,0.0,228.78499999999997,245,7,122.5
15974.0,1,4,2042.25,1387.3,510.5625,105,90,26.25
15976.0,37,5,1462.66,217.65,292.53200000000004,368,239,73.6
15978.0,249,2,2173.84,1098.78,1086.92,461,72,230.5
15979.0,419,1,329.22,0.0,329.22,419,22,419.0
15980.0,71,5,4857.6,1638.68,971.5200000000001,373,82,74.6
15981.0,27,17,7497.79,1786.28,441.0464705882353,437,121,25.705882352941178
15982.0,422,1,324.51,0.0,324.51,422,45,422.0
15983.0,177,7,2783.62,326.75,397.65999999999997,550,117,78.57142857142857
15984.0,50,25,6320.22,1984.6,252.80880000000002,555,318,22.2
15985.0,53,6,2367.44,242.84,394.5733333333333,378,48,63.0
15986.0,198,1,186.3,168.12,186.3,198,11,198.0
15987.0,16,5,619.3,916.69,123.85999999999999,196,50,39.2
15988.0,368,2,579.61,156.78,289.805,473,92,236.5
15989.0,192,2,368.31,0.0,184.155,554,81,277.0
15990.0,104,6,1607.01,390.74,267.835,466,95,77.66666666666667
15991.0,351,1,150.55,0.0,150.55,351,6,351.0
15992.0,213,2,854.61,41.989999999999995,427.305,270,51,135.0
15994.0,228,2,758.07,414.27,379.035,452,69,226.0
15995.0,231,1,694.54,0.0,694.54,231,108,231.0
15996.0,80,4,980.99,389.51,245.2475,214,104,53.5
15998.0,79,13,6881.39,1304.8,529.3376923076924,555,593,42.69230769230769
15999.0,552,1,20.4,0.0,20.4,552,1,552.0
16001.0,198,1,583.39,0.0,583.39,198,29,198.0
16002.0,442,1,169.21,0.0,169.21,442,42,442.0
16003.0,176,6,4059.46,1554.3700000000001,676.5766666666667,553,102,92.16666666666667
16004.0,291,5,2146.39,0.0,429.27799999999996,500,63,100.0
16005.0,87,7,1908.83,423.79,272.69,267,211,38.142857142857146
16006.0,28,2,332.82,0.0,166.41,204,75,102.0
16007.0,32,4,1723.22,1329.84,430.805,360,230,90.0
16008.0,21,13,4999.5,339.63,384.5769230769231,447,58,34.38461538461539
16010.0,62,11,1692.91,0.0,153.9009090909091,228,122,20.727272727272727
16011.0,1,20,3465.01,2134.2999999999997,173.25050000000002,555,155,27.75
16012.0,218,2,1563.3,1415.29,781.65,346,138,173.0
16013.0,1,57,29460.489999999998,22168.38,516.8507017543859,548,19,9.614035087719298
16014.0,108,3,707.08,383.95,235.69333333333336,494,168,164.66666666666666
16016.0,13,7,1395.51,657.49,199.35857142857142,219,126,31.285714285714285
16017.0,234,4,1333.7,211.88,333.425,520,81,130.0
16018.0,213,2,289.23,408.90000000000003,144.615,549,26,274.5
16019.0,49,24,15221.72,1281.74,634.2383333333333,542,189,22.583333333333332
16021.0,212,2,487.03,0.0,243.515,361,117,180.5
16022.0,77,1,602.63,0.0,602.63,77,68,77.0
16023.0,9,2,500.69,219.12,250.345,83,59,41.5
16024.0,228,2,232.96,245.75,116.48,228,21,114.0
16027.0,35,10,1464.39,417.95000000000005,146.43900000000002,517,13,51.7
16028.0,412,1,82.2,0.0,82.2,412,5,412.0
16029.0,3,72,64146.69,32920.02,890.92625,548,37,7.611111111111111
16030.0,126,1,331.24,0.0,331.24,126,28,126.0
16031.0,64,1,305.63,242.27,305.63,64,39,64.0
16032.0,273,6,1965.72,0.0,327.62,340,130,56.666666666666664
16033.0,17,18,4963.62,5502.7,275.75666666666666,302,327,16.77777777777778
16034.0,13,6,908.37,0.0,151.395,226,43,37.666666666666664
16035.0,377,1,217.73,0.0,217.73,377,21,377.0
16036.0,80,3,1986.65,570.19,662.2166666666667,437,88,145.66666666666666
16037.0,86,5,1489.44,0.0,297.88800000000003,465,62,93.0
16038.0,18,1,299.5,154.83,299.5,18,19,18.0
16039.0,240,2,456.4,0.0,228.2,445,27,222.5
16040.0,85,5,1492.58,891.12,298.51599999999996,426,67,85.2
16042.0,149,4,1047.58,1152.52,261.895,270,50,67.5
16043.0,28,7,1759.0900000000001,97.5,251.29857142857145,298,48,42.57142857142857
16044.0,252,1,340.84000000000003,0.0,340.84000000000003,252,19,252.0
16045.0,62,5,2707.58,479.45,541.516,315,94,63.0
16046.0,379,1,235.78,0.0,235.78,379,22,379.0
16048.0,190,4,812.84,0.0,203.21,366,30,91.5
16049.0,192,3,777.34,1074.81,259.11333333333334,333,175,111.0
16050.0,200,2,162.8,137.9,81.4,218,9,109.0
16051.0,498,1,188.44,0.0,188.44,498,12,498.0
16053.0,230,4,2094.19,1511.95,523.5475,427,101,106.75
16054.0,235,3,1306.78,783.9,435.5933333333333,434,49,144.66666666666666
16055.0,37,1,134.8,0.0,134.8,37,8,37.0
16057.0,28,6,2475.37,1165.98,412.56166666666667,518,124,86.33333333333333
16058.0,223,1,62.7,0.0,62.7,223,2,223.0
16059.0,71,9,2241.41,812.16,249.04555555555555,386,192,42.888888888888886
16060.0,217,3,541.95,0.0,180.65,311,22,103.66666666666667
16061.0,248,1,44.95,0.0,44.95,248,2,248.0
16062.0,58,6,2288.01,575.44,381.33500000000004,353,115,58.833333333333336
16063.0,77,1,335.32,0.0,335.32,77,23,77.0
16064.0,542,1,109.31,0.0,109.31,542,17,542.0
16065.0,182,8,1975.13,0.0,246.89125,280,214,35.0
16067.0,379,3,2897.41,0.0,965.8033333333333,492,60,164.0
16068.0,410,1,115.73,0.0,115.73,410,34,410.0
16069.0,234,1,457.7,0.0,457.7,234,25,234.0
16071.0,344,3,750.5600000000001,326.24,250.1866666666667,472,47,157.33333333333334
16072.0,105,4,4180.09,0.0,1045.0225,366,414,91.5
16073.0,114,1,94.35,0.0,94.35,114,1,114.0
16074.0,207,1,252.5,0.0,252.5,207,23,207.0
16075.0,319,2,726.98,0.0,363.49,381,41,190.5
16076.0,25,1,305.45000000000005,1868.08,305.45000000000005,25,16,25.0
16077.0,442,1,730.8,0.0,730.8,442,7,442.0
16078.0,100,2,362.99,0.0,181.495,486,39,243.0
16080.0,91,3,400.85,86.9,133.61666666666667,267,21,89.0
16081.0,2,6,2471.91,1807.05,411.98499999999996,491,155,81.83333333333333
16082.0,487,1,106.75,0.0,106.75,487,16,487.0
16083.0,177,3,1371.78,979.64,457.26,205,51,68.33333333333333
16084.0,116,1,436.18,0.0,436.18,116,38,116.0
16085.0,53,9,1667.39,656.47,185.26555555555558,505,195,56.111111111111114
16086.0,17,8,2151.32,534.33,268.915,554,63,69.25
16087.0,206,5,1739.92,0.0,347.98400000000004,506,6,101.2
16088.0,392,2,1437.43,0.0,718.715,408,3,204.0
16089.0,203,2,263.49,0.0,131.745,326,42,163.0
16090.0,441,1,180.56,0.0,180.56,441,18,441.0
16091.0,15,1,157.25,157.81,157.25,15,10,15.0
16092.0,14,5,1351.06,194.13,270.212,396,55,79.2
16094.0,36,8,2785.93,826.13,348.24125,419,81,52.375
16095.0,273,1,447.05,0.0,447.05,273,30,273.0
16096.0,81,4,1584.97,0.0,396.2425,462,58,115.5
16097.0,57,1,185.04999999999998,0.0,185.04999999999998,57,10,57.0
16098.0,2,11,3227.29,783.41,293.39,541,75,49.18181818181818
16099.0,42,5,1154.65,413.6,230.93,463,36,92.6
16100.0,279,1,582.64,0.0,582.64,279,37,279.0
16101.0,251,3,1921.46,1245.96,640.4866666666667,378,93,126.0
16103.0,3,19,5378.38,624.38,283.0726315789474,517,103,27.210526315789473
16104.0,235,8,2300.75,298.21,287.59375,550,159,68.75
16105.0,65,5,2386.19,0.0,477.238,421,92,84.2
16108.0,251,3,1355.83,816.1,451.9433333333333,448,78,149.33333333333334
16109.0,35,3,939.48,0.0,313.16,515,30,171.66666666666666
16110.0,79,3,1138.82,642.77,379.6066666666666,339,235,113.0
16111.0,245,1,549.33,0.0,549.33,245,72,245.0
16112.0,150,2,136.14,59.599999999999994,68.07,155,10,77.5
16115.0,29,7,1399.22,1154.58,199.88857142857142,391,158,55.857142857142854
16116.0,28,1,592.88,0.0,592.88,28,33,28.0
16117.0,6,3,650.05,0.0,216.6833333333333,408,64,136.0
16118.0,469,1,4257.08,0.0,4257.08,469,40,469.0
16119.0,211,6,1297.45,423.36,216.24166666666667,540,31,90.0
16120.0,239,2,1658.3700000000001,1294.14,829.1850000000001,239,60,119.5
16121.0,32,4,861.42,568.72,215.355,382,159,95.5
16122.0,149,4,461.04,434.58000000000004,115.26,242,20,60.5
16124.0,134,4,1709.39,0.0,427.3475,549,63,137.25
16125.0,184,14,4292.35,0.0,306.5964285714286,542,168,38.714285714285715
16126.0,1,13,10200.83,4443.77,784.6792307692308,554,128,42.61538461538461
16127.0,543,1,145.06,656.25,145.06,543,35,543.0
16128.0,99,7,2300.43,1491.92,328.6328571428571,328,102,46.857142857142854
16129.0,224,3,1396.05,0.0,465.34999999999997,324,91,108.0
16130.0,239,4,987.48,0.0,246.87,434,53,108.5
16131.0,24,8,8034.75,1842.02,1004.34375,554,117,69.25
16132.0,361,2,664.1999999999999,0.0,332.09999999999997,444,14,222.0
16133.0,2,35,14555.34,7697.5,415.86685714285716,435,187,12.428571428571429
16134.0,176,4,1785.43,334.56,446.3575,357,71,89.25
16135.0,79,2,819.45,0.0,409.725,400,35,200.0
16136.0,94,2,371.0,550.08,185.5,480,16,240.0
16137.0,497,1,422.7,0.0,422.7,497,28,497.0
16138.0,195,3,902.4,0.0,300.8,407,35,135.66666666666666
16139.0,23,3,615.54,495.61,205.17999999999998,553,29,184.33333333333334
16140.0,188,2,832.4200000000001,584.04,416.21000000000004,258,33,129.0
16141.0,234,1,335.54,620.4,335.54,234,20,234.0
16142.0,66,1,535.34,0.0,535.34,66,37,66.0
16143.0,29,10,3671.31,850.77,367.131,546,90,54.6
16144.0,63,1,175.2,0.0,175.2,63,1,63.0
16145.0,43,12,4257.99,2437.66,354.8325,401,153,33.416666666666664
16146.0,20,3,871.38,75.0,290.46,265,34,88.33333333333333
16147.0,217,4,1992.02,375.0,498.005,489,98,122.25
16148.0,113,2,386.62,0.0,193.31,253,9,126.5
16149.0,246,1,141.70000000000002,280.52,141.70000000000002,246,12,246.0
16150.0,87,7,2743.98,1025.19,391.9971428571429,539,108,77.0
16152.0,85,1,1829.04,0.0,1829.04,85,29,85.0
16153.0,2,9,3922.96,1124.13,435.88444444444445,379,127,42.111111111111114
16155.0,198,5,781.05,0.0,156.20999999999998,356,44,71.2
16156.0,23,14,3933.39,1997.6200000000001,280.95642857142855,554,137,39.57142857142857
16158.0,339,9,611.32,0.0,67.92444444444445,551,28,61.22222222222222
16159.0,98,4,1232.79,0.0,308.1975,553,31,138.25
16161.0,15,34,9038.35,3241.62,265.8338235294118,486,345,14.294117647058824
16162.0,69,1,37.4,0.0,37.4,69,2,69.0
16163.0,182,5,1858.93,0.0,371.786,554,56,110.8
16165.0,322,1,79.9,0.0,79.9,322,1,322.0
16166.0,245,2,408.83,0.0,204.415,508,17,254.0
16167.0,231,5,1217.3700000000001,0.0,243.47400000000002,555,49,111.0
16168.0,3,49,7959.63,2375.29,162.44142857142856,553,113,11.285714285714286
16170.0,51,16,5558.83,1254.84,347.426875,476,203,29.75
16172.0,58,4,943.72,940.83,235.93,330,54,82.5
16174.0,308,4,1237.2,1009.5500000000001,309.3,420,15,105.0
16175.0,21,5,1265.83,570.61,253.166,380,45,76.0
16176.0,238,4,1971.14,0.0,492.785,437,51,109.25
16177.0,253,7,1809.66,331.95,258.52285714285716,464,65,66.28571428571429
16178.0,218,1,414.7,197.9,414.7,218,17,218.0
16180.0,27,9,8700.32,7499.55,966.7022222222222,351,162,39.0
16182.0,20,7,5871.0,4100.65,838.7142857142857,457,12,65.28571428571429
16183.0,211,3,739.1,338.71000000000004,246.36666666666667,224,17,74.66666666666667
16184.0,28,1,148.22,1007.32,148.22,28,9,28.0
16185.0,49,2,450.31,194.41,225.155,381,28,190.5
16186.0,6,19,6016.64,2659.59,316.66526315789474,547,138,28.789473684210527
16187.0,20,7,2564.64,4276.6,366.3771428571428,101,89,14.428571428571429
16188.0,43,3,661.62,416.09,220.54,225,45,75.0
16190.0,211,7,2508.4700000000003,215.08,358.3528571428572,542,88,77.42857142857143
16191.0,79,16,12786.28,2370.7400000000002,799.1425,545,73,34.0625
16192.0,552,1,351.3,0.0,351.3,552,11,552.0
16193.0,53,2,630.43,0.0,315.215,227,38,113.5
16194.0,192,1,308.59999999999997,0.0,308.59999999999997,192,8,192.0
16195.0,540,1,323.25,0.0,323.25,540,16,540.0
16196.0,305,1,93.3,0.0,93.3,305,4,305.0
16197.0,286,9,2016.71,0.0,224.07888888888888,540,52,60.0
16198.0,254,1,629.36,400.68,629.36,254,18,254.0
16199.0,209,7,942.75,0.0,134.67857142857142,448,2,64.0
16200.0,199,10,4539.23,1068.8700000000001,453.92299999999994,554,241,55.4
16201.0,232,1,248.65,1821.52,248.65,232,13,232.0
16202.0,177,9,2467.04,0.0,274.11555555555555,554,104,61.55555555555556
16203.0,44,4,665.49,274.6,166.3725,321,47,80.25
16204.0,197,2,529.53,384.18,264.765,548,47,274.0
16205.0,213,3,1062.48,751.03,354.16,359,89,119.66666666666667
16206.0,25,11,2328.81,248.31,211.71,501,173,45.54545454545455
16208.0,106,9,3273.78,166.67,363.75333333333333,470,164,52.22222222222222
16209.0,3,6,2452.2200000000003,1694.5600000000002,408.7033333333334,363,42,60.5
16210.0,30,24,23096.03,10493.09,962.3345833333333,554,116,23.083333333333332
16211.0,238,2,543.5699999999999,542.77,271.78499999999997,255,12,127.5
16212.0,100,3,1092.3700000000001,192.19,364.1233333333334,487,61,162.33333333333334
16214.0,69,3,1725.17,313.08000000000004,575.0566666666667,252,78,84.0
16216.0,84,1,914.9300000000001,0.0,914.9300000000001,84,37,84.0
16217.0,52,2,266.45000000000005,0.0,133.22500000000002,99,10,49.5
16218.0,23,10,2516.38,1355.92,251.638,378,67,37.8
16219.0,317,1,40.8,0.0,40.8,317,1,317.0
16221.0,92,8,1466.48,545.49,183.31,303,114,37.875
16222.0,135,2,1272.05,0.0,636.025,538,133,269.0
16223.0,191,2,1087.05,0.0,543.525,212,101,106.0
16224.0,57,3,864.45,752.09,288.15000000000003,204,62,68.0
16225.0,94,12,2134.1,679.71,177.84166666666667,487,148,40.583333333333336
16226.0,20,5,672.1700000000001,0.0,134.43400000000003,230,23,46.0
16227.0,42,3,948.82,0.0,316.27333333333337,352,27,117.33333333333333
16228.0,202,3,880.26,0.0,293.42,217,45,72.33333333333333
16229.0,29,5,2215.46,652.4,443.092,381,120,76.2
16230.0,6,2,542.03,0.0,271.015,37,32,18.5
16231.0,196,4,1074.47,0.0,268.6175,414,69,103.5
16232.0,32,5,2075.2599999999998,616.76,415.05199999999996,367,59,73.4
16233.0,146,8,1468.08,210.18,183.51,554,35,69.25
16234.0,293,3,312.78,0.0,104.25999999999999,378,12,126.0
16235.0,3,7,1788.59,192.01999999999998,255.51285714285714,287,75,41.0
16237.0,254,1,136.65,0.0,136.65,254,7,254.0
16238.0,239,1,63.66,0.0,63.66,239,6,239.0
16239.0,6,5,1384.6,66.3,276.91999999999996,280,20,56.0
16241.0,29,7,2228.06,1761.75,318.2942857142857,227,317,32.42857142857143
16242.0,31,9,4183.54,3186.96,464.8377777777778,451,263,50.111111111111114
16244.0,28,2,1522.75,0.0,761.375,189,88,94.5
16245.0,73,1,445.13,907.23,445.13,73,30,73.0
16246.0,276,2,821.35,0.0,410.675,486,79,243.0
16249.0,18,2,1020.53,779.54,510.265,56,26,28.0
16250.0,78,3,565.24,0.0,188.41333333333333,203,29,67.66666666666667
16251.0,329,1,128.31,0.0,128.31,329,20,329.0
16253.0,72,6,5238.74,1983.46,873.1233333333333,548,169,91.33333333333333
16254.0,195,3,967.44,0.0,322.48,449,65,149.66666666666666
16255.0,63,11,2923.46,1547.63,265.7690909090909,501,161,45.54545454545455
16256.0,83,3,1559.57,0.0,519.8566666666667,414,26,138.0
16258.0,36,11,7771.47,4171.05,706.4972727272727,456,192,41.45454545454545
16259.0,227,3,340.94,0.0,113.64666666666666,422,75,140.66666666666666
16261.0,63,3,565.14,476.02,188.38,259,83,86.33333333333333
16262.0,195,1,723.5,0.0,723.5,195,45,195.0
16263.0,240,1,348.16,0.0,348.16,240,19,240.0
16264.0,255,2,823.53,0.0,411.765,263,62,131.5
16265.0,77,8,4121.76,2521.86,515.22,224,144,28.0
16266.0,17,10,1267.9,490.05,126.79,490,58,49.0
16267.0,408,1,186.66,0.0,186.66,408,7,408.0
16269.0,254,1,714.59,0.0,714.59,254,53,254.0
16270.0,170,1,1141.24,0.0,1141.24,170,54,170.0
16271.0,175,5,2105.45,1256.42,421.09,459,121,91.8
16273.0,465,2,318.34000000000003,0.0,159.17000000000002,473,15,236.5
16274.0,190,1,331.55,0.0,331.55,190,63,190.0
16275.0,13,3,2151.11,0.0,717.0366666666667,458,105,152.66666666666666
16276.0,296,2,1818.79,810.6000000000001,909.395,424,16,212.0
16277.0,550,1,188.69,0.0,188.69,550,23,550.0
16278.0,297,2,518.76,537.83,259.38,316,28,158.0
16279.0,202,6,4182.6,1502.78,697.1,413,165,68.83333333333333
16280.0,542,1,238.05,0.0,238.05,542,16,542.0
16281.0,240,2,1354.46,2062.06,677.23,499,19,249.5
16282.0,156,3,1307.58,0.0,435.85999999999996,535,31,178.33333333333334
16283.0,25,4,3036.57,1255.9,759.1425,466,310,116.5
16284.0,210,1,205.8,812.68,205.8,210,30,210.0
16285.0,463,1,176.9,0.0,176.9,463,31,463.0
16286.0,294,2,263.65,0.0,131.825,440,16,220.0
16287.0,193,4,864.48,142.5,216.12,506,18,126.5
16288.0,287,1,129.85,0.0,129.85,287,7,287.0
16289.0,279,1,98.81,0.0,98.81,279,21,279.0
16290.0,281,4,1957.7,0.0,489.425,382,85,95.5
16292.0,197,4,890.56,280.9,222.64,421,38,105.25
16293.0,24,9,3145.0,1107.0,349.44444444444446,545,130,60.55555555555556
16294.0,293,1,126.05000000000001,0.0,126.05000000000001,293,8,293.0
16296.0,443,4,1278.8700000000001,0.0,319.71750000000003,538,56,134.5
16297.0,85,1,278.55,0.0,278.55,85,19,85.0
16298.0,3,5,596.1,483.90000000000003,119.22,259,20,51.8
16299.0,294,1,178.65,0.0,178.65,294,11,294.0
16300.0,247,3,1367.32,0.0,455.7733333333333,492,190,164.0
16301.0,553,1,107.33,0.0,107.33,553,6,553.0
16303.0,150,5,3345.07,4478.65,669.014,448,82,89.6
16304.0,511,1,381.66,0.0,381.66,511,25,511.0
16306.0,30,6,1094.72,0.0,182.45333333333335,251,55,41.833333333333336
16307.0,246,3,1194.92,0.0,398.3066666666667,394,69,131.33333333333334
16308.0,34,5,3520.0,1600.0,704.0,541,1,108.2
16309.0,57,1,334.2,352.47,334.2,57,21,57.0
16310.0,231,2,460.08,0.0,230.04,459,26,229.5
16312.0,249,1,171.15,0.0,171.15,249,10,249.0
16314.0,206,3,1491.4,0.0,497.1333333333334,289,58,96.33333333333333
16315.0,147,2,402.71,0.0,201.355,353,21,176.5
16316.0,23,10,4423.51,1109.8,442.351,310,169,31.0
16317.0,114,3,1408.8700000000001,770.89,469.6233333333334,401,69,133.66666666666666
16319.0,34,1,404.40000000000003,0.0,404.40000000000003,34,3,34.0
16320.0,30,5,5433.01,185.78,1086.602,498,184,99.6
16321.0,122,4,386.6,75.0,96.65,555,14,138.75
16323.0,13,2,353.66,0.0,176.83,394,4,197.0
16325.0,62,10,3098.08,372.82000000000005,309.808,552,99,55.2
16326.0,31,13,2113.31,2487.94,162.56230769230768,497,151,38.23076923076923
16327.0,16,14,8754.04,1350.63,625.2885714285715,542,269,38.714285714285715
16328.0,380,1,310.83,0.0,310.83,380,16,380.0
16329.0,244,4,1664.92,0.0,416.23,555,83,138.75
16330.0,241,4,373.46999999999997,242.21,93.36749999999999,479,71,119.75
16331.0,249,6,2037.7,0.0,339.6166666666667,459,33,76.5
16332.0,122,5,526.55,1450.5,105.30999999999999,406,47,81.2
16333.0,9,16,13087.2,13539.6,817.95,126,8,7.875
16334.0,309,1,263.73,0.0,263.73,309,54,309.0
16335.0,368,7,2726.52,0.0,389.5028571428571,552,193,78.85714285714286
16336.0,237,4,3517.69,0.0,879.4225,448,64,112.0
16339.0,101,1,94.05,0.0,94.05,101,17,101.0
16340.0,256,2,961.93,534.31,480.965,368,170,184.0
16341.0,18,4,2665.12,1167.17,666.28,426,81,106.5
16343.0,224,1,285.54,328.58,285.54,224,28,224.0
16344.0,326,3,741.3199999999999,101.10000000000001,247.10666666666665,485,42,161.66666666666666
16345.0,300,1,613.33,565.46,613.33,300,68,300.0
16346.0,202,1,224.51,0.0,224.51,202,15,202.0
16347.0,205,9,2592.96,847.45,288.1066666666667,454,167,50.44444444444444
16348.0,8,4,885.5,856.58,221.375,247,115,61.75
16349.0,107,1,53.5,0.0,53.5,107,9,107.0
16350.0,150,6,1482.72,739.77,247.12,245,59,40.833333333333336
16351.0,149,13,3279.13,0.0,252.24076923076925,552,122,42.46153846153846
16353.0,34,26,5266.53,4520.43,202.55884615384613,549,63,21.115384615384617
16354.0,196,3,723.66,395.8,241.22,408,87,136.0
16355.0,192,1,349.2,0.0,349.2,192,47,192.0
16356.0,14,6,414.42,0.0,69.07000000000001,368,27,61.333333333333336
16357.0,30,2,347.39,520.98,173.695,198,20,99.0
16358.0,1,2,1351.75,1565.3500000000001,675.875,211,61,105.5
16359.0,31,12,1644.74,734.66,137.06166666666667,478,70,39.833333333333336
16362.0,254,1,189.67,650.59,189.67,254,12,254.0
16365.0,70,9,2096.2799999999997,1051.06,232.91999999999996,545,65,60.55555555555556
16366.0,399,3,1220.83,327.3,406.9433333333333,540,57,180.0
16367.0,179,2,716.9,633.58,358.45,200,119,100.0
16368.0,252,1,141.53,479.91,141.53,252,20,252.0
16369.0,13,5,1465.6,1188.8799999999999,293.12,428,42,85.6
16370.0,42,1,272.17,1029.74,272.17,42,61,42.0
16371.0,265,1,157.2,0.0,157.2,265,11,265.0
16372.0,226,3,904.58,355.73,301.5266666666667,424,202,141.33333333333334
16373.0,199,2,309.49,0.0,154.745,228,25,114.0
16374.0,79,4,1404.97,304.58,351.2425,405,226,101.25
16375.0,287,2,104.0,0.0,52.0,287,11,143.5
16377.0,84,2,1308.48,0.0,654.24,434,6,217.0
16378.0,64,3,362.95,0.0,120.98333333333333,127,22,42.333333333333336
16381.0,212,2,247.85,0.0,123.925,235,60,117.5
16382.0,225,2,353.1,0.0,176.55,367,42,183.5
16383.0,85,6,2494.64,334.3,415.7733333333333,490,214,81.66666666666667
16384.0,80,3,1183.55,175.4,394.51666666666665,407,71,135.66666666666666
16385.0,183,3,473.69,407.66,157.89666666666668,448,64,149.33333333333334
16386.0,70,2,826.69,241.47,413.345,204,55,102.0
16387.0,139,5,882.46,0.0,176.49200000000002,455,68,91.0
16388.0,470,1,186.05,0.0,186.05,470,13,470.0
16389.0,22,2,670.17,692.1,335.085,100,16,50.0
16390.0,353,3,467.5,0.0,155.83333333333334,496,16,165.33333333333334
16391.0,217,4,1048.86,0.0,262.215,378,260,94.5
16392.0,86,3,755.45,0.0,251.8166666666667,378,124,126.0
16393.0,2,16,3188.22,2004.39,199.26375,555,279,34.6875
16394.0,65,2,557.08,854.98,278.54,106,46,53.0
16395.0,140,11,2459.16,1031.5,223.55999999999997,550,352,50.0
16396.0,293,1,110.5,0.0,110.5,293,7,293.0
16397.0,445,1,123.13,0.0,123.13,445,9,445.0
16398.0,70,1,1150.05,482.01,1150.05,70,62,70.0
16399.0,52,2,398.81,229.61,199.405,206,64,103.0
16400.0,212,8,2755.92,303.93,344.49,548,187,68.5
16401.0,27,15,4225.24,2405.25,281.68266666666665,372,81,24.8
16402.0,81,2,293.45,0.0,146.725,186,55,93.0
16403.0,129,1,161.05,0.0,161.05,129,10,129.0
16405.0,119,2,167.25,0.0,83.625,127,3,63.5
16406.0,267,2,374.01,154.35,187.005,470,85,235.0
16407.0,11,9,1471.76,1289.8899999999999,163.5288888888889,249,71,27.666666666666668
16408.0,408,1,231.93,0.0,231.93,408,45,408.0
16409.0,59,9,4433.32,1219.42,492.5911111111111,543,312,60.333333333333336
16410.0,551,1,130.32,0.0,130.32,551,5,551.0
16411.0,186,3,673.24,83.15,224.41333333333333,245,119,81.66666666666667
16412.0,210,4,457.2,135.99,114.3,490,72,122.5
16413.0,192,1,259.83,262.2,259.83,192,32,192.0
16414.0,97,4,475.76,75.45,118.94,511,56,127.75
16415.0,400,2,496.49,200.27,248.245,493,78,246.5
16416.0,207,6,1906.48,1031.4,317.74666666666667,471,92,78.5
16417.0,309,1,35.7,0.0,35.7,309,1,309.0
16418.0,43,3,543.53,485.21,181.17666666666665,239,71,79.66666666666667
16419.0,92,4,1009.1700000000001,441.78,252.29250000000002,485,48,121.25
16420.0,213,1,75.0,0.0,75.0,213,2,213.0
16421.0,193,3,526.27,0.0,175.42333333333332,286,35,95.33333333333333
16422.0,2,82,44700.020000000004,15391.05,545.1221951219512,513,104,6.2560975609756095
16424.0,8,2,392.06,0.0,196.03,199,9,99.5
16425.0,119,1,302.7,0.0,302.7,119,21,119.0
16426.0,93,1,328.37,1535.39,328.37,93,11,93.0
16427.0,80,2,241.06,0.0,120.53,101,8,50.5
16428.0,230,3,638.49,0.0,212.83,314,121,104.66666666666667
16430.0,198,5,802.09,300.85,160.418,498,16,99.6
16431.0,30,3,623.28,0.0,207.76,114,51,38.0
16433.0,225,1,200.26,184.26,200.26,225,17,225.0
16434.0,9,8,1863.91,795.08,232.98875,508,79,63.5
16435.0,329,3,1003.0699999999999,0.0,334.3566666666666,331,119,110.33333333333333
16436.0,485,3,319.14,0.0,106.38,550,37,183.33333333333334
16437.0,198,2,301.25,0.0,150.625,246,17,123.0
16439.0,539,1,310.70000000000005,0.0,310.70000000000005,539,9,539.0
16440.0,31,2,488.76,3368.21,244.38,310,58,155.0
16441.0,108,4,842.98,170.2,210.745,444,59,111.0
16442.0,44,4,715.11,176.87,178.7775,543,165,135.75
16443.0,337,1,162.24,0.0,162.24,337,1,337.0
16444.0,11,15,3144.04,414.59,209.60266666666666,442,188,29.466666666666665
16445.0,203,3,352.65,230.51,117.55,228,93,76.0
16446.0,22,1,2.9,0.0,2.9,22,2,22.0
16447.0,407,2,471.19,255.91,235.595,477,27,238.5
16448.0,15,2,361.12,0.0,180.56,288,45,144.0
16449.0,14,2,674.69,0.0,337.345,97,39,48.5
16450.0,401,2,1193.81,311.92,596.905,473,27,236.5
16451.0,378,2,742.4300000000001,266.97,371.21500000000003,552,50,276.0
16452.0,447,2,332.17,0.0,166.085,510,14,255.0
16453.0,347,2,251.71,0.0,125.855,365,15,182.5
16454.0,428,1,1.55,5.9,1.55,428,1,428.0
16455.0,21,9,3210.52,707.4,356.72444444444443,436,90,48.44444444444444
16456.0,44,11,5419.18,581.76,492.6527272727273,437,217,39.72727272727273
16457.0,35,1,208.36,0.0,208.36,35,9,35.0
16458.0,4,19,3513.85,2177.04,184.93947368421053,379,74,19.94736842105263
16459.0,546,1,71.78999999999999,0.0,71.78999999999999,546,5,546.0
16461.0,407,2,1396.91,142.92,698.455,463,195,231.5
16462.0,2,2,68.0,34.0,34.0,100,1,50.0
16463.0,21,1,314.42,1083.03,314.42,21,19,21.0
16465.0,237,2,729.24,0.0,364.62,261,45,130.5
16466.0,25,10,2367.65,1274.44,236.76500000000001,459,148,45.9
16467.0,325,7,2862.4,0.0,408.9142857142857,554,14,79.14285714285714
16468.0,287,2,712.62,74.9,356.31,298,37,149.0
16469.0,63,3,446.78000000000003,357.12,148.92666666666668,331,73,110.33333333333333
16470.0,9,9,2004.79,407.11,222.75444444444443,545,240,60.55555555555556
16471.0,91,4,1186.18,0.0,296.545,469,48,117.25
16472.0,251,2,789.6,0.0,394.8,414,39,207.0
16473.0,104,3,371.28000000000003,98.3,123.76,191,21,63.666666666666664
16475.0,90,1,310.0,234.3,310.0,90,20,90.0
16476.0,248,1,337.0,0.0,337.0,248,24,248.0
16477.0,31,9,3152.42,941.95,350.2688888888889,301,152,33.44444444444444
16481.0,499,1,430.93,0.0,430.93,499,15,499.0
16483.0,9,1,139.35,0.0,139.35,9,19,9.0
16484.0,7,1,260.8,118.60000000000001,260.8,7,17,7.0
16485.0,249,4,1805.04,363.65,451.26,550,91,137.5
16486.0,354,1,134.36,0.0,134.36,354,7,354.0
16487.0,394,2,209.4,0.0,104.7,476,28,238.0
16489.0,197,2,303.7,0.0,151.85,253,4,126.5
16490.0,253,1,179.16000000000003,0.0,179.16000000000003,253,12,253.0
16491.0,230,1,792.81,731.5,792.81,230,48,230.0
16492.0,357,1,385.56,0.0,385.56,357,23,357.0
16493.0,102,5,1148.26,961.86,229.652,440,54,88.0
16494.0,113,1,826.53,0.0,826.53,113,47,113.0
16495.0,93,2,246.51,401.75,123.255,93,32,46.5
16496.0,24,5,1878.99,414.48,375.798,326,99,65.2
16497.0,20,22,5280.29,1414.99,240.0131818181818,553,204,25.136363636363637
16499.0,177,8,2509.64,0.0,313.705,363,103,45.375
16500.0,147,4,600.1,235.86,150.025,360,20,90.0
16501.0,200,1,1191.23,0.0,1191.23,200,181,200.0
16502.0,437,2,258.55,0.0,129.275,437,41,218.5
16503.0,31,10,3259.35,338.54,325.935,353,157,35.3
16507.0,389,1,142.71,0.0,142.71,389,37,389.0
16508.0,447,1,240.95,0.0,240.95,447,42,447.0
16509.0,113,1,363.7,0.0,363.7,113,13,113.0
16510.0,189,6,1757.25,0.0,292.875,508,93,84.66666666666667
16511.0,83,4,1170.51,587.98,292.6275,465,165,116.25
16515.0,63,7,2174.26,1004.8,310.60857142857145,357,150,51.0
16517.0,94,1,162.7,0.0,162.7,94,17,94.0
16518.0,101,3,644.65,293.62,214.88333333333333,373,38,124.33333333333333
16519.0,182,3,327.68,109.28,109.22666666666667,465,25,155.0
16520.0,3,6,2138.43,0.0,356.405,464,250,77.33333333333333
16521.0,232,3,1136.36,0.0,378.78666666666663,465,211,155.0
16522.0,252,2,433.36,0.0,216.68,267,16,133.5
16523.0,16,15,5272.22,6489.97,351.48133333333334,501,107,33.4
16524.0,263,2,306.19,0.0,153.095,508,50,254.0
16525.0,1,37,18534.91,4387.92,500.9435135135135,554,106,14.972972972972974
16526.0,401,1,426.85,290.36,426.85,401,20,401.0
16527.0,241,1,1004.88,228.06,1004.88,241,58,241.0
16529.0,7,4,1986.8,0.0,496.7,347,87,86.75
16530.0,485,1,48.349999999999994,0.0,48.349999999999994,485,3,485.0
16531.0,111,7,1503.82,759.76,214.83142857142857,258,80,36.857142857142854
16532.0,155,3,3918.24,4838.4,1306.08,437,1,145.66666666666666
16534.0,459,1,635.9,0.0,635.9,459,36,459.0
16535.0,202,1,358.28999999999996,593.75,358.28999999999996,202,35,202.0
16537.0,458,1,10.55,0.0,10.55,458,2,458.0
16538.0,358,3,395.07,0.0,131.69,412,35,137.33333333333334
16539.0,36,9,2954.46,335.2,328.2733333333333,349,81,38.77777777777778
16540.0,231,1,205.75,0.0,205.75,231,25,231.0
16541.0,552,1,424.03,0.0,424.03,552,38,552.0
16542.0,218,1,137.7,119.62,137.7,218,9,218.0
16543.0,408,1,277.80999999999995,0.0,277.80999999999995,408,17,408.0
16544.0,336,1,110.3,0.0,110.3,336,6,336.0
16545.0,192,1,350.52,339.3,350.52,192,5,192.0
16546.0,107,5,4747.74,0.0,949.548,259,70,51.8
16547.0,363,1,104.25999999999999,0.0,104.25999999999999,363,25,363.0
16548.0,416,1,30.15,0.0,30.15,416,6,416.0
16549.0,151,25,8854.04,3915.41,354.1616,438,647,17.52
16550.0,2,16,7695.07,856.34,480.941875,554,239,34.625
16551.0,153,5,1626.07,611.05,325.214,543,54,108.6
16552.0,59,2,379.73,0.0,189.865,190,17,95.0
16553.0,22,30,15511.48,988.64,517.0493333333333,483,190,16.1
16554.0,39,7,1987.48,421.39,283.92571428571426,541,86,77.28571428571429
16556.0,18,14,5984.81,1674.97,427.4864285714286,549,225,39.214285714285715
16558.0,9,28,8280.51,4869.05,295.7325,553,272,19.75
16559.0,214,1,175.0,0.0,175.0,214,17,214.0
16560.0,175,7,2526.4,484.33,360.9142857142857,548,110,78.28571428571429
16562.0,293,1,223.85999999999999,0.0,223.85999999999999,293,34,293.0
16563.0,217,5,3324.62,1077.74,664.924,555,46,111.0
16564.0,386,1,87.8,0.0,87.8,386,5,386.0
16565.0,181,4,700.45,0.0,175.1125,372,5,93.0
16566.0,9,2,279.47,334.54,139.735,109,6,54.5
16567.0,11,2,865.6,0.0,432.8,153,34,76.5
16568.0,244,2,1020.9000000000001,0.0,510.45000000000005,458,5,229.0
16569.0,448,4,1331.03,124.2,332.7575,540,23,135.0
16570.0,22,13,4672.64,2247.4700000000003,359.43384615384616,436,95,33.53846153846154
16571.0,98,8,3176.51,848.54,397.06375,448,117,56.0
16572.0,92,1,342.58,657.12,342.58,92,21,92.0
16573.0,107,1,282.38,366.03,282.38,107,16,107.0
16574.0,240,2,850.34,451.44,425.17,475,58,237.5
16576.0,237,2,513.1700000000001,0.0,256.58500000000004,338,31,169.0
16577.0,483,1,380.0,0.0,380.0,483,23,483.0
16578.0,443,1,156.6,0.0,156.6,443,9,443.0
16579.0,242,1,264.45,0.0,264.45,242,13,242.0
16583.0,190,2,297.95,0.0,148.975,490,18,245.0
16584.0,71,4,2753.83,324.14,688.4575,478,52,119.5
16585.0,410,2,341.59,0.0,170.795,512,16,256.0
16586.0,65,3,1462.78,0.0,487.5933333333333,452,27,150.66666666666666
16587.0,49,1,225.15,0.0,225.15,49,13,49.0
16588.0,203,4,1361.28,0.0,340.32,391,64,97.75
16589.0,267,1,153.12,459.24,153.12,267,11,267.0
16590.0,217,2,572.0,0.0,286.0,231,26,115.5
16592.0,18,18,4680.11,2944.35,260.00611111111107,538,153,29.88888888888889
16593.0,6,7,976.7099999999999,74.53,139.53,551,53,78.71428571428571
16595.0,193,4,1397.59,360.16,349.3975,508,286,127.0
16596.0,183,3,329.48,129.5,109.82666666666667,546,17,182.0
16598.0,102,1,140.7,0.0,140.7,102,10,102.0
16599.0,202,1,172.8,0.0,172.8,202,12,202.0
16600.0,70,9,1517.5,576.06,168.61111111111111,538,76,59.77777777777778
16601.0,207,2,434.3,241.53,217.15,440,38,220.0
16602.0,205,1,217.4,497.37,217.4,205,11,205.0
16604.0,379,2,326.25,0.0,163.125,385,7,192.5
16605.0,541,1,60.48,0.0,60.48,541,1,541.0
16606.0,221,2,357.66,0.0,178.83,251,16,125.5
16607.0,24,18,3758.57,1616.61,208.80944444444447,406,148,22.555555555555557
16608.0,270,2,1286.6200000000001,0.0,643.3100000000001,480,94,240.0
16609.0,14,3,1987.6200000000001,3463.34,662.5400000000001,69,87,23.0
16610.0,36,1,75.66,0.0,75.66,36,6,36.0
16611.0,3,6,1776.63,0.0,296.105,456,86,76.0
16612.0,3,7,2764.7200000000003,478.76,394.96000000000004,553,96,79.0
16614.0,219,2,673.6,506.19,336.8,395,20,197.5
16615.0,443,1,264.5,0.0,264.5,443,18,443.0
16617.0,52,1,151.85,0.0,151.85,52,5,52.0
16618.0,27,3,1424.34,1206.3,474.78,139,44,46.333333333333336
16619.0,80,4,1916.53,0.0,479.1325,472,103,118.0
16620.0,77,5,1675.73,83.2,335.146,555,74,111.0
16621.0,32,2,490.7,322.78,245.35,94,14,47.0
16622.0,360,1,205.6,0.0,205.6,360,12,360.0
16623.0,62,4,1002.49,0.0,250.6225,409,43,102.25
16624.0,14,1,426.43,384.14,426.43,14,21,14.0
16625.0,91,5,1651.08,0.0,330.216,360,82,72.0
16626.0,1,2,1389.78,2989.87,694.89,83,68,41.5
16628.0,35,4,842.96,1470.13,210.74,458,43,114.5
16630.0,224,1,106.80000000000001,0.0,106.80000000000001,224,4,224.0
16631.0,298,7,1867.02,0.0,266.71714285714285,468,45,66.85714285714286
16632.0,302,2,406.4,0.0,203.2,398,22,199.0
16633.0,51,1,447.52,2430.63,447.52,51,26,51.0
16634.0,39,5,1198.3,0.0,239.66,437,53,87.4
16635.0,223,1,473.0,0.0,473.0,223,25,223.0
16636.0,255,4,3802.04,0.0,950.51,463,62,115.75
16637.0,42,1,303.62,820.97,303.62,42,16,42.0
16638.0,74,11,1906.6000000000001,469.28000000000003,173.32727272727274,295,99,26.818181818181817
16639.0,23,3,961.62,698.23,320.54,226,48,75.33333333333333
16640.0,214,1,179.4,0.0,179.4,214,13,214.0
16641.0,518,1,323.40000000000003,231.10000000000002,323.40000000000003,518,24,518.0
16642.0,24,2,670.86,380.6,335.43,232,33,116.0
16643.0,62,2,915.5600000000001,0.0,457.78000000000003,239,48,119.5
16644.0,29,1,722.41,111.37,722.41,29,54,29.0
16645.0,552,1,160.39,0.0,160.39,552,14,552.0
16646.0,266,1,675.05,0.0,675.05,266,29,266.0
16647.0,21,3,455.59,86.31,151.86333333333332,361,25,120.33333333333333
16648.0,272,2,382.14,270.86,191.07,407,18,203.5
16649.0,337,1,306.58000000000004,0.0,306.58000000000004,337,20,337.0
16650.0,237,6,1397.69,518.42,232.94833333333335,336,53,56.0
16651.0,403,1,136.2,0.0,136.2,403,6,403.0
16652.0,29,11,13665.64,3650.6,1242.330909090909,449,107,40.81818181818182
16654.0,4,7,1413.75,64.02,201.96428571428572,429,61,61.285714285714285
16655.0,2,9,3864.44,2558.82,429.38222222222225,494,281,54.888888888888886
16656.0,9,20,11271.61,5053.91,563.5805,552,21,27.6
16657.0,71,1,215.43,659.0,215.43,71,65,71.0
16658.0,185,5,563.48,0.0,112.696,436,43,87.2
16659.0,6,1,39.12,0.0,39.12,6,2,6.0
16660.0,27,5,996.26,426.09,199.252,511,10,102.2
16661.0,357,4,796.21,0.0,199.0525,539,38,134.75
16662.0,211,1,151.05,0.0,151.05,211,28,211.0
16663.0,546,1,165.0,0.0,165.0,546,1,546.0
16664.0,386,1,109.2,0.0,109.2,386,8,386.0
16665.0,179,1,135.39999999999998,0.0,135.39999999999998,179,9,179.0
16666.0,438,1,98.73,118.98,98.73,438,15,438.0
16667.0,101,1,200.4,366.78,200.4,101,20,101.0
16668.0,31,9,678.28,184.14,75.36444444444444,448,27,49.77777777777778
16670.0,64,14,5720.17,2112.9900000000002,408.5835714285714,546,199,39.0
16672.0,1,10,4147.59,3972.1,414.759,83,22,8.3
16673.0,496,1,171.13,0.0,171.13,496,19,496.0
16675.0,258,2,608.86,0.0,304.43,295,21,147.5
16676.0,30,5,1834.88,493.62,366.976,235,89,47.0
16677.0,228,2,849.77,0.0,424.885,469,45,234.5
16678.0,14,5,1264.15,1800.09,252.83,99,52,19.8
16679.0,183,3,663.31,0.0,221.10333333333332,364,15,121.33333333333333
16680.0,345,2,637.75,183.7,318.875,351,16,175.5
16681.0,22,4,1027.34,894.5,256.835,458,17,114.5
16682.0,4,1,525.5,502.5,525.5,4,11,4.0
16683.0,350,1,309.35,0.0,309.35,350,18,350.0
16684.0,22,39,99946.62,41577.62,2562.733846153846,549,135,14.076923076923077
16686.0,11,13,3097.47,1764.25,238.26692307692306,550,354,42.30769230769231
16687.0,207,1,157.63,0.0,157.63,207,8,207.0
16690.0,18,3,213.95,122.13,71.31666666666666,268,7,89.33333333333333
16691.0,235,2,178.83,0.0,89.415,378,11,189.0
16692.0,73,4,1764.6999999999998,0.0,441.17499999999995,258,2,64.5
16693.0,88,4,855.03,324.45,213.7575,473,117,118.25
16694.0,540,1,98.30000000000001,0.0,98.30000000000001,540,3,540.0
16695.0,378,2,191.9,0.0,95.95,378,30,189.0
16696.0,20,3,558.9000000000001,99.0,186.30000000000004,65,7,21.666666666666668
16697.0,58,1,112.75,0.0,112.75,58,20,58.0
16698.0,43,2,1998.0,0.0,999.0,70,4,35.0
16699.0,197,7,964.9,0.0,137.84285714285713,552,51,78.85714285714286
16700.0,18,19,6636.45,2118.42,349.28684210526313,554,226,29.157894736842106
16701.0,6,19,6609.66,3007.0299999999997,347.87684210526317,555,113,29.210526315789473
16702.0,232,4,1099.58,0.0,274.895,549,83,137.25
16704.0,435,2,664.16,0.0,332.08,489,50,244.5
16705.0,24,30,35303.93,7357.05,1176.7976666666666,547,344,18.233333333333334
16707.0,217,4,533.41,0.0,133.3525,457,64,114.25
16709.0,16,13,8010.73,1045.28,616.2099999999999,547,199,42.07692307692308
16710.0,24,18,5069.44,839.16,281.6355555555555,552,496,30.666666666666668
16711.0,119,6,1699.25,1052.23,283.2083333333333,554,11,92.33333333333333
16712.0,29,6,1819.78,2405.44,303.2966666666667,218,171,36.333333333333336
16713.0,52,25,9661.210000000001,4282.15,386.44840000000005,541,409,21.64
16714.0,134,3,1217.33,0.0,405.77666666666664,487,92,162.33333333333334
16715.0,379,1,323.8,301.71999999999997,323.8,379,9,379.0
16716.0,83,3,1568.28,0.0,522.76,447,7,149.0
16717.0,183,9,3025.4,2985.91,336.15555555555557,549,140,61.0
16718.0,186,5,3006.08,0.0,601.216,550,123,110.0
16719.0,52,11,2569.33,794.54,233.57545454545453,543,177,49.36363636363637
16720.0,193,2,403.74,152.95,201.87,539,105,269.5
16721.0,79,1,292.47,0.0,292.47,79,37,79.0
16722.0,17,14,5417.26,2751.05,386.94714285714286,553,120,39.5
16723.0,260,2,654.96,576.4,327.48,552,72,276.0
16724.0,221,1,147.35,0.0,147.35,221,17,221.0
16725.0,119,13,1675.41,0.0,128.8776923076923,543,241,41.76923076923077
16726.0,13,6,1482.3,581.58,247.04999999999998,228,117,38.0
16727.0,181,4,1377.77,0.0,344.4425,505,158,126.25
16728.0,53,2,326.93,721.35,163.465,81,82,40.5
16729.0,7,10,3107.77,4062.64,310.777,58,116,5.8
16730.0,51,2,440.62,262.17,220.31,136,33,68.0
16731.0,465,1,170.3,0.0,170.3,465,40,465.0
16732.0,220,3,3675.7400000000002,603.75,1225.2466666666667,548,175,182.66666666666666
16733.0,346,1,259.68,0.0,259.68,346,12,346.0
16735.0,56,10,4512.27,1174.59,451.22700000000003,548,138,54.8
16736.0,322,5,2904.51,0.0,580.902,553,115,110.6
16737.0,394,1,417.59999999999997,417.59999999999997,417.59999999999997,394,1,394.0
16738.0,114,1,3.75,0.0,3.75,114,1,114.0
16739.0,353,1,459.68,312.54999999999995,459.68,353,25,353.0
16740.0,212,1,226.91,0.0,226.91,212,30,212.0
16741.0,442,1,173.06,0.0,173.06,442,11,442.0
16742.0,309,13,2334.97,0.0,179.6130769230769,540,50,41.53846153846154
16743.0,28,10,3044.52,1121.38,304.452,413,85,41.3
16745.0,28,9,3574.4300000000003,3582.67,397.1588888888889,128,117,14.222222222222221
16746.0,11,32,14202.87,3807.63,443.8396875,552,313,17.25
16748.0,34,12,3026.59,605.7,252.21583333333334,546,48,45.5
16749.0,408,2,4157.88,0.0,2078.94,541,53,270.5
16750.0,49,1,118.7,505.23,118.7,49,10,49.0
16752.0,189,1,207.5,0.0,207.5,189,9,189.0
16754.0,189,27,54641.7,0.0,2023.7666666666667,458,38,16.962962962962962
16755.0,43,6,2279.17,566.96,379.8616666666667,547,172,91.16666666666667
16756.0,31,7,1300.47,0.0,185.78142857142856,457,64,65.28571428571429
16757.0,135,2,270.48,0.0,135.24,226,13,113.0
16760.0,247,1,228.0,0.0,228.0,247,17,247.0
16763.0,15,2,947.75,0.0,473.875,555,43,277.5
16765.0,111,2,454.75,0.0,227.375,199,52,99.5
16766.0,90,2,1145.6,0.0,572.8,90,17,45.0
16767.0,36,7,5018.87,2931.54,716.9814285714285,407,143,58.142857142857146
16768.0,88,7,1353.93,286.54,193.41857142857143,549,84,78.42857142857143
16769.0,77,4,1117.05,0.0,279.2625,542,76,135.5
16770.0,53,8,1639.1100000000001,107.72,204.88875000000002,291,174,36.375
16771.0,92,8,3330.2400000000002,590.86,416.28000000000003,547,261,68.375
16772.0,240,3,2773.6,0.0,924.5333333333333,538,52,179.33333333333334
16773.0,253,2,249.65,171.59,124.825,550,34,275.0
16774.0,240,4,905.96,654.92,226.49,478,60,119.5
16775.0,22,9,1739.53,999.71,193.2811111111111,259,92,28.77777777777778
16776.0,232,1,220.97,371.54,220.97,232,48,232.0
16777.0,74,4,1212.33,49.1,303.0825,449,116,112.25
16778.0,91,1,93.18,152.76,93.18,91,5,91.0
16779.0,36,41,25860.44,6674.9400000000005,630.7424390243903,553,266,13.487804878048781
16780.0,76,2,336.05,260.35,168.025,224,44,112.0
16781.0,189,2,606.4,0.0,303.2,486,36,243.0
16782.0,21,32,8632.82,919.8000000000001,269.775625,547,565,17.09375
16783.0,253,1,391.95,0.0,391.95,253,25,253.0
16784.0,193,4,784.73,107.6,196.1825,438,137,109.5
16785.0,226,1,533.78,0.0,533.78,226,35,226.0
16786.0,210,1,51.839999999999996,0.0,51.839999999999996,210,1,210.0
16787.0,214,4,1017.53,0.0,254.3825,515,102,128.75
16788.0,71,4,1627.36,299.92,406.84,487,291,121.75
16791.0,30,12,2728.08,1126.78,227.34,553,290,46.083333333333336
16792.0,99,5,623.46,0.0,124.69200000000001,521,90,104.2
16794.0,197,5,856.1999999999999,1177.53,171.23999999999998,441,151,88.2
16795.0,182,3,2048.51,0.0,682.8366666666667,500,304,166.66666666666666
16797.0,210,5,1786.42,0.0,357.284,554,289,110.8
16798.0,371,3,832.21,0.0,277.40333333333336,546,141,182.0
16799.0,249,2,447.83,0.0,223.915,270,81,135.0
16801.0,9,2,701.48,140.85,350.74,18,26,9.0
16802.0,496,2,582.61,0.0,291.305,547,48,273.5
16804.0,87,1,118.05,418.94,118.05,87,19,87.0
16805.0,177,3,830.52,245.82,276.84,542,180,180.66666666666666
16806.0,37,2,370.68,365.53,185.34,56,27,28.0
16807.0,32,5,1654.12,469.76,330.82399999999996,440,94,88.0
16808.0,91,1,166.5,121.92,166.5,91,19,91.0
16809.0,25,6,1153.87,571.61,192.31166666666664,422,94,70.33333333333333
16810.0,9,2,786.14,0.0,393.07,237,33,118.5
16812.0,177,4,2216.8,0.0,554.2,199,97,49.75
16813.0,8,2,301.66,1350.52,150.83,21,110,10.5
16814.0,9,27,9587.61,2318.84,355.0966666666667,424,223,15.703703703703704
16815.0,270,2,406.02,0.0,203.01,353,66,176.5
16816.0,130,2,325.45,91.61,162.725,175,20,87.5
16817.0,2,11,1970.93,425.32,179.17545454545456,248,86,22.545454545454547
16818.0,8,3,1116.37,2201.6,372.1233333333333,22,68,7.333333333333333
16819.0,282,2,182.59,0.0,91.295,282,17,141.0
16821.0,198,1,113.35,0.0,113.35,198,7,198.0
16822.0,503,1,157.59,0.0,157.59,503,10,503.0
16823.0,44,7,2236.14,0.0,319.4485714285714,554,149,79.14285714285714
16824.0,210,1,225.6,460.64,225.6,210,13,210.0
16825.0,2,4,1370.41,456.48,342.6025,351,35,87.75
16827.0,210,5,387.18,0.0,77.436,406,9,81.2
16829.0,205,1,316.1,197.22,316.1,205,16,205.0
16830.0,259,3,857.7900000000001,325.91,285.93,543,47,181.0
16831.0,381,1,91.8,0.0,91.8,381,6,381.0
16832.0,1,5,417.61,0.0,83.522,275,19,55.0
16833.0,76,5,1973.8,435.24,394.76,440,74,88.0
16834.0,44,2,898.96,0.0,449.48,491,43,245.5
16835.0,190,5,1290.66,99.1,258.132,386,50,77.2
16836.0,223,2,530.5,251.87,265.25,391,31,195.5
16837.0,14,8,1811.49,1356.24,226.43625,62,76,7.75
16838.0,14,4,1153.66,0.0,288.415,480,53,120.0
16839.0,2,24,11552.36,8884.5,481.34833333333336,483,94,20.125
16840.0,420,2,139.85,0.0,69.925,491,9,245.5
16841.0,2,9,2995.27,831.4399999999999,332.8077777777778,513,141,57.0
16842.0,119,1,520.5699999999999,739.87,520.5699999999999,119,30,119.0
16843.0,14,24,13180.61,6354.67,549.1920833333334,546,181,22.75
16844.0,379,2,614.34,0.0,307.17,399,26,199.5
16845.0,435,1,253.88,0.0,253.88,435,20,435.0
16846.0,394,2,628.09,214.32,314.045,456,36,228.0
16847.0,435,1,421.45000000000005,193.44,421.45000000000005,435,25,435.0
16848.0,193,3,1130.2,281.42,376.73333333333335,249,64,83.0
16849.0,3,1,124.57,0.0,124.57,3,8,3.0
16850.0,150,1,332.41,0.0,332.41,150,19,150.0
16854.0,234,2,1408.96,0.0,704.48,457,72,228.5
16856.0,234,2,323.09000000000003,35.400000000000006,161.54500000000002,259,15,129.5
16857.0,259,1,352.8,0.0,352.8,259,11,259.0
16858.0,185,10,4167.51,0.0,416.75100000000003,541,74,54.1
16859.0,78,6,1444.44,213.3,240.74,462,57,77.0
16860.0,269,3,1593.67,0.0,531.2233333333334,479,35,159.66666666666666
16861.0,207,3,755.13,173.76,251.71,325,37,108.33333333333333
16862.0,364,4,662.33,0.0,165.5825,518,34,129.5
16863.0,183,2,494.27,318.55,247.135,226,27,113.0
16864.0,251,2,409.25,0.0,204.625,415,17,207.5
16865.0,218,1,130.95,0.0,130.95,218,15,218.0
16867.0,506,1,76.74000000000001,0.0,76.74000000000001,506,6,506.0
16868.0,211,3,384.56,0.0,128.18666666666667,410,47,136.66666666666666
16870.0,286,1,450.15999999999997,0.0,450.15999999999997,286,28,286.0
16871.0,27,4,1986.97,774.52,496.7425,87,103,21.75
16872.0,1,4,921.47,291.66,230.3675,280,10,70.0
16873.0,14,9,10668.37,3878.66,1185.3744444444446,485,170,53.888888888888886
16874.0,196,1,209.89000000000001,0.0,209.89000000000001,196,31,196.0
16875.0,113,9,2788.02,1266.02,309.78,520,112,57.77777777777778
16876.0,220,1,136.01,0.0,136.01,220,32,220.0
16877.0,25,1,77.75,768.87,77.75,25,25,25.0
16880.0,6,2,591.66,1221.55,295.83,310,36,155.0
16882.0,56,2,215.70000000000002,489.41999999999996,107.85000000000001,134,15,67.0
16883.0,4,19,2236.11,0.0,117.69000000000001,552,159,29.05263157894737
16884.0,373,2,641.13,429.84000000000003,320.565,387,39,193.5
16885.0,174,2,410.89,272.46,205.445,202,65,101.0
16887.0,217,2,465.84000000000003,192.32999999999998,232.92000000000002,555,65,277.5
16888.0,217,3,434.2,0.0,144.73333333333332,518,44,172.66666666666666
16889.0,11,6,2526.65,0.0,421.10833333333335,382,163,63.666666666666664
16890.0,293,3,277.91,0.0,92.63666666666667,399,16,133.0
16891.0,188,7,1202.77,525.17,171.8242857142857,552,245,78.85714285714286
16892.0,371,2,236.56,505.44,118.28,548,38,274.0
16893.0,183,2,249.47,0.0,124.735,193,79,96.5
16894.0,319,3,1265.26,0.0,421.75333333333333,352,180,117.33333333333333
16895.0,255,4,900.63,202.27,225.1575,482,82,120.5
16896.0,372,1,103.95,0.0,103.95,372,18,372.0
16897.0,130,1,213.03,0.0,213.03,130,30,130.0
16898.0,185,3,496.26,388.95,165.42,393,110,131.0
16899.0,24,4,772.26,923.51,193.065,214,68,53.5
16901.0,546,1,204.26,0.0,204.26,546,23,546.0
16903.0,197,2,646.25,363.2,323.125,232,106,116.0
16904.0,42,11,2252.96,2403.6,204.81454545454545,228,313,20.727272727272727
16905.0,53,13,2459.2,2215.42,189.16923076923075,546,104,42.0
16906.0,3,6,1243.47,166.6,207.245,392,140,65.33333333333333
16907.0,51,7,1073.24,397.65,153.32,343,88,49.0
16908.0,539,1,153.59,0.0,153.59,539,20,539.0
16911.0,452,2,251.35000000000002,0.0,125.67500000000001,478,28,239.0
16912.0,24,9,3023.64,1397.22,335.96,547,94,60.77777777777778
16913.0,107,3,423.90999999999997,0.0,141.3033333333333,468,18,156.0
16915.0,65,7,1088.29,454.89000000000004,155.47,386,35,55.142857142857146
16916.0,189,3,530.14,365.98,176.71333333333334,232,99,77.33333333333333
16917.0,93,2,1851.88,0.0,925.94,449,45,224.5
16918.0,134,11,2365.4,769.64,215.03636363636363,553,235,50.27272727272727
16919.0,9,22,4300.66,536.9,195.48454545454544,294,214,13.363636363636363
16920.0,228,1,355.45,0.0,355.45,228,23,228.0
16921.0,259,2,255.03,154.18,127.515,417,28,208.5
16922.0,389,1,611.08,0.0,611.08,389,122,389.0
16923.0,4,23,9187.81,3384.34,399.46999999999997,494,309,21.47826086956522
16925.0,357,1,125.65,0.0,125.65,357,18,357.0
16926.0,188,5,1158.66,0.0,231.73200000000003,343,63,68.6
16927.0,93,2,341.45,201.6,170.725,178,5,89.0
16928.0,7,16,1997.39,1711.3899999999999,124.836875,491,117,30.6875
16931.0,11,11,2380.46,2651.76,216.40545454545455,214,277,19.454545454545453
16932.0,240,2,262.32,150.23000000000002,131.16,388,77,194.0
16933.0,56,8,2698.9,338.5,337.3625,547,193,68.375
16934.0,200,4,1131.8600000000001,931.03,282.96500000000003,438,74,109.5
16935.0,198,3,530.86,0.0,176.95333333333335,238,55,79.33333333333333
16936.0,202,1,286.39,261.9,286.39,202,81,202.0
16937.0,316,1,196.25,0.0,196.25,316,49,316.0
16938.0,125,6,4551.28,1610.83,758.5466666666666,477,429,79.5
16939.0,305,3,433.85,0.0,144.61666666666667,466,38,155.33333333333334
16940.0,106,6,4036.7599999999998,2292.2,672.7933333333333,548,247,91.33333333333333
16941.0,428,1,33.0,0.0,33.0,428,2,428.0
16942.0,6,4,872.0600000000001,1006.45,218.01500000000001,44,88,11.0
16943.0,28,3,816.73,0.0,272.24333333333334,135,23,45.0
16944.0,426,1,101.36,0.0,101.36,426,7,426.0
16945.0,18,22,5958.84,2571.82,270.85636363636365,547,194,24.863636363636363
16946.0,200,5,1199.54,0.0,239.908,464,68,92.8
16947.0,52,3,906.3100000000001,0.0,302.10333333333335,463,48,154.33333333333334
16948.0,78,6,674.2900000000001,194.48,112.38166666666667,473,17,78.83333333333333
16949.0,2,4,768.75,392.52,192.1875,133,32,33.25
16950.0,184,8,2476.45,1006.56,309.55625,501,81,62.625
16951.0,121,1,1053.79,208.96,1053.79,121,70,121.0
16952.0,258,3,628.22,167.61,209.40666666666667,545,61,181.66666666666666
16954.0,71,14,4893.73,1143.6,349.5521428571428,507,81,36.214285714285715
16955.0,1,6,1095.31,0.0,182.55166666666665,494,32,82.33333333333333
16957.0,56,2,416.64,0.0,208.32,98,15,49.0
16958.0,252,1,778.49,0.0,778.49,252,69,252.0
16960.0,69,6,1661.96,305.52,276.99333333333334,464,300,77.33333333333333
16961.0,205,2,541.79,234.17,270.895,349,37,174.5
16962.0,226,1,251.04,0.0,251.04,226,15,226.0
16963.0,4,1,110.55000000000001,0.0,110.55000000000001,4,7,4.0
16964.0,550,2,207.85,0.0,103.925,550,6,275.0
16965.0,43,1,192.07,0.0,192.07,43,25,43.0
16966.0,14,3,1154.3999999999999,994.0699999999999,384.79999999999995,57,8,19.0
16967.0,6,1,319.02,0.0,319.02,6,21,6.0
16969.0,8,1,397.36,253.05,397.36,8,27,8.0
16970.0,443,1,71.4,0.0,71.4,443,2,443.0
16972.0,199,2,749.0,0.0,374.5,273,54,136.5
16973.0,203,1,127.0,0.0,127.0,203,6,203.0
16974.0,339,2,365.5,0.0,182.75,381,5,190.5
16975.0,240,3,902.4200000000001,0.0,300.8066666666667,322,43,107.33333333333333
16976.0,84,1,251.51999999999998,0.0,251.51999999999998,84,2,84.0
16977.0,212,4,496.0,0.0,124.0,448,25,112.0
16978.0,483,2,424.55,344.33,212.275,483,28,241.5
16979.0,114,4,1315.24,1471.85,328.81,267,38,66.75
16980.0,72,3,1422.8300000000002,0.0,474.2766666666667,245,91,81.66666666666667
16983.0,88,7,2195.95,1283.53,313.70714285714286,263,92,37.57142857142857
16984.0,221,7,5839.9800000000005,4373.54,834.2828571428572,459,473,65.57142857142857
16985.0,28,19,7997.0,2548.7599999999998,420.89473684210526,546,115,28.736842105263158
16986.0,262,9,3015.55,1873.2,335.06111111111113,490,64,54.44444444444444
16987.0,22,5,1083.8,1403.75,216.76,554,119,110.8
16988.0,196,1,256.55,126.12,256.55,196,13,196.0
16990.0,35,2,344.0,0.0,172.0,239,1,119.5
16991.0,238,1,1041.21,0.0,1041.21,238,74,238.0
16992.0,16,10,4516.9400000000005,943.1600000000001,451.6940000000001,483,184,48.3
16993.0,280,2,1688.15,0.0,844.075,393,18,196.5
16996.0,62,7,1308.73,735.4300000000001,186.96142857142857,234,30,33.42857142857143
16997.0,105,3,702.0,0.0,234.0,142,7,47.333333333333336
16998.0,21,3,386.6,7.9,128.86666666666667,261,2,87.0
17000.0,213,2,406.3,0.0,203.15,225,26,112.5
17001.0,24,13,4453.17,2187.63,342.5515384615385,441,86,33.92307692307692
17002.0,32,6,2071.34,494.26,345.22333333333336,458,48,76.33333333333333
17003.0,219,4,828.21,0.0,207.0525,395,90,98.75
17004.0,209,2,1012.22,1312.1399999999999,506.11,241,21,120.5
17005.0,287,2,622.36,0.0,311.18,405,14,202.5
17006.0,209,4,853.49,781.78,213.3725,461,77,115.25
17007.0,18,5,680.4,427.2,136.07999999999998,254,40,50.8
17008.0,246,1,81.36,0.0,81.36,246,1,246.0
17009.0,368,1,242.06,0.0,242.06,368,10,368.0
17011.0,464,2,265.8,270.9,132.9,468,12,234.0
17012.0,542,1,360.61,0.0,360.61,542,34,542.0
17015.0,2,1,520.55,1318.06,520.55,2,116,2.0
17016.0,393,1,552.4,0.0,552.4,393,41,393.0
17017.0,21,20,8266.82,4157.24,413.341,553,104,27.65
17018.0,142,5,1772.6,515.1,354.52,551,18,110.2
17019.0,78,10,3265.84,262.15,326.584,554,307,55.4
17020.0,359,2,935.62,0.0,467.81,463,64,231.5
17021.0,259,6,1182.22,0.0,197.03666666666666,406,35,67.66666666666667
17022.0,249,1,189.0,71.0,189.0,249,9,249.0
17023.0,234,3,800.18,0.0,266.72666666666663,514,48,171.33333333333334
17025.0,190,4,1152.87,196.8,288.2175,458,28,114.5
17026.0,2,3,175.82999999999998,0.0,58.60999999999999,234,4,78.0
17027.0,100,6,824.6,444.33,137.43333333333334,546,84,91.0
17028.0,398,3,1593.83,0.0,531.2766666666666,538,85,179.33333333333334
17029.0,53,6,1779.3,358.0,296.55,480,19,80.0
17031.0,195,4,2393.5,380.35,598.375,398,22,99.5
17032.0,420,5,2816.69,0.0,563.338,546,179,109.2
17033.0,31,3,910.75,422.04,303.5833333333333,214,22,71.33333333333333
17034.0,104,3,639.05,592.77,213.01666666666665,330,30,110.0
17035.0,62,4,568.39,0.0,142.0975,553,26,138.25
17036.0,200,1,176.9,0.0,176.9,200,12,200.0
17038.0,232,1,630.77,112.4,630.77,232,41,232.0
17039.0,421,1,1954.99,0.0,1954.99,421,44,421.0
17040.0,367,1,13.52,449.73,13.52,367,1,367.0
17041.0,177,4,872.41,766.99,218.1025,417,57,104.25
17042.0,13,2,487.59,548.99,243.795,64,51,32.0
17043.0,83,5,1033.07,1560.58,206.61399999999998,547,97,109.4
17044.0,191,11,10943.87,932.53,994.8972727272728,549,91,49.90909090909091
17045.0,64,3,528.19,299.49,176.06333333333336,246,29,82.0
17046.0,261,4,1264.05,642.02,316.0125,437,57,109.25
17047.0,22,5,1937.76,351.47,387.552,548,98,109.6
17048.0,99,6,1850.8500000000001,125.0,308.475,507,82,84.5
17049.0,31,13,5742.8,4008.03,441.75384615384615,462,203,35.53846153846154
17050.0,4,9,3780.21,568.25,420.0233333333333,499,187,55.44444444444444
17051.0,11,4,706.49,0.0,176.6225,445,107,111.25
17054.0,24,3,918.82,435.01,306.27333333333337,62,46,20.666666666666668
17055.0,262,1,232.85,0.0,232.85,262,24,262.0
17056.0,555,1,128.60000000000002,0.0,128.60000000000002,555,8,555.0
17057.0,413,1,288.79,0.0,288.79,413,47,413.0
17058.0,16,2,819.66,360.23,409.83,56,42,28.0
17059.0,14,7,3264.15,1582.72,466.3071428571429,499,249,71.28571428571429
17060.0,83,1,234.24,0.0,234.24,83,5,83.0
17061.0,9,7,3134.13,1982.0,447.73285714285714,49,44,7.0
17062.0,130,6,880.8100000000001,0.0,146.80166666666668,256,81,42.666666666666664
17063.0,106,8,2462.96,1113.82,307.87,555,111,69.375
17064.0,144,1,143.95,711.5,143.95,144,21,144.0
17065.0,454,2,194.7,0.0,97.35,454,6,227.0
17066.0,543,1,228.34,0.0,228.34,543,17,543.0
17067.0,541,3,454.54,0.0,151.51333333333335,548,8,182.66666666666666
17068.0,6,37,7063.04,1882.49,190.89297297297298,438,225,11.837837837837839
17069.0,43,9,3832.2,1609.15,425.79999999999995,553,146,61.44444444444444
17070.0,227,1,133.18,304.24,133.18,227,41,227.0
17071.0,4,8,2377.55,1360.16,297.19375,501,99,62.625
17072.0,442,1,273.35,0.0,273.35,442,20,442.0
17074.0,379,1,203.05,0.0,203.05,379,4,379.0
17075.0,70,9,2078.23,138.05,230.91444444444446,542,138,60.22222222222222
17076.0,90,5,735.87,506.88,147.174,552,27,110.4
17077.0,395,1,306.0,0.0,306.0,395,1,395.0
17080.0,86,6,744.11,211.29999999999998,124.01833333333333,343,19,57.166666666666664
17081.0,212,4,660.48,288.91,165.12,472,121,118.0
17082.0,135,5,3365.12,1366.91,673.024,541,74,108.2
17083.0,112,8,3633.27,409.76,454.15875,485,29,60.625
17084.0,213,1,2253.22,2747.9900000000002,2253.22,213,132,213.0
17085.0,67,26,7333.72,347.75,282.06615384615384,550,393,21.153846153846153
17087.0,554,1,221.53,0.0,221.53,554,12,554.0
17088.0,70,1,1015.83,975.1800000000001,1015.83,70,55,70.0
17089.0,203,1,128.45,0.0,128.45,203,4,203.0
17090.0,44,9,1663.14,1323.5,184.79333333333335,325,23,36.111111111111114
17091.0,2,15,5631.75,1833.3500000000001,375.45,540,222,36.0
17092.0,94,8,3849.48,1639.13,481.185,492,200,61.5
17093.0,409,1,235.88,0.0,235.88,409,13,409.0
17094.0,139,2,370.40000000000003,0.0,185.20000000000002,240,18,120.0
17095.0,116,6,1758.4,762.35,293.06666666666666,541,83,90.16666666666667
17096.0,78,8,2770.39,859.19,346.29875,372,132,46.5
17097.0,141,3,476.58,650.28,158.85999999999999,247,97,82.33333333333333
17098.0,198,3,591.0699999999999,0.0,197.0233333333333,357,10,119.0
17099.0,350,1,582.17,0.0,582.17,350,40,350.0
17101.0,211,3,885.3199999999999,1621.73,295.1066666666666,367,28,122.33333333333333
17102.0,78,1,25.5,0.0,25.5,78,1,78.0
17103.0,539,1,424.3,0.0,424.3,539,32,539.0
17104.0,240,1,474.03,0.0,474.03,240,19,240.0
17105.0,123,1,319.4,346.38,319.4,123,38,123.0
17106.0,206,1,481.58,0.0,481.58,206,51,206.0
17107.0,25,6,9325.34,6357.12,1554.2233333333334,494,278,82.33333333333333
17108.0,480,1,174.95,0.0,174.95,480,9,480.0
17109.0,49,4,875.01,401.34000000000003,218.7525,314,70,78.5
17110.0,337,2,336.59999999999997,163.29999999999998,168.29999999999998,427,32,213.5
17111.0,242,1,227.97,231.61,227.97,242,19,242.0
17112.0,319,1,197.57,0.0,197.57,319,44,319.0
17113.0,391,6,2134.01,0.0,355.66833333333335,514,117,85.66666666666667
17114.0,25,4,428.54,311.18,107.135,151,57,37.75
17115.0,50,5,2182.16,506.83000000000004,436.43199999999996,551,87,110.2
17116.0,465,1,389.78,0.0,389.78,465,47,465.0
17117.0,105,1,116.19999999999999,0.0,116.19999999999999,105,9,105.0
17118.0,134,1,157.02,0.0,157.02,134,10,134.0
17120.0,50,1,307.46,0.0,307.46,50,18,50.0
17121.0,219,1,314.74,0.0,314.74,219,12,219.0
17122.0,205,3,432.18,138.32,144.06,316,19,105.33333333333333
17123.0,256,2,621.37,345.29999999999995,310.685,389,30,194.5
17124.0,2,1,294.24,0.0,294.24,2,31,2.0
17126.0,116,6,1508.25,487.78,251.375,282,220,47.0
17127.0,245,5,1155.0300000000002,0.0,231.00600000000003,552,27,110.4
17128.0,151,1,157.09,0.0,157.09,151,14,151.0
17129.0,337,1,31.85,0.0,31.85,337,2,337.0
17132.0,269,2,1220.9099999999999,0.0,610.4549999999999,305,62,152.5
17133.0,7,7,10558.640000000001,2413.4500000000003,1508.377142857143,445,18,63.57142857142857
17134.0,81,2,530.8,94.5,265.4,259,29,129.5
17135.0,106,5,1066.28,639.18,213.256,396,84,79.2
17136.0,479,1,231.68,0.0,231.68,479,14,479.0
17137.0,233,6,1099.81,0.0,183.30166666666665,494,125,82.33333333333333
17138.0,92,7,4417.27,0.0,631.0385714285715,490,234,70.0
17139.0,27,17,13595.74,5873.92,799.7494117647059,514,348,30.235294117647058
17140.0,64,1,454.12,0.0,454.12,64,16,64.0
17141.0,235,4,727.58,0.0,181.895,501,138,125.25
17142.0,56,4,1275.25,0.0,318.8125,501,78,125.25
17143.0,234,2,880.97,0.0,440.485,332,82,166.0
17145.0,329,4,3014.64,0.0,753.66,475,165,118.75
17146.0,80,12,5602.49,185.9,466.87416666666667,492,162,41.0
17147.0,23,7,2329.32,741.48,332.76000000000005,514,74,73.42857142857143
17149.0,268,1,143.10000000000002,0.0,143.10000000000002,268,6,268.0
17150.0,193,6,1357.95,0.0,226.32500000000002,550,64,91.66666666666667
17151.0,552,1,231.90000000000003,0.0,231.90000000000003,552,4,552.0
17152.0,11,4,1830.5000000000002,0.0,457.62500000000006,242,9,60.5
17155.0,344,5,640.76,251.70000000000002,128.152,553,31,110.6
17156.0,308,1,572.0699999999999,0.0,572.0699999999999,308,38,308.0
17157.0,297,17,4832.9,306.55,284.2882352941176,552,69,32.470588235294116
17158.0,49,4,1393.88,568.42,348.47,459,61,114.75
17159.0,294,2,560.71,1534.73,280.355,462,27,231.0
17160.0,42,13,7888.400000000001,2312.96,606.8000000000001,552,184,42.46153846153846
17161.0,261,1,856.01,0.0,856.01,261,52,261.0
17162.0,7,8,1157.03,550.1800000000001,144.62875,122,70,15.25
17163.0,262,2,406.68,293.1,203.34,492,24,246.0
17164.0,29,2,943.22,1523.18,471.61,90,49,45.0
17165.0,101,6,1783.63,0.0,297.2716666666667,545,77,90.83333333333333
17166.0,20,1,110.74,78.75,110.74,20,10,20.0
17167.0,196,3,867.11,0.0,289.0366666666667,262,64,87.33333333333333
17168.0,315,1,400.2,0.0,400.2,315,21,315.0
17169.0,395,1,313.0,816.88,313.0,395,21,395.0
17170.0,191,2,178.68,0.0,89.34,206,8,103.0
17171.0,106,2,384.59,0.0,192.295,478,25,239.0
17172.0,247,2,597.73,317.76,298.865,543,24,271.5
17174.0,34,1,59.9,0.0,59.9,34,4,34.0
17175.0,113,1,519.08,911.86,519.08,113,27,113.0
17176.0,18,3,902.3199999999999,0.0,300.7733333333333,494,37,164.66666666666666
17177.0,322,1,119.5,0.0,119.5,322,29,322.0
17178.0,548,1,432.96,0.0,432.96,548,31,548.0
17179.0,49,5,1283.78,223.48,256.756,379,69,75.8
17180.0,58,10,1986.2,231.17,198.62,504,178,50.4
17181.0,190,2,225.45000000000002,84.39999999999999,112.72500000000001,412,7,206.0
17182.0,239,2,321.3,0.0,160.65,535,4,267.5
17184.0,386,2,198.41000000000003,0.0,99.20500000000001,547,14,273.5
17185.0,408,3,229.46,0.0,76.48666666666666,415,38,138.33333333333334
17187.0,43,2,467.71,0.0,233.855,343,21,171.5
17188.0,132,9,3332.19,1049.79,370.24333333333334,548,105,60.888888888888886
17189.0,176,4,796.45,157.18,199.1125,554,87,138.5
17190.0,220,5,1279.99,249.74,255.998,461,142,92.2
17191.0,8,13,3366.86,917.98,258.9892307692308,555,224,42.69230769230769
17192.0,353,1,75.28,0.0,75.28,353,20,353.0
17193.0,203,2,610.74,1674.46,305.37,554,12,277.0
17194.0,177,2,776.66,0.0,388.33,347,56,173.5
17195.0,472,1,562.98,0.0,562.98,472,31,472.0
17196.0,244,1,327.75,0.0,327.75,244,84,244.0
17198.0,182,2,521.66,170.56,260.83,188,73,94.0
17199.0,399,1,135.04000000000002,0.0,135.04000000000002,399,8,399.0
17200.0,204,4,356.71,0.0,89.1775,469,25,117.25
17201.0,340,3,827.22,289.78,275.74,484,117,161.33333333333334
17202.0,237,1,160.65,0.0,160.65,237,8,237.0
17203.0,205,4,2004.01,3560.08,501.0025,205,84,51.25
17204.0,58,7,4949.94,305.55,707.1342857142856,364,105,52.0
17205.0,233,2,615.27,384.08,307.635,381,18,190.5
17207.0,469,1,291.77,0.0,291.77,469,54,469.0
17208.0,212,1,111.15,0.0,111.15,212,21,212.0
17209.0,466,3,595.7,0.0,198.5666666666667,553,36,184.33333333333334
17210.0,209,1,251.72,0.0,251.72,209,47,209.0
17211.0,50,10,2692.52,1063.28,269.252,543,165,54.3
17212.0,70,3,794.41,0.0,264.80333333333334,303,29,101.0
17213.0,133,9,2972.27,1844.28,330.2522222222222,541,90,60.111111111111114
17214.0,66,4,611.97,362.15000000000003,152.9925,176,56,44.0
17215.0,281,1,186.15,0.0,186.15,281,11,281.0
17216.0,371,1,63.6,0.0,63.6,371,13,371.0
17217.0,51,2,210.1,0.0,105.05,436,27,218.0
17218.0,31,13,2881.0,1008.39,221.6153846153846,500,192,38.46153846153846
17219.0,233,1,144.9,114.23,144.9,233,24,233.0
17220.0,23,12,2726.69,1724.72,227.22416666666666,505,276,42.083333333333336
17221.0,408,3,642.14,334.48,214.04666666666665,424,58,141.33333333333334
17222.0,294,5,1234.96,328.65,246.99200000000002,515,70,103.0
17223.0,127,3,523.04,0.0,174.34666666666666,192,61,64.0
17224.0,318,1,100.86,0.0,100.86,318,8,318.0
17225.0,398,1,131.15,0.0,131.15,398,5,398.0
17226.0,125,3,895.47,0.0,298.49,482,51,160.66666666666666
17227.0,73,8,1305.76,573.1700000000001,163.22,510,47,63.75
17228.0,24,9,1601.52,1218.51,177.94666666666666,454,132,50.44444444444444
17230.0,81,18,9164.05,0.0,509.1138888888888,548,141,30.444444444444443
17231.0,7,21,5541.81,1417.02,263.8957142857143,549,433,26.142857142857142
17233.0,265,2,369.98,190.88,184.99,541,32,270.5
17235.0,189,7,1354.82,208.16,193.54571428571427,370,41,52.857142857142854
17236.0,59,10,1576.95,352.31,157.695,459,81,45.9
17237.0,192,2,679.44,314.69,339.72,198,58,99.0
17238.0,1,24,5143.91,2187.26,214.32958333333332,555,401,23.125
17239.0,129,4,1186.9,0.0,296.725,343,18,85.75
17240.0,413,1,130.6,0.0,130.6,413,7,413.0
17241.0,202,12,2736.64,0.0,228.0533333333333,479,116,39.916666666666664
17242.0,273,3,1754.24,1135.04,584.7466666666667,501,27,167.0
17243.0,53,54,14289.08,5737.35,264.6125925925926,555,295,10.277777777777779
17244.0,200,4,871.14,954.9,217.785,550,85,137.5
17245.0,21,2,371.63,0.0,185.815,506,24,253.0
17246.0,363,2,38.92,0.0,19.46,555,6,277.5
17248.0,298,1,181.89000000000001,318.65,181.89000000000001,298,34,298.0
17249.0,245,1,68.03,0.0,68.03,245,27,245.0
17250.0,78,1,162.65,219.32,162.65,78,23,78.0
17251.0,179,3,790.28,0.0,263.4266666666667,541,65,180.33333333333334
17252.0,3,1,337.01,11.9,337.01,3,85,3.0
17254.0,218,1,198.29,271.19,198.29,218,36,218.0
17255.0,116,3,598.48,183.22,199.49333333333334,263,131,87.66666666666667
17256.0,129,4,386.83,112.10000000000001,96.7075,417,18,104.25
17257.0,253,2,189.78,0.0,94.89,253,14,126.5
17258.0,213,2,417.3,0.0,208.65,482,46,241.0
17259.0,185,5,1239.11,213.28,247.82199999999997,472,159,94.4
17260.0,228,1,120.95,0.0,120.95,228,6,228.0
17261.0,326,1,221.59,0.0,221.59,326,43,326.0
17262.0,44,10,2190.76,298.0,219.07600000000002,541,10,54.1
17263.0,25,1,63.440000000000005,0.0,63.440000000000005,25,23,25.0
17264.0,241,1,268.28,0.0,268.28,241,70,241.0
17266.0,316,2,205.14,296.58,102.57,457,43,228.5
17268.0,60,9,1246.73,487.15999999999997,138.52555555555557,548,24,60.888888888888886
17269.0,202,1,491.81,0.0,491.81,202,110,202.0
17270.0,286,2,601.4499999999999,0.0,300.72499999999997,549,45,274.5
17271.0,553,1,204.3,0.0,204.3,553,46,553.0
17272.0,16,2,1405.34,739.1899999999999,702.67,79,59,39.5
17273.0,241,1,141.12,0.0,141.12,241,12,241.0
17274.0,212,1,465.4,107.82,465.4,212,52,212.0
17275.0,200,1,114.1,0.0,114.1,200,23,200.0
17276.0,219,1,444.19,0.0,444.19,219,49,219.0
17277.0,44,2,1065.3500000000001,0.0,532.6750000000001,139,67,69.5
17278.0,58,2,271.24,0.0,135.62,382,17,191.0
17280.0,255,1,118.85999999999999,0.0,118.85999999999999,255,6,255.0
17281.0,191,6,797.8499999999999,0.0,132.975,490,2,81.66666666666667
17282.0,116,3,1346.98,961.56,448.99333333333334,365,167,121.66666666666667
17283.0,195,1,188.46,0.0,188.46,195,15,195.0
17284.0,52,3,1823.57,724.13,607.8566666666667,206,223,68.66666666666667
17285.0,445,2,400.44,0.0,200.22,480,40,240.0
17286.0,217,2,237.81,151.37,118.905,217,46,108.5
17287.0,22,18,3261.89,548.72,181.2161111111111,553,242,30.72222222222222
17288.0,24,9,1714.5,753.93,190.5,211,139,23.444444444444443
17289.0,193,6,1109.53,922.77,184.92166666666665,458,130,76.33333333333333
17290.0,198,6,914.47,513.01,152.41166666666666,543,95,90.5
17291.0,125,1,550.8000000000001,0.0,550.8000000000001,125,1,125.0
17292.0,289,2,271.75,0.0,135.875,396,14,198.0
17293.0,125,10,2365.92,1384.71,236.592,553,91,55.3
17294.0,486,2,467.78999999999996,0.0,233.89499999999998,486,17,243.0
17296.0,547,1,338.13,0.0,338.13,547,32,547.0
17298.0,191,3,434.9,498.42,144.96666666666667,458,37,152.66666666666666
17299.0,256,2,336.62,656.61,168.31,298,52,149.0
17300.0,207,2,393.64,0.0,196.82,298,37,149.0
17301.0,441,1,131.15,163.24,131.15,441,52,441.0
17302.0,25,2,303.12,816.81,151.56,122,35,61.0
17303.0,178,1,250.04,0.0,250.04,178,53,178.0
17304.0,351,1,111.5,0.0,111.5,351,5,351.0
17305.0,465,1,2135.46,0.0,2135.46,465,9,465.0
17306.0,21,10,4329.900000000001,5421.87,432.99000000000007,220,11,22.0
17307.0,212,10,3694.61,0.0,369.461,505,22,50.5
17308.0,210,2,4511.76,0.0,2255.88,269,5,134.5
17309.0,198,2,237.64000000000001,82.75,118.82000000000001,490,22,245.0
17310.0,204,2,1025.1,0.0,512.55,351,1,175.5
17311.0,133,5,2662.27,828.39,532.454,491,92,98.2
17314.0,73,11,2776.4900000000002,1738.21,252.40818181818184,553,116,50.27272727272727
17315.0,8,25,6138.62,3329.63,245.5448,255,314,10.2
17316.0,237,1,124.45,0.0,124.45,237,35,237.0
17318.0,542,1,157.32999999999998,0.0,157.32999999999998,542,17,542.0
17319.0,486,1,29.1,0.0,29.1,486,3,486.0
17320.0,53,5,2154.33,290.52,430.866,504,67,100.8
17321.0,211,4,1008.05,657.16,252.0125,394,159,98.5
17322.0,193,5,900.64,0.0,180.128,553,114,110.6
17323.0,32,7,927.14,608.42,132.44857142857143,515,120,73.57142857142857
17324.0,148,10,1733.82,284.25,173.382,538,84,53.8
17325.0,97,3,609.5699999999999,0.0,203.18999999999997,458,39,152.66666666666666
17326.0,225,2,312.35,0.0,156.175,346,82,173.0
17327.0,226,2,152.35,0.0,76.175,379,3,189.5
17328.0,490,1,104.7,0.0,104.7,490,6,490.0
17329.0,132,4,718.78,279.75,179.695,553,73,138.25
17330.0,361,2,59.900000000000006,363.9,29.950000000000003,464,2,232.0
17332.0,345,5,827.77,0.0,165.554,473,81,94.6
17334.0,119,3,634.73,0.0,211.57666666666668,223,20,74.33333333333333
17335.0,200,2,497.04,0.0,248.52,501,34,250.5
17336.0,289,1,81.12,0.0,81.12,289,1,289.0
17337.0,28,3,1895.56,32.95,631.8533333333334,127,418,42.333333333333336
17338.0,22,14,8970.14,2847.85,640.7242857142857,456,478,32.57142857142857
17339.0,182,1,60.0,183.36,60.0,182,4,182.0
17340.0,9,11,12853.62,6413.2300000000005,1168.510909090909,480,244,43.63636363636363
17341.0,183,3,1006.53,265.68,335.51,357,180,119.0
17342.0,196,4,1155.8400000000001,0.0,288.96000000000004,486,30,121.5
17343.0,172,6,1259.94,0.0,209.99,553,61,92.16666666666667
17344.0,545,1,299.74,157.62,299.74,545,36,545.0
17345.0,13,8,1146.62,394.31,143.3275,555,128,69.375
17346.0,4,17,3298.37,1628.06,194.02176470588233,417,372,24.529411764705884
17348.0,114,5,1434.54,996.45,286.908,456,205,91.2
17349.0,197,4,674.16,98.25,168.54,448,66,112.0
17350.0,211,3,612.38,1251.44,204.12666666666667,493,64,164.33333333333334
17351.0,90,10,1575.83,388.55,157.583,546,29,54.6
17352.0,513,1,36.25,0.0,36.25,513,5,513.0
17353.0,308,2,1424.05,1740.0,712.025,441,6,220.5
17354.0,245,3,1740.8999999999999,1393.06,580.3,245,73,81.66666666666667
17355.0,203,1,273.31,0.0,273.31,203,28,203.0
17356.0,128,5,946.47,0.0,189.294,505,73,101.0
17358.0,120,5,861.01,0.0,172.202,470,126,94.0
17359.0,465,1,156.6,127.86,156.6,465,23,465.0
17360.0,1,4,923.22,247.34,230.805,251,136,62.75
17361.0,3,4,647.51,224.28,161.8775,493,41,123.25
17362.0,56,7,1010.54,0.0,144.36285714285714,519,99,74.14285714285714
17363.0,212,3,920.46,0.0,306.82,219,34,73.0
17364.0,21,21,9209.82,2377.23,438.5628571428571,549,386,26.142857142857142
17365.0,16,11,5310.12,2869.33,482.73818181818183,493,311,44.81818181818182
17366.0,249,2,1075.59,0.0,537.795,273,119,136.5
17367.0,55,1,167.55,0.0,167.55,55,33,55.0
17368.0,76,9,1155.44,989.95,128.38222222222223,541,130,60.111111111111114
17369.0,272,1,979.1999999999999,0.0,979.1999999999999,272,1,272.0
17371.0,178,4,325.11,326.26,81.2775,548,61,137.0
17372.0,60,22,3668.2000000000003,596.13,166.73636363636365,553,342,25.136363636363637
17373.0,129,4,665.83,501.67,166.4575,466,44,116.5
17374.0,35,3,711.21,0.0,237.07000000000002,212,34,70.66666666666667
17375.0,16,4,632.95,0.0,158.2375,248,75,62.0
17376.0,128,3,356.29,97.35,118.76333333333334,339,37,113.0
17377.0,72,65,14906.03,2460.7,229.32353846153848,554,426,8.523076923076923
17378.0,191,1,10.95,0.0,10.95,191,1,191.0
17380.0,251,3,643.75,0.0,214.58333333333334,351,5,117.0
17381.0,20,25,29941.17,6454.3,1197.6468,365,49,14.6
17382.0,252,7,836.88,65.4,119.55428571428571,386,14,55.142857142857146
17383.0,270,1,110.69999999999999,193.39000000000001,110.69999999999999,270,2,270.0
17384.0,36,2,398.8,108.75,199.4,284,7,142.0
17386.0,202,1,126.35000000000001,2686.42,126.35000000000001,202,10,202.0
17388.0,28,9,2179.01,496.36,242.11222222222224,546,29,60.666666666666664
17389.0,2,39,28431.84,26580.989999999998,729.0215384615385,552,56,14.153846153846153
17390.0,237,1,149.3,0.0,149.3,237,12,237.0
17392.0,123,3,579.92,0.0,193.30666666666664,267,65,89.0
17393.0,227,2,381.15,0.0,190.575,305,45,152.5
17394.0,36,1,203.86999999999998,0.0,203.86999999999998,36,4,36.0
17395.0,325,1,97.5,0.0,97.5,325,3,325.0
17396.0,188,7,1248.12,6915.3,178.30285714285714,258,10,36.857142857142854
17397.0,233,1,516.87,681.41,516.87,233,44,233.0
17398.0,27,2,528.45,124.92999999999999,264.225,72,26,36.0
17400.0,27,7,3832.06,791.22,547.4371428571428,539,278,77.0
17401.0,358,1,114.85,0.0,114.85,358,11,358.0
17402.0,50,14,2751.93,1814.48,196.56642857142856,540,99,38.57142857142857
17403.0,267,1,118.95,263.92,118.95,267,13,267.0
17404.0,28,14,28142.42,17690.2,2010.172857142857,518,83,37.0
17406.0,150,13,3855.75,0.0,296.59615384615387,550,155,42.30769230769231
17407.0,228,1,552.9,0.0,552.9,228,23,228.0
17408.0,317,2,132.24,32.65,66.12,331,5,165.5
17409.0,1,10,7793.51,0.0,779.351,545,50,54.5
17410.0,32,1,302.4,912.3199999999999,302.4,32,15,32.0
17411.0,78,3,856.9200000000001,493.36,285.64000000000004,553,42,184.33333333333334
17412.0,13,13,3646.93,548.24,280.5330769230769,554,143,42.61538461538461
17413.0,221,2,560.14,0.0,280.07,386,10,193.0
17414.0,1,5,2069.52,180.0,413.904,553,6,110.6
17416.0,14,18,13786.14,3435.33,765.8966666666666,542,278,30.11111111111111
17417.0,365,1,164.18,0.0,164.18,365,16,365.0
17418.0,140,2,373.99,296.07,186.995,204,24,102.0
17419.0,66,13,3934.73,2165.92,302.6715384615385,500,140,38.46153846153846
17420.0,190,4,475.7,467.98,118.925,218,24,54.5
17421.0,203,3,1059.41,0.0,353.1366666666667,552,46,184.0
17422.0,37,7,2045.89,1300.21,292.27000000000004,351,93,50.142857142857146
17423.0,34,2,852.6800000000001,231.49,426.34000000000003,210,28,105.0
17426.0,99,8,4176.34,3828.38,522.0425,477,149,59.625
17428.0,29,30,21029.28,9871.08,700.976,555,329,18.5
17429.0,2,4,1206.18,135.98000000000002,301.545,246,70,61.5
17430.0,182,3,469.40999999999997,153.16,156.47,296,24,98.66666666666667
17431.0,130,1,403.3,0.0,403.3,130,41,130.0
17432.0,202,7,1363.23,365.76,194.74714285714285,553,174,79.0
17433.0,202,1,266.8,303.15999999999997,266.8,202,39,202.0
17435.0,228,1,331.35,0.0,331.35,228,15,228.0
17436.0,43,4,427.40999999999997,93.89999999999999,106.85249999999999,549,5,137.25
17437.0,346,1,369.68,0.0,369.68,346,52,346.0
17438.0,70,5,1412.6200000000001,0.0,282.524,458,49,91.6
17439.0,472,1,325.74,0.0,325.74,472,8,472.0
17440.0,64,3,260.61,53.65,86.87,366,4,122.0
17441.0,549,1,293.35,0.0,293.35,549,21,549.0
17442.0,37,11,3101.17,1425.03,281.92454545454547,479,144,43.54545454545455
17443.0,36,1,534.24,0.0,534.24,36,1,36.0
17446.0,127,1,68.10000000000001,52.800000000000004,68.10000000000001,127,5,127.0
17448.0,346,41,14380.69,0.0,350.74853658536585,462,568,11.268292682926829
17449.0,51,9,3668.63,1180.52,407.6255555555556,547,235,60.77777777777778
17450.0,9,18,99828.64,133815.27,5546.035555555555,255,89,14.166666666666666
17454.0,9,10,1532.64,0.0,153.264,510,98,51.0
17455.0,20,1,131.7,0.0,131.7,20,8,20.0
17456.0,182,2,975.5600000000001,0.0,487.78000000000003,273,59,136.5
17457.0,21,13,5463.51,340.06,420.27000000000004,549,23,42.23076923076923
17458.0,198,1,213.08,316.5,213.08,198,32,198.0
17460.0,42,15,1954.1000000000001,0.0,130.27333333333334,503,89,33.53333333333333
17462.0,101,1,463.40999999999997,199.53,463.40999999999997,101,14,101.0
17463.0,50,4,1580.16,935.1,395.04,406,169,101.5
17464.0,339,2,526.58,289.96000000000004,263.29,436,26,218.0
17465.0,242,7,2533.64,0.0,361.9485714285714,553,102,79.0
17467.0,212,1,102.6,0.0,102.6,212,4,212.0
17468.0,192,1,57.8,137.0,57.8,192,3,192.0
17469.0,21,13,3425.44,1537.7,263.49538461538464,540,135,41.53846153846154
17470.0,34,9,2124.5099999999998,501.96000000000004,236.05666666666664,325,89,36.111111111111114
17471.0,291,1,321.65000000000003,0.0,321.65000000000003,291,19,291.0
17472.0,8,4,922.35,0.0,230.5875,445,183,111.25
17473.0,225,2,592.15,0.0,296.075,273,32,136.5
17474.0,416,1,1047.0,0.0,1047.0,416,6,416.0
17476.0,212,2,446.51,0.0,223.255,554,27,277.0
17477.0,429,2,1079.0,0.0,539.5,464,42,232.0
17478.0,225,2,1272.8,0.0,636.4,450,40,225.0
17479.0,449,1,389.26000000000005,0.0,389.26000000000005,449,18,449.0
17480.0,261,1,370.40999999999997,506.32,370.40999999999997,261,24,261.0
17482.0,304,2,775.64,0.0,387.82,395,50,197.5
17483.0,231,1,177.69,414.04,177.69,231,7,231.0
17484.0,393,2,209.57,0.0,104.785,441,14,220.5
17486.0,78,1,396.87,0.0,396.87,78,24,78.0
17487.0,545,1,160.55,0.0,160.55,545,8,545.0
17488.0,458,1,336.5,0.0,336.5,458,18,458.0
17489.0,29,1,208.56,168.07999999999998,208.56,29,16,29.0
17490.0,205,2,658.18,1937.19,329.09,386,37,193.0
17491.0,1,11,3419.66,2217.06,310.8781818181818,407,73,37.0
17492.0,65,3,1122.42,0.0,374.14000000000004,335,32,111.66666666666667
17493.0,202,1,100.91000000000001,0.0,100.91000000000001,202,8,202.0
17494.0,318,1,54.699999999999996,0.0,54.699999999999996,318,3,318.0
17495.0,207,1,261.51,497.56,261.51,207,20,207.0
17496.0,175,4,1399.39,0.0,349.8475,511,54,127.75
17497.0,207,2,287.25,0.0,143.625,427,7,213.5
17499.0,106,2,1296.84,0.0,648.42,378,64,189.0
17501.0,37,2,288.6,0.0,144.3,37,18,18.5
17504.0,23,17,9238.42,0.0,543.4364705882354,486,233,28.58823529411765
17505.0,22,4,1776.63,658.85,444.1575,422,65,105.5
17507.0,78,2,605.58,0.0,302.79,126,79,63.0
17508.0,97,8,4546.78,0.0,568.3475,549,199,68.625
17510.0,237,1,206.07999999999998,308.48,206.07999999999998,237,15,237.0
17511.0,23,44,115988.13,52739.93,2636.093863636364,554,501,12.590909090909092
17512.0,17,13,3809.7000000000003,1622.57,293.05384615384617,546,79,42.0
17513.0,225,2,645.6,513.2,322.8,296,12,148.0
17514.0,486,1,313.35,208.65,313.35,486,41,486.0
17515.0,23,8,1534.86,67.65,191.8575,367,90,45.875
17516.0,34,4,634.63,312.87,158.6575,195,115,48.75
17517.0,125,1,153.94,0.0,153.94,125,11,125.0
17518.0,242,2,329.42,0.0,164.71,438,71,219.0
17519.0,23,12,3880.8,888.4200000000001,323.40000000000003,555,124,46.25
17521.0,16,3,714.41,562.4,238.13666666666666,251,37,83.66666666666667
17522.0,23,2,248.42,817.73,124.21,35,11,17.5
17524.0,178,3,508.9,0.0,169.63333333333333,255,35,85.0
17525.0,176,3,1161.9,0.0,387.3,245,19,81.66666666666667
17526.0,107,11,3142.84,307.2,285.7127272727273,539,60,49.0
17527.0,35,1,251.55,637.3100000000001,251.55,35,6,35.0
17529.0,427,2,1240.25,0.0,620.125,514,78,257.0
17530.0,23,8,1784.29,1001.86,223.03625,550,270,68.75
17531.0,7,3,1229.32,0.0,409.7733333333333,435,53,145.0
17532.0,202,1,65.34,0.0,65.34,202,4,202.0
17533.0,251,1,34.8,0.0,34.8,251,1,251.0
17534.0,268,4,1445.47,223.36,361.3675,469,69,117.25
17535.0,97,1,164.4,0.0,164.4,97,13,97.0
17536.0,237,2,288.33,76.5,144.165,499,13,249.5
17537.0,120,1,620.75,266.92,620.75,120,60,120.0
17539.0,445,3,1122.34,0.0,374.1133333333333,543,131,181.0
17540.0,133,5,1280.5,301.6,256.1,416,35,83.2
17541.0,326,1,119.86,0.0,119.86,326,31,326.0
17542.0,86,3,340.85,0.0,113.61666666666667,458,57,152.66666666666666
17543.0,366,1,120.05,0.0,120.05,366,13,366.0
17544.0,207,3,944.82,0.0,314.94,207,80,69.0
17545.0,207,3,767.54,642.32,255.84666666666666,394,112,131.33333333333334
17547.0,192,2,692.35,0.0,346.175,482,21,241.0
17548.0,200,2,486.48,0.0,243.24,213,16,106.5
17550.0,14,9,2165.54,0.0,240.61555555555555,487,250,54.111111111111114
17551.0,176,1,290.34,0.0,290.34,176,39,176.0
17552.0,189,10,2127.4,631.89,212.74,444,64,44.4
17553.0,289,3,2270.0,1487.6,756.6666666666666,427,2,142.33333333333334
17555.0,151,4,760.88,284.86,190.22,403,174,100.75
17556.0,22,2,300.67,0.0,150.335,196,13,98.0
17557.0,549,1,34.0,541.46,34.0,549,1,549.0
17558.0,210,1,259.17,0.0,259.17,210,28,210.0
17559.0,329,1,167.62,0.0,167.62,329,12,329.0
17560.0,21,6,1526.9,368.90000000000003,254.48333333333335,477,33,79.5
17561.0,207,3,537.9,165.12,179.29999999999998,550,129,183.33333333333334
17563.0,395,2,318.73,0.0,159.365,428,25,214.0
17565.0,403,1,131.83,0.0,131.83,403,30,403.0
17567.0,50,5,2310.57,2262.2,462.11400000000003,258,99,51.6
17568.0,450,1,374.45,0.0,374.45,450,61,450.0
17569.0,149,1,344.14,0.0,344.14,149,29,149.0
17571.0,94,3,563.54,1066.12,187.84666666666666,359,95,119.66666666666667
17572.0,55,8,577.6600000000001,74.55,72.20750000000001,541,14,67.625
17574.0,59,1,185.65,0.0,185.65,59,8,59.0
17575.0,484,1,171.7,0.0,171.7,484,5,484.0
17576.0,31,31,6493.2,2065.5,209.458064516129,553,304,17.838709677419356
17577.0,462,2,348.75,0.0,174.375,485,20,242.5
17578.0,35,7,1003.73,0.0,143.39000000000001,346,56,49.42857142857143
17579.0,395,1,304.38,440.2,304.38,395,43,395.0
17580.0,69,5,538.07,0.0,107.614,239,77,47.8
17581.0,30,27,10035.54,7536.75,371.6866666666667,553,291,20.48148148148148
17582.0,53,5,1429.95,0.0,285.99,440,92,88.0
17583.0,377,1,135.95,0.0,135.95,377,7,377.0
17584.0,284,4,4067.12,1227.3,1016.78,500,73,125.0
17585.0,80,5,1469.56,595.15,293.912,295,206,59.0
17586.0,436,1,167.4,0.0,167.4,436,8,436.0
17587.0,445,1,173.76,0.0,173.76,445,41,445.0
17588.0,49,5,2070.05,843.0,414.01000000000005,454,30,90.8
17589.0,4,16,12469.72,1191.5,779.3575,459,549,28.6875
17591.0,20,6,1751.97,576.4,291.995,508,93,84.66666666666667
17592.0,555,1,148.3,0.0,148.3,555,13,555.0
17593.0,169,7,4796.9400000000005,3245.1800000000003,685.277142857143,552,163,78.85714285714286
17594.0,71,3,1819.7,678.18,606.5666666666667,421,52,140.33333333333334
17596.0,8,9,2971.98,1519.48,330.22,541,206,60.111111111111114
17597.0,30,5,3442.63,0.0,688.5260000000001,400,108,80.0
17598.0,198,1,409.98,0.0,409.98,198,10,198.0
17599.0,294,1,44.55,0.0,44.55,294,3,294.0
17601.0,56,2,412.65999999999997,0.0,206.32999999999998,197,68,98.5
17602.0,141,9,3005.56,4235.17,333.9511111111111,436,268,48.44444444444444
17603.0,434,3,1387.0600000000002,390.97,462.3533333333334,546,92,182.0
17604.0,34,6,942.38,0.0,157.06333333333333,498,142,83.0
17605.0,407,1,160.75,0.0,160.75,407,13,407.0
17606.0,554,1,87.30000000000001,0.0,87.30000000000001,554,6,554.0
17607.0,193,1,333.81,0.0,333.81,193,22,193.0
17608.0,266,2,296.07,191.99,148.035,424,90,212.0
17609.0,119,8,1172.28,569.53,146.535,426,228,53.25
17610.0,357,5,1473.24,0.0,294.648,550,114,110.0
17611.0,18,19,6320.15,1931.03,332.6394736842105,555,635,29.210526315789473
17612.0,31,14,3813.33,1367.7,272.3807142857143,539,155,38.5
17613.0,11,7,2487.63,2007.14,355.3757142857143,122,163,17.428571428571427
17615.0,20,5,657.0,57.3,131.4,302,44,60.4
17616.0,71,3,571.1999999999999,163.2,190.39999999999998,268,1,89.33333333333333
17617.0,375,1,385.19,0.0,385.19,375,18,375.0
17618.0,65,10,3671.54,304.8,367.154,501,196,50.1
17619.0,129,1,214.37,0.0,214.37,129,71,129.0
17621.0,129,5,2551.2,478.12,510.23999999999995,248,51,49.6
17622.0,414,2,1125.17,0.0,562.585,415,19,207.5
17623.0,226,6,1838.72,527.0500000000001,306.4533333333333,542,108,90.33333333333333
17624.0,35,3,1125.45,443.18,375.15000000000003,536,71,178.66666666666666
17625.0,74,5,4500.53,1478.3700000000001,900.106,541,343,108.2
17626.0,419,1,254.0,0.0,254.0,419,18,419.0
17627.0,295,1,296.36,0.0,296.36,295,10,295.0
17629.0,31,5,1217.59,1207.93,243.51799999999997,238,78,47.6
17630.0,49,1,335.5,168.1,335.5,49,19,49.0
17631.0,49,5,772.71,225.78,154.542,547,49,109.4
17633.0,196,3,665.05,1309.84,221.6833333333333,206,28,68.66666666666667
17634.0,29,5,1811.29,547.3,362.258,154,131,30.8
17635.0,241,3,1256.83,0.0,418.9433333333333,407,60,135.66666666666666
17638.0,464,2,842.4,0.0,421.2,538,2,269.0
17639.0,93,6,615.17,0.0,102.52833333333332,300,59,50.0
17640.0,196,5,2485.93,621.66,497.186,443,46,88.6
17642.0,246,3,1112.2,712.29,370.73333333333335,551,58,183.66666666666666
17643.0,190,2,439.7,0.0,219.85,322,30,161.0
17644.0,20,12,3957.44,1938.32,329.7866666666667,478,114,39.833333333333336
17646.0,36,12,3848.64,0.0,320.71999999999997,540,123,45.0
17647.0,486,2,198.6,133.06,99.3,486,5,243.0
17648.0,9,4,1518.31,690.11,379.5775,202,96,50.5
17649.0,286,2,680.7,861.74,340.35,289,44,144.5
17651.0,315,6,1745.92,3888.17,290.9866666666667,343,83,57.166666666666664
17652.0,7,3,1439.26,3297.8700000000003,479.75333333333333,98,64,32.666666666666664
17654.0,94,1,117.55,0.0,117.55,94,22,94.0
17655.0,27,6,1872.94,1036.24,312.1566666666667,233,57,38.833333333333336
17657.0,247,1,126.0,0.0,126.0,247,7,247.0
17658.0,28,1,317.59999999999997,168.28,317.59999999999997,28,9,28.0
17659.0,1,7,1679.0,1857.33,239.85714285714286,203,72,29.0
17660.0,554,1,163.47,178.75,163.47,554,42,554.0
17662.0,478,2,412.92,0.0,206.46,539,14,269.5
17663.0,15,13,4090.63,1005.4100000000001,314.6638461538462,462,124,35.53846153846154
17664.0,29,3,887.78,278.45,295.9266666666667,437,51,145.66666666666666
17665.0,310,1,563.1,0.0,563.1,310,19,310.0
17666.0,294,3,1319.6399999999999,728.16,439.87999999999994,344,17,114.66666666666667
17667.0,28,7,3211.96,698.84,458.8514285714286,471,135,67.28571428571429
17669.0,27,6,4346.63,1795.72,724.4383333333334,434,70,72.33333333333333
17670.0,44,1,205.7,0.0,205.7,44,11,44.0
17671.0,28,3,1120.63,601.9,373.54333333333335,192,39,64.0
17672.0,126,5,3637.9100000000003,1954.28,727.5820000000001,458,127,91.6
17673.0,3,10,3612.0099999999998,554.97,361.20099999999996,447,183,44.7
17674.0,185,1,300.66,250.38,300.66,185,11,185.0
17675.0,4,52,24675.21,12482.29,474.5232692307692,546,215,10.5
17676.0,183,5,1339.25,1070.48,267.85,436,55,87.2
17677.0,29,34,24351.31,10053.15,716.215,540,274,15.882352941176471
17678.0,80,2,579.81,0.0,289.905,420,27,210.0
17679.0,338,4,1174.45,1992.1100000000001,293.6125,553,22,138.25
17680.0,200,2,278.1,184.4,139.05,328,9,164.0
17681.0,414,5,731.2,0.0,146.24,510,12,102.0
17682.0,9,8,2683.36,1366.92,335.42,458,73,57.25
17683.0,202,3,819.01,0.0,273.00333333333333,371,41,123.66666666666667
17685.0,83,10,3796.84,1643.1100000000001,379.684,483,80,48.3
17686.0,17,6,5594.1,2702.71,932.35,350,209,58.333333333333336
17687.0,237,1,432.68,0.0,432.68,237,26,237.0
17688.0,210,1,286.5,0.0,286.5,210,18,210.0
17689.0,205,2,317.08,0.0,158.54,291,17,145.5
17690.0,3,15,5269.78,1684.52,351.3186666666667,491,192,32.733333333333334
17691.0,175,4,627.35,0.0,156.8375,363,36,90.75
17692.0,43,11,2829.56,117.47999999999999,257.2327272727273,357,87,32.45454545454545
17694.0,328,2,1412.85,283.12,706.425,379,45,189.5
17695.0,211,3,951.0,765.34,317.0,497,20,165.66666666666666
17696.0,2,23,6010.3,1393.06,261.31739130434784,546,159,23.73913043478261
17697.0,53,1,338.95,0.0,338.95,53,19,53.0
17698.0,77,1,154.95,0.0,154.95,77,8,77.0
17699.0,293,2,442.0,0.0,221.0,378,17,189.0
17700.0,30,12,5231.65,1409.07,435.9708333333333,555,211,46.25
17701.0,69,1,417.95,0.0,417.95,69,24,69.0
17702.0,23,3,1615.37,1384.57,538.4566666666666,217,92,72.33333333333333
17703.0,235,1,296.1,798.74,296.1,235,23,235.0
17704.0,56,1,387.29,497.90000000000003,387.29,56,16,56.0
17705.0,32,5,617.68,1423.82,123.53599999999999,393,37,78.6
17706.0,4,19,10683.43,8892.29,562.2857894736842,506,301,26.63157894736842
17707.0,2,8,609.3000000000001,0.0,76.16250000000001,549,9,68.625
17708.0,4,4,884.1800000000001,0.0,221.04500000000002,240,57,60.0
17709.0,287,4,533.56,137.45,133.39,420,31,105.0
17710.0,240,1,293.5,0.0,293.5,240,20,240.0
17711.0,106,1,220.53000000000003,164.57,220.53000000000003,106,13,106.0
17713.0,199,4,1198.09,0.0,299.5225,365,55,91.25
17714.0,137,5,1375.78,0.0,275.156,330,68,66.0
17715.0,17,2,489.59999999999997,0.0,244.79999999999998,409,1,204.5
17716.0,66,15,11617.15,4099.17,774.4766666666667,554,261,36.93333333333333
17717.0,238,1,376.92,0.0,376.92,238,26,238.0
17718.0,49,2,386.98,0.0,193.49,461,21,230.5
17719.0,7,5,1966.72,3401.08,393.344,72,66,14.4
17720.0,42,8,1949.5,663.56,243.6875,395,68,49.375
17721.0,476,1,307.21000000000004,0.0,307.21000000000004,476,11,476.0
17722.0,6,4,3153.66,323.16,788.415,192,143,48.0
17723.0,8,4,1263.8000000000002,2114.6000000000004,315.95000000000005,192,6,48.0
17725.0,9,4,1216.63,2154.5,304.1575,84,52,21.0
17726.0,212,7,1089.56,0.0,155.65142857142857,499,52,71.28571428571429
17728.0,221,2,1345.45,2860.71,672.725,270,79,135.0
17729.0,413,1,438.65000000000003,0.0,438.65000000000003,413,23,413.0
17730.0,2,12,4500.47,3263.6800000000003,375.0391666666667,406,121,33.833333333333336
17731.0,438,2,468.88,878.2,234.44,485,30,242.5
17732.0,189,8,2144.17,0.0,268.02125,304,90,38.0
17733.0,78,1,216.95000000000002,475.24,216.95000000000002,78,12,78.0
17734.0,50,4,854.67,587.65,213.6675,459,49,114.75
17735.0,4,17,9722.72,6988.86,571.9247058823529,314,305,18.470588235294116
17738.0,99,10,3061.93,1083.43,306.193,447,138,44.7
17739.0,13,14,5997.75,1720.58,428.4107142857143,549,47,39.214285714285715
17740.0,206,6,426.9,0.0,71.14999999999999,514,5,85.66666666666667
17741.0,223,2,101.1,0.0,50.55,377,6,188.5
17742.0,149,10,2045.94,52.54,204.594,555,52,55.5
17743.0,265,1,208.85000000000002,0.0,208.85000000000002,265,3,265.0
17744.0,67,5,1615.7,1033.44,323.14,197,63,39.4
17745.0,294,2,600.34,0.0,300.17,372,27,186.0
17746.0,57,4,873.4300000000001,0.0,218.35750000000002,427,31,106.75
17748.0,344,1,358.15,0.0,358.15,344,17,344.0
17749.0,73,2,720.67,305.51,360.335,363,41,181.5
17751.0,238,1,157.85999999999999,0.0,157.85999999999999,238,31,238.0
17752.0,176,1,80.64,0.0,80.64,176,1,176.0
17753.0,281,4,380.81,0.0,95.2025,519,63,129.75
17754.0,77,9,2973.36,1400.41,330.37333333333333,545,137,60.55555555555556
17756.0,192,3,728.75,0.0,242.91666666666666,211,54,70.33333333333333
17757.0,8,41,5846.64,3143.85,142.60097560975612,512,288,12.487804878048781
17758.0,25,7,2607.71,2356.32,372.53000000000003,385,230,55.0
17759.0,210,2,441.92,818.71,220.96,400,41,200.0
17760.0,190,5,624.09,115.05,124.81800000000001,466,44,93.2
17762.0,273,1,129.75,0.0,129.75,273,16,273.0
17763.0,80,4,51.15,0.0,12.7875,476,7,119.0
17764.0,28,4,971.69,541.88,242.9225,553,76,138.25
17765.0,27,3,414.67,109.33,138.22333333333333,265,60,88.33333333333333
17766.0,198,2,299.61,0.0,149.805,198,21,99.0
17767.0,227,1,141.85,271.2,141.85,227,18,227.0
17768.0,204,4,1205.88,2081.9,301.47,554,69,138.5
17769.0,95,9,3908.8,3043.32,434.31111111111113,506,240,56.22222222222222
17770.0,15,5,1143.27,0.0,228.654,99,33,19.8
17771.0,140,3,257.4,129.53,85.8,406,36,135.33333333333334
17772.0,209,1,187.3,173.45,187.3,209,45,209.0
17773.0,331,2,575.37,0.0,287.685,507,48,253.5
17774.0,66,7,2640.65,618.74,377.2357142857143,486,239,69.42857142857143
17775.0,71,1,56.4,0.0,56.4,71,3,71.0
17776.0,203,2,322.55,0.0,161.275,540,72,270.0
17778.0,478,1,197.70000000000002,0.0,197.70000000000002,478,10,478.0
17780.0,484,3,346.56,0.0,115.52,501,76,167.0
17781.0,70,1,102.0,86.02,102.0,70,2,70.0
17782.0,199,2,679.02,0.0,339.51,199,29,99.5
17783.0,64,2,205.9,171.06,102.95,329,54,164.5
17784.0,367,1,112.86,0.0,112.86,367,19,367.0
17785.0,262,2,271.44,131.94,135.72,382,38,191.0
17786.0,134,1,103.35,163.5,103.35,134,24,134.0
17787.0,121,3,1668.52,149.02,556.1733333333333,188,87,62.666666666666664
17789.0,98,2,397.15,0.0,198.575,478,27,239.0
17790.0,15,15,1712.1200000000001,1067.29,114.14133333333334,361,120,24.066666666666666
17792.0,284,2,368.35,0.0,184.175,295,45,147.5
17794.0,503,2,147.3,0.0,73.65,505,7,252.5
17795.0,81,1,155.69,187.14000000000001,155.69,81,15,81.0
17796.0,130,6,1160.49,75.9,193.415,238,147,39.666666666666664
17797.0,212,5,1191.44,780.43,238.288,541,131,108.2
17798.0,398,1,172.17,0.0,172.17,398,42,398.0
17799.0,59,16,4469.84,1651.94,279.365,543,395,33.9375
17800.0,34,3,354.85,831.36,118.28333333333335,151,18,50.333333333333336
17801.0,268,3,770.03,0.0,256.6766666666667,508,66,169.33333333333334
17802.0,189,8,3650.13,1184.84,456.26625,543,244,67.875
17803.0,209,1,184.66,0.0,184.66,209,27,209.0
17804.0,193,3,383.78000000000003,0.0,127.92666666666668,555,82,185.0
17805.0,427,1,414.72,512.31,414.72,427,1,427.0
17807.0,212,3,437.87,0.0,145.95666666666668,521,88,173.66666666666666
17808.0,365,4,262.64,0.0,65.66,398,29,99.5
17809.0,34,14,7319.2300000000005,2701.96,522.8021428571429,554,32,39.57142857142857
17810.0,485,2,343.21,0.0,171.605,500,50,250.0
17811.0,4,26,5727.34,3624.62,220.2823076923077,262,431,10.076923076923077
17812.0,185,4,405.48,506.51,101.37,347,79,86.75
17814.0,192,2,1609.37,0.0,804.685,239,112,119.5
17815.0,210,1,591.96,0.0,591.96,210,13,210.0
17816.0,86,4,80.86,15.25,20.215,541,36,135.25
17817.0,94,5,663.47,117.97999999999999,132.69400000000002,239,95,47.8
17818.0,554,1,124.78,0.0,124.78,554,42,554.0
17819.0,11,10,5141.4,835.8499999999999,514.14,543,65,54.3
17820.0,191,1,180.60999999999999,0.0,180.60999999999999,191,39,191.0
17821.0,223,1,334.62,0.0,334.62,223,6,223.0
17822.0,237,5,2154.08,0.0,430.816,377,151,75.4
17823.0,238,2,449.25,0.0,224.625,238,88,119.0
17825.0,415,4,701.96,0.0,175.49,542,24,135.5
17826.0,191,1,133.34,0.0,133.34,191,33,191.0
17827.0,59,5,1962.56,406.86,392.512,438,190,87.6
17828.0,1,1,660.41,424.51,660.41,1,43,1.0
17829.0,115,5,4680.42,0.0,936.0840000000001,472,121,94.4
17830.0,78,2,287.65000000000003,111.05,143.82500000000002,105,15,52.5
17833.0,540,1,338.46000000000004,0.0,338.46000000000004,540,28,540.0
17834.0,231,2,689.6700000000001,0.0,344.83500000000004,262,54,131.0
17838.0,109,11,4522.09,612.4,411.09909090909093,447,109,40.63636363636363
17840.0,260,1,175.9,0.0,175.9,260,44,260.0
17841.0,1,136,39495.56,27808.78,290.4085294117647,554,1773,4.073529411764706
17842.0,419,1,430.69,0.0,430.69,419,18,419.0
17843.0,120,2,312.65,0.0,156.325,228,57,114.0
17845.0,372,4,596.09,0.0,149.0225,393,42,98.25
17847.0,332,2,125.74000000000001,0.0,62.870000000000005,462,8,231.0
17848.0,66,25,3025.63,512.8299999999999,121.0252,550,90,22.0
17849.0,35,8,1063.76,0.0,132.97,452,24,56.5
17850.0,189,155,50659.85,0.0,326.83774193548385,551,100,3.554838709677419
17851.0,239,6,1552.35,0.0,258.72499999999997,553,185,92.16666666666667
17852.0,205,3,543.47,114.34,181.15666666666667,548,62,182.66666666666666
17853.0,224,3,1596.29,0.0,532.0966666666667,553,84,184.33333333333334
17854.0,2,6,1068.5,0.0,178.08333333333334,548,113,91.33333333333333
17855.0,189,1,208.97,0.0,208.97,189,17,189.0
17856.0,50,3,1118.39,275.4,372.7966666666667,98,6,32.666666666666664
17857.0,23,8,9132.54,16517.7,1141.5675,458,12,57.25
17858.0,78,24,9922.79,2535.86,413.44958333333335,550,106,22.916666666666668
17859.0,121,1,141.92000000000002,0.0,141.92000000000002,121,23,121.0
17860.0,185,4,717.39,0.0,179.3475,545,127,136.25
17861.0,70,12,3434.39,1598.3,286.19916666666666,546,223,45.5
17862.0,140,4,1254.89,0.0,313.7225,380,90,95.0
17863.0,71,9,3572.38,1788.1,396.93111111111114,469,100,52.111111111111114
17864.0,92,3,522.57,354.0,174.19000000000003,244,57,81.33333333333333
17865.0,21,33,19462.81,6119.76,589.7821212121213,555,326,16.818181818181817
17866.0,301,2,805.3000000000001,325.7,402.65000000000003,542,15,271.0
17867.0,20,10,333.3,553.82,33.33,554,42,55.4
17868.0,203,1,227.15,0.0,227.15,203,18,203.0
17869.0,32,5,696.42,117.22,139.284,364,65,72.8
17870.0,183,2,1213.8,1534.54,606.9,198,2,99.0
17871.0,21,5,1068.95,0.0,213.79000000000002,510,64,102.0
17872.0,198,1,235.87,0.0,235.87,198,15,198.0
17873.0,1,16,5577.59,272.04,348.599375,540,63,33.75
17874.0,2,6,658.26,0.0,109.71,72,36,12.0
17875.0,505,1,167.1,0.0,167.1,505,25,505.0
17876.0,216,3,3424.02,0.0,1141.34,492,3,164.0
17878.0,212,2,999.48,379.45,499.74,212,56,106.0
17880.0,181,3,824.9200000000001,0.0,274.97333333333336,547,43,182.33333333333334
17881.0,121,1,133.35000000000002,0.0,133.35000000000002,121,8,121.0
17882.0,196,2,291.56,0.0,145.78,196,47,98.0
17883.0,63,4,427.53,544.99,106.8825,469,46,117.25
17884.0,128,19,2569.69,104.53,135.24684210526317,552,285,29.05263157894737
17886.0,27,5,1080.98,491.57,216.196,406,91,81.2
17888.0,29,16,965.3100000000001,347.0,60.331875000000004,535,82,33.4375
17889.0,29,7,746.42,0.0,106.63142857142857,435,97,62.142857142857146
17890.0,139,2,586.89,0.0,293.445,178,88,89.0
17893.0,42,1,107.21,0.0,107.21,42,15,42.0
17894.0,102,16,2006.48,251.96,125.405,286,183,17.875
17897.0,184,8,1896.4,131.14,237.05,393,174,49.125
17898.0,24,3,246.96,52.22,82.32000000000001,384,41,128.0
17900.0,7,1,15.0,0.0,15.0,7,1,7.0
17901.0,338,2,149.7,110.38,74.85,338,3,169.0
17902.0,363,1,216.39999999999998,0.0,216.39999999999998,363,24,363.0
17903.0,211,1,381.09000000000003,0.0,381.09000000000003,211,44,211.0
17905.0,169,11,1752.98,406.09000000000003,159.3618181818182,497,121,45.18181818181818
17906.0,64,1,72.9,0.0,72.9,64,12,64.0
17907.0,457,1,291.76,0.0,291.76,457,13,457.0
17908.0,190,5,1088.82,0.0,217.76399999999998,542,178,108.4
17909.0,554,1,110.05,0.0,110.05,554,8,554.0
17910.0,543,1,261.7,0.0,261.7,543,25,543.0
17912.0,127,6,356.2,0.0,59.36666666666667,192,46,32.0
17913.0,172,13,3234.4900000000002,190.6,248.80692307692308,553,212,42.53846153846154
17915.0,368,1,225.78,0.0,225.78,368,27,368.0
17916.0,445,2,43.87,0.0,21.935,550,15,275.0
17917.0,73,2,226.71,108.32,113.355,179,57,89.5
17918.0,317,3,388.44,0.0,129.48,322,33,107.33333333333333
17919.0,255,1,536.28,1304.04,536.28,255,17,255.0
17920.0,17,42,20956.920000000002,2606.86,498.97428571428577,550,477,13.095238095238095
17921.0,83,7,1812.05,542.16,258.8642857142857,329,170,47.0
17922.0,360,1,170.4,0.0,170.4,360,8,360.0
17923.0,99,3,497.0,0.0,165.66666666666666,361,2,120.33333333333333
17924.0,118,3,752.5500000000001,2440.44,250.85000000000002,231,3,77.0
17925.0,189,1,244.08,0.0,244.08,189,1,189.0
17926.0,20,4,849.9300000000001,185.56,212.48250000000002,396,21,99.0
17927.0,538,1,294.0,0.0,294.0,538,10,538.0
17928.0,63,2,206.96,106.2,103.48,388,21,194.0
17929.0,71,10,2674.1,399.5,267.40999999999997,547,5,54.7
17930.0,56,9,2893.04,1349.8799999999999,321.44888888888886,462,25,51.333333333333336
17931.0,72,12,3161.2,111.16000000000001,263.43333333333334,478,263,39.833333333333336
17932.0,28,1,589.01,742.56,589.01,28,42,28.0
17933.0,449,1,105.99,0.0,105.99,449,11,449.0
17934.0,223,1,344.90000000000003,704.25,344.90000000000003,223,20,223.0
17935.0,217,5,509.75,142.89,101.95,552,31,110.4
17937.0,74,4,3327.48,973.74,831.87,179,19,44.75
17938.0,237,1,144.29,0.0,144.29,237,29,237.0
17940.0,35,9,27745.08,644.5,3082.786666666667,553,9,61.44444444444444
17941.0,407,3,1128.72,304.56,376.24,519,3,173.0
17944.0,240,1,74.99,0.0,74.99,240,24,240.0
17945.0,513,3,359.5,0.0,119.83333333333333,513,65,171.0
17946.0,50,2,149.57999999999998,0.0,74.78999999999999,76,18,38.0
17949.0,6,79,56473.619999999995,42583.74,714.8559493670886,554,35,7.012658227848101
17950.0,182,6,937.18,219.03,156.19666666666666,521,109,86.83333333333333
17951.0,175,3,723.84,599.0400000000001,241.28,221,15,73.66666666666667
17952.0,195,4,788.46,0.0,197.115,358,85,89.5
17953.0,357,1,148.67000000000002,0.0,148.67000000000002,357,19,357.0
17954.0,1,15,2912.04,797.69,194.136,547,383,36.46666666666667
17955.0,15,6,949.9,0.0,158.31666666666666,482,16,80.33333333333333
17956.0,66,1,12.75,0.0,12.75,66,1,66.0
17958.0,545,1,465.42,508.4599999999999,465.42,545,29,545.0
17959.0,409,1,140.75,0.0,140.75,409,2,409.0
17960.0,339,2,61.300000000000004,73.78,30.650000000000002,458,11,229.0
17961.0,13,79,2428.24,422.05,30.737215189873414,555,431,7.025316455696203
17962.0,366,3,549.1,102.41,183.03333333333333,512,124,170.66666666666666
17963.0,288,4,643.16,0.0,160.79,506,98,126.5
17964.0,189,1,261.76,201.45,261.76,189,35,189.0
17965.0,69,21,5612.99,1275.41,267.28523809523807,542,471,25.80952380952381
17966.0,1,7,1148.99,814.93,164.14142857142858,507,39,72.42857142857143
17967.0,188,2,223.42,0.0,111.71,233,59,116.5
17968.0,190,4,590.4399999999999,0.0,147.60999999999999,329,106,82.25
17969.0,178,19,2138.89,103.0,112.57315789473684,550,105,28.94736842105263
17970.0,28,1,562.79,0.0,562.79,28,27,28.0
17971.0,365,1,161.94,0.0,161.94,365,21,365.0
17972.0,58,1,135.19,0.0,135.19,58,30,58.0
17974.0,36,4,1199.17,539.92,299.7925,224,177,56.0
17975.0,9,18,4888.79,1703.09,271.59944444444443,307,153,17.055555555555557
17976.0,189,1,321.79,0.0,321.79,189,56,189.0
17977.0,217,1,1165.41,288.14,1165.41,217,81,217.0
17978.0,182,4,1159.99,0.0,289.9975,548,62,137.0
17979.0,76,2,211.77,497.34,105.885,76,52,38.0
17980.0,21,3,764.02,248.7,254.67333333333332,210,40,70.0
17981.0,227,1,239.12,0.0,239.12,227,17,227.0
17982.0,497,1,138.18,0.0,138.18,497,13,497.0
17983.0,212,1,171.71,0.0,171.71,212,23,212.0
17984.0,209,4,996.01,152.68,249.0025,555,164,138.75
17987.0,2,5,889.92,0.0,177.98399999999998,367,136,73.4
17988.0,143,7,349.56,126.17999999999999,49.93714285714286,549,91,78.42857142857143
17989.0,196,1,207.32999999999998,0.0,207.32999999999998,196,26,196.0
17990.0,53,6,1522.5700000000002,0.0,253.76166666666668,549,40,91.5
17991.0,42,3,298.65,0.0,99.55,408,36,136.0
17992.0,206,1,252.88,0.0,252.88,206,49,206.0
17993.0,434,1,225.99,0.0,225.99,434,60,434.0
17994.0,6,10,2117.87,95.71000000000001,211.78699999999998,437,223,43.7
17995.0,98,3,495.48,0.0,165.16,204,28,68.0
17996.0,196,3,469.73,0.0,156.57666666666668,363,62,121.0
17998.0,197,3,601.74,0.0,200.58,555,57,185.0
17999.0,183,2,338.41,190.05,169.205,195,77,97.5
18000.0,381,1,124.25,0.0,124.25,381,6,381.0
18001.0,266,4,509.01,415.13,127.2525,554,69,138.5
18002.0,192,4,237.62,0.0,59.405,548,51,137.0
18003.0,193,1,353.51,0.0,353.51,193,23,193.0
18004.0,179,1,157.92,0.0,157.92,179,32,179.0
18006.0,198,3,524.83,444.68,174.94333333333336,539,36,179.66666666666666
18007.0,209,1,215.22,0.0,215.22,209,46,209.0
18008.0,20,21,19708.3,50.78,938.4904761904761,519,75,24.714285714285715
18009.0,52,8,2073.98,0.0,259.2475,469,144,58.625
18010.0,73,1,174.8,0.0,174.8,73,14,73.0
18011.0,190,2,410.79,0.0,205.395,384,63,192.0
18012.0,540,1,115.3,0.0,115.3,540,13,540.0
18016.0,3,5,959.76,994.8,191.952,498,79,99.6
18017.0,127,2,330.0,358.0,165.0,248,1,124.0
18018.0,16,2,72.0,84.69,36.0,216,13,108.0
18020.0,360,1,129.28,0.0,129.28,360,11,360.0
18021.0,326,2,216.41,0.0,108.205,329,32,164.5
18022.0,202,4,893.9,612.72,223.475,363,202,90.75
18025.0,196,6,1177.72,0.0,196.28666666666666,436,83,72.66666666666667
18026.0,317,2,2074.07,0.0,1037.035,322,12,161.0
18028.0,400,1,192.05,0.0,192.05,400,4,400.0
18029.0,459,1,433.77,0.0,433.77,459,18,459.0
18031.0,195,1,451.3,0.0,451.3,195,49,195.0
18032.0,151,1,73.5,0.0,73.5,151,5,151.0
18034.0,192,1,334.67,418.68,334.67,192,96,192.0
18035.0,202,2,546.34,713.89,273.17,202,8,101.0
18036.0,62,9,1252.32,293.17,139.14666666666665,538,199,59.77777777777778
18037.0,42,14,158.22,9.2,11.301428571428572,555,30,39.642857142857146
18038.0,373,1,141.48,0.0,141.48,373,25,373.0
18039.0,191,4,548.22,0.0,137.055,457,137,114.25
18040.0,62,1,239.0,118.2,239.0,62,12,62.0
18041.0,30,30,6450.76,1545.76,215.02533333333335,511,343,17.033333333333335
18042.0,358,1,116.1,165.04999999999998,116.1,358,9,358.0
18043.0,23,2,421.59,107.7,210.795,183,87,91.5
18044.0,15,14,2300.22,1202.44,164.30142857142854,377,103,26.928571428571427
18046.0,466,1,189.63,0.0,189.63,466,26,466.0
18047.0,198,2,326.09,0.0,163.045,198,74,99.0
18048.0,20,3,394.93,0.0,131.64333333333335,310,56,103.33333333333333
18049.0,254,2,500.5,0.0,250.25,407,81,203.5
18050.0,176,2,412.06,0.0,206.03,210,22,105.0
18051.0,451,7,2276.7400000000002,0.0,325.24857142857144,547,41,78.14285714285714
18052.0,381,1,10877.18,0.0,10877.18,381,16,381.0
18053.0,342,2,256.2,297.07,128.1,344,11,172.0
18054.0,209,1,176.5,0.0,176.5,209,11,209.0
18055.0,20,10,6711.78,3398.81,671.178,230,226,23.0
18056.0,105,2,539.75,0.0,269.875,435,27,217.5
18057.0,210,3,1168.14,0.0,389.38000000000005,507,120,169.0
18058.0,358,2,603.9,170.16,301.95,484,11,242.0
18060.0,225,2,1185.46,0.0,592.73,381,74,190.5
18061.0,23,23,5146.52,928.79,223.7617391304348,552,26,24.0
18062.0,37,5,1288.77,234.6,257.754,414,41,82.8
18063.0,207,2,186.60000000000002,0.0,93.30000000000001,450,2,225.0
18064.0,52,10,4021.98,406.0,402.198,493,48,49.3
18065.0,36,20,4571.78,1245.1,228.589,547,154,27.35
18066.0,203,2,1122.4,318.0,561.2,232,35,116.0
18068.0,106,1,101.69999999999999,0.0,101.69999999999999,106,1,106.0
18069.0,52,8,3108.84,1325.33,388.605,466,464,58.25
18070.0,486,1,314.1,0.0,314.1,486,9,486.0
18071.0,74,6,1169.68,0.0,194.9466666666667,551,52,91.83333333333333
18072.0,2,1,20.04,0.0,20.04,2,3,2.0
18073.0,2,3,504.24,3342.5,168.08,14,6,4.666666666666667
18074.0,190,2,1019.44,0.0,509.72,322,37,161.0
18075.0,21,16,4260.37,1322.75,266.273125,315,137,19.6875
18076.0,197,1,151.49,0.0,151.49,197,8,197.0
18077.0,43,11,2373.7599999999998,1705.03,215.79636363636362,549,95,49.90909090909091
18078.0,34,4,725.53,0.0,181.3825,445,65,111.25
18079.0,55,2,2203.61,2000.32,1101.805,308,38,154.0
18080.0,59,1,841.4999999999999,390.0,841.4999999999999,59,1,59.0
18083.0,214,1,463.53,0.0,463.53,214,36,214.0
18084.0,200,1,88.5,90.47999999999999,88.5,200,4,200.0
18085.0,147,4,1341.8500000000001,0.0,335.46250000000003,445,42,111.25
18086.0,91,1,101.34,0.0,101.34,91,7,91.0
18087.0,107,15,13563.619999999999,0.0,904.2413333333333,555,40,37.0
18089.0,263,1,428.45,0.0,428.45,263,9,263.0
18090.0,238,1,321.9,0.0,321.9,238,47,238.0
18091.0,410,1,360.85,0.0,360.85,410,25,410.0
18092.0,1,14,10291.75,4395.72,735.125,552,33,39.42857142857143
18093.0,114,6,3440.61,989.0,573.4350000000001,435,36,72.5
18094.0,35,9,5129.99,1240.1000000000001,569.9988888888888,518,46,57.55555555555556
18095.0,129,5,2303.09,0.0,460.61800000000005,416,37,83.2
18096.0,259,3,789.1,849.06,263.03333333333336,330,153,110.0
18097.0,22,8,3410.03,1205.8400000000001,426.25375,539,77,67.375
18098.0,213,1,527.94,0.0,527.94,213,85,213.0
18100.0,367,1,451.56,0.0,451.56,367,30,367.0
18101.0,191,3,399.61,222.4,133.20333333333335,491,62,163.66666666666666
18102.0,2,101,394392.97,184015.67,3904.8808910891084,555,308,5.4950495049504955
18103.0,366,1,105.8,0.0,105.8,366,10,366.0
18106.0,146,6,1441.06,0.0,240.17666666666665,510,126,85.0
18107.0,259,1,165.88,0.0,165.88,259,38,259.0
18108.0,71,3,842.46,0.0,280.82,554,43,184.66666666666666
18109.0,11,23,3937.57,5478.84,171.1986956521739,343,179,14.91304347826087
18110.0,228,1,193.48000000000002,168.55,193.48000000000002,228,29,228.0
18111.0,406,1,398.9,0.0,398.9,406,27,406.0
18112.0,235,2,420.67,352.69,210.335,368,34,184.0
18113.0,185,1,76.32000000000001,0.0,76.32000000000001,185,1,185.0
18114.0,107,1,220.1,0.0,220.1,107,28,107.0
18115.0,514,1,9.700000000000001,0.0,9.700000000000001,514,3,514.0
18116.0,51,12,1967.33,163.56,163.94416666666666,228,303,19.0
18118.0,3,18,4043.68,2111.79,224.64888888888888,198,346,11.0
18119.0,184,1,180.7,0.0,180.7,184,29,184.0
18120.0,31,1,111.15,0.0,111.15,31,17,31.0
18123.0,330,1,92.2,574.4399999999999,92.2,330,22,330.0
18124.0,289,1,102.65,0.0,102.65,289,20,289.0
18125.0,18,3,932.25,197.85,310.75,133,146,44.333333333333336
18127.0,220,1,209.05,347.08,209.05,220,21,220.0
18128.0,354,1,399.29,0.0,399.29,354,42,354.0
18129.0,60,1,112.55000000000001,0.0,112.55000000000001,60,13,60.0
18131.0,448,1,222.95999999999998,0.0,222.95999999999998,448,4,448.0
18132.0,321,1,220.13,0.0,220.13,321,60,321.0
18133.0,29,1,931.4999999999999,0.0,931.4999999999999,29,1,29.0
18134.0,415,2,445.0,0.0,222.5,511,27,255.5
18135.0,7,6,664.78,572.09,110.79666666666667,451,21,75.16666666666667
18136.0,28,4,1348.23,183.48000000000002,337.0575,268,68,67.0
18137.0,368,2,145.99,0.0,72.995,368,26,184.0
18138.0,112,1,152.65,0.0,152.65,112,8,112.0
18140.0,290,1,536.41,0.0,536.41,290,49,290.0
18141.0,218,2,838.57,0.0,419.285,406,37,203.0
18142.0,32,1,280.38,734.52,280.38,32,9,32.0
18144.0,29,14,3609.85,1283.1,257.8464285714286,540,49,38.57142857142857
18145.0,21,9,3754.27,1837.77,417.1411111111111,548,157,60.888888888888886
18146.0,37,1,76.65,83.7,76.65,37,4,37.0
18148.0,463,1,112.85000000000001,0.0,112.85000000000001,463,9,463.0
18149.0,32,6,1491.56,62.400000000000006,248.59333333333333,452,54,75.33333333333333
18150.0,18,1,227.57999999999998,339.0,227.57999999999998,18,14,18.0
18151.0,106,5,1513.14,340.8,302.62800000000004,462,77,92.4
18152.0,463,1,426.69,0.0,426.69,463,10,463.0
18153.0,476,1,246.22,0.0,246.22,476,17,476.0
18154.0,205,3,533.41,399.19,177.8033333333333,307,22,102.33333333333333
18155.0,108,1,113.93,233.89000000000001,113.93,108,8,108.0
18156.0,186,1,186.88,488.76,186.88,186,50,186.0
18157.0,388,1,213.9,0.0,213.9,388,25,388.0
18159.0,118,1,530.15,0.0,530.15,118,23,118.0
18160.0,17,2,684.37,319.51,342.185,203,41,101.5
18161.0,69,3,730.73,1066.47,243.57666666666668,196,31,65.33333333333333
18162.0,549,1,371.51,0.0,371.51,549,45,549.0
18163.0,401,1,639.34,0.0,639.34,401,31,401.0
18166.0,440,1,175.5,0.0,175.5,440,10,440.0
18168.0,21,15,3241.9,115.15,216.12666666666667,553,204,36.86666666666667
18170.0,34,7,2201.9,676.1,314.5571428571429,517,50,73.85714285714286
18171.0,55,6,1652.74,761.77,275.45666666666665,520,58,86.66666666666667
18172.0,28,39,13463.12,3826.11,345.2082051282051,545,151,13.974358974358974
18173.0,16,4,2318.36,378.0,579.59,429,31,107.25
18174.0,420,1,58.5,104.0,58.5,420,1,420.0
18175.0,492,1,176.1,0.0,176.1,492,7,492.0
18176.0,175,1,448.65,0.0,448.65,175,29,175.0
18177.0,21,7,1561.3,627.77,223.04285714285714,541,56,77.28571428571429
18178.0,36,10,5573.52,480.96999999999997,557.3520000000001,476,189,47.6
18179.0,69,6,1857.54,690.01,309.59,480,70,80.0
18181.0,217,4,799.76,366.85,199.94,552,117,138.0
18182.0,280,1,291.13,0.0,291.13,280,10,280.0
18183.0,44,2,600.52,0.0,300.26,91,35,45.5
18185.0,66,1,304.25,0.0,304.25,66,17,66.0
18186.0,539,1,329.58,0.0,329.58,539,11,539.0
18187.0,448,1,682.19,0.0,682.19,448,47,448.0
18188.0,107,4,1691.3,1572.3400000000001,422.825,440,64,110.0
18189.0,84,2,939.44,457.14,469.72,442,54,221.0
18190.0,9,5,735.6700000000001,0.0,147.13400000000001,534,34,106.8
18191.0,78,2,529.4,0.0,264.7,294,15,147.0
18193.0,197,2,942.74,233.81,471.37,259,50,129.5
18194.0,255,5,3188.2000000000003,896.0,637.6400000000001,497,16,99.4
18195.0,204,1,101.16,0.0,101.16,204,5,204.0
18196.0,107,3,1219.42,235.85,406.47333333333336,449,159,149.66666666666666
18197.0,392,1,221.4,0.0,221.4,392,9,392.0
18198.0,4,11,3420.6400000000003,1747.38,310.96727272727276,153,48,13.909090909090908
18199.0,500,1,342.2,0.0,342.2,500,20,500.0
18201.0,539,1,447.53000000000003,0.0,447.53000000000003,539,27,539.0
18202.0,16,3,1396.99,0.0,465.66333333333336,128,55,42.666666666666664
18203.0,198,3,322.1,160.42000000000002,107.36666666666667,548,29,182.66666666666666
18204.0,9,1,540.98,1419.97,540.98,9,84,9.0
18206.0,370,1,314.65999999999997,0.0,314.65999999999997,370,19,370.0
18207.0,316,1,515.32,0.0,515.32,316,29,316.0
18208.0,382,1,360.08,0.0,360.08,382,17,382.0
18210.0,84,2,289.85,2478.98,144.925,199,14,99.5
18211.0,95,1,137.9,462.17,137.9,95,8,95.0
18212.0,143,2,514.37,0.0,257.185,494,40,247.0
18213.0,53,1,232.48000000000002,0.0,232.48000000000002,53,15,53.0
18214.0,347,4,1480.99,0.0,370.2475,371,38,92.75
18215.0,254,4,1924.65,299.34000000000003,481.1625,440,49,110.0
18217.0,330,2,283.71,621.75,141.855,343,7,171.5
18218.0,28,4,1086.1399999999999,0.0,271.53499999999997,477,23,119.25
18219.0,31,12,2189.7400000000002,1107.46,182.47833333333335,549,71,45.75
18220.0,43,6,1792.4,0.0,298.73333333333335,541,16,90.16666666666667
18221.0,1,3,865.74,504.6,288.58,207,40,69.0
18223.0,22,19,9908.77,3632.35,521.5142105263158,552,157,29.05263157894737
18224.0,80,1,158.95000000000002,0.0,158.95000000000002,80,10,80.0
18225.0,21,19,9001.11,3787.4900000000002,473.7426315789474,552,215,29.05263157894737
18226.0,2,21,9153.57,2596.01,435.8842857142857,461,253,21.952380952380953
18227.0,34,1,93.75,0.0,93.75,34,5,34.0
18229.0,1,17,6083.51,4067.0,357.8535294117647,553,54,32.529411764705884
18230.0,24,5,2654.1600000000003,1543.3000000000002,530.8320000000001,342,41,68.4
18231.0,9,28,6815.47,0.0,243.40964285714287,515,217,18.392857142857142
18232.0,9,2,360.48,221.99,180.24,14,24,7.0
18233.0,142,1,440.0,0.0,440.0,142,1,142.0
18234.0,368,1,179.6,0.0,179.6,368,30,368.0
18235.0,34,1,430.46000000000004,1366.02,430.46000000000004,34,29,34.0
18236.0,3,8,1217.6100000000001,577.74,152.20125000000002,420,59,52.5
18238.0,332,1,270.92,0.0,270.92,332,14,332.0
18239.0,35,6,1712.26,0.0,285.37666666666667,239,85,39.833333333333336
18241.0,34,5,1261.83,1692.26,252.36599999999999,434,65,86.8
18242.0,13,6,2066.8,1538.41,344.4666666666667,514,68,85.66666666666667
18243.0,231,1,515.78,0.0,515.78,231,26,231.0
18244.0,247,2,568.64,0.0,284.32,319,19,159.5
18245.0,28,17,4975.46,1260.77,292.67411764705884,458,274,26.941176470588236
18246.0,50,2,395.62,363.2,197.81,426,2,213.0
18247.0,231,3,733.33,0.0,244.44333333333336,448,26,149.33333333333334
18248.0,3,1,496.46000000000004,290.76,496.46000000000004,3,28,3.0
18250.0,127,1,342.92,0.0,342.92,127,21,127.0
18251.0,262,8,21964.14,4314.72,2745.5175,534,77,66.75
18252.0,365,5,1015.42,518.27,203.084,538,35,107.6
18253.0,459,1,317.88,0.0,317.88,459,7,459.0
18254.0,398,1,267.9,0.0,267.9,398,16,398.0
18255.0,273,1,199.85,103.3,199.85,273,13,273.0
18256.0,204,1,60.599999999999994,0.0,60.599999999999994,204,8,204.0
18257.0,23,6,2874.02,1616.43,479.00333333333333,476,160,79.33333333333333
18258.0,281,6,2040.97,0.0,340.1616666666667,389,29,64.83333333333333
18259.0,183,5,1979.6000000000001,1962.3000000000002,395.92,548,36,109.6
18260.0,22,22,9307.87,427.13,423.08500000000004,541,203,24.59090909090909
18262.0,210,2,428.06,149.48,214.03,419,27,209.5
18263.0,69,1,307.59999999999997,903.48,307.59999999999997,69,15,69.0
18264.0,315,1,603.25,0.0,603.25,315,36,315.0
18266.0,251,1,251.1,0.0,251.1,251,14,251.0
18267.0,489,1,255.82,0.0,255.82,489,17,489.0
18268.0,408,5,1425.72,25.5,285.144,545,36,109.0
18269.0,183,1,138.9,0.0,138.9,183,6,183.0
18270.0,83,2,235.1,171.20000000000002,117.55,249,10,124.5
18271.0,426,2,680.85,0.0,340.425,548,19,274.0
18272.0,42,5,2248.4900000000002,2098.04,449.69800000000004,462,93,92.4
18273.0,74,2,204.0,153.0,102.0,407,1,203.5
18275.0,395,2,741.85,0.0,370.925,548,19,274.0
18276.0,209,5,1297.31,323.36,259.462,546,68,109.2
18277.0,214,4,1048.97,110.38,262.2425,311,48,77.75
18278.0,221,1,240.3,173.9,240.3,221,15,221.0
18279.0,336,1,231.33999999999997,0.0,231.33999999999997,336,13,336.0
18280.0,94,2,472.45,0.0,236.225,211,28,105.5
18281.0,394,1,120.32,80.82,120.32,394,10,394.0
18283.0,17,11,1132.94,1526.01,102.99454545454546,475,239,43.18181818181818
18284.0,248,1,411.68,0.0,411.68,248,27,248.0
18285.0,477,1,377.0,0.0,377.0,477,11,477.0
18286.0,293,2,1165.43,0.0,582.715,540,65,270.0
18287.0,18,5,3060.99,1072.0,612.198,388,92,77.6
