StockCode,Description,Total_Revenue,Total_Units_Sold,Order_Count,Avg_Price,Revenue_Per_Order,Top_Order_Revenue,Top_Order_Share,Is_Outlier_Driven
10002,INFLATABLE POLITICAL GLOBE ,5754.72,7256,291,0.8425337837837837,19.775670103092786,288.0,0.05004587538577029,False
10080,GROOVY CACTUS INFLATABLE,124.60999999999999,303,26,0.5092592592592593,4.792692307692307,18.72,0.15022871358638953,False
10109,BENDY COLOUR PENCILS,1.68,4,1,0.42,1.68,1.68,1.0,False
10120,DOGGY RUBBER,129.78,618,61,0.21,2.1275409836065573,12.6,0.0970873786407767,False
10123C,HEARTS WRAPPING TAPE ,214.22000000000003,478,45,0.6342222222222222,4.760444444444445,50.88,0.23751283727009614,False
10123G,ARMY CAMO WRAPPING TAPE,90.94,1142,11,0.6008333333333333,8.267272727272728,66.24,0.7283923466021552,False
10124A,SPOTS ON RED BOOKCOVER TAPE,24.36,58,18,0.42,1.3533333333333333,3.78,0.15517241379310345,False
10124G,ARMY CAMO BOOKCOVER TAPE,13.44,32,9,0.42,1.4933333333333332,2.1,0.15625,False
10125,MINI FUNKY DESIGN TAPES,1562.7,1970,120,0.8158730158730159,13.0225,127.5,0.0815895565367633,False
10133,COLOURING PENCILS BROWN TUBE,1898.09,3287,201,0.6555223880597014,9.44323383084577,108.0,0.05689930403721636,False
10134,COLOURING PENCILS BROWN TUBE,689.8,602,47,1.2422448979591836,14.67659574468085,212.0,0.3073354595534938,False
10135,COLOURING PENCILS BROWN TUBE,4034.39,3876,248,1.2217529880478089,16.267701612903224,742.0,0.18391875847401962,False
10138,ASSORTED COLOUR JUMBO PEN,103.74,247,16,0.42,6.48375,40.32,0.38866396761133604,False
11001,ASSTD DESIGN RACING CAR PEN,5542.46,3478,174,1.7365363128491618,31.8532183908046,360.68,0.06507579666790558,False
15030,FAN BLACK FRAME ,73.66,254,26,0.29,2.833076923076923,17.4,0.23622047244094488,False
15034,PAPER POCKET TRAVELING FAN ,1037.4,8370,170,0.13836257309941521,6.102352941176471,84.00000000000001,0.08097165991902834,False
15036,ASSORTED COLOURS SILK FAN,28131.29,40077,624,0.7662399999999999,45.08219551282051,864.0,0.030713131178840357,False
15039,SANDALWOOD FAN,2825.95,4119,180,0.8306593406593407,15.69972222222222,159.0,0.056264265114386314,False
15044A,PINK PAPER PARASOL ,12800.83,4893,194,2.95659793814433,65.98365979381444,8925.0,0.6972204146137398,True
15044B,BLUE PAPER PARASOL ,4376.400000000001,1624,148,2.9202702702702705,29.570270270270274,1275.0,0.29133534411845347,False
15044C,PURPLE PAPER PARASOL,2413.75,857,160,2.932608695652174,15.0859375,127.49999999999999,0.05282237182806835,False
15044D,RED PAPER PARASOL,4229.24,1536,187,2.933280423280423,22.616256684491976,254.99999999999997,0.06029452100140923,False
15056BL,EDWARDIAN PARASOL BLACK,44835.32,9141,785,5.794748743718593,57.11505732484076,1800.0,0.04014691988369883,False
15056N,EDWARDIAN PARASOL NATURAL,53659.01,10822,860,5.787033603707996,62.394197674418606,1800.0,0.033545158585669026,False
15056P,EDWARDIAN PARASOL PINK,10781.810000000001,2123,319,5.843312500000001,33.79877742946709,1080.0,0.10016871007743597,False
15058A,BLUE POLKADOT GARDEN PARASOL,1075.2,144,50,7.806,21.504,67.5,0.06277901785714285,False
15058A,BLUE WHITE SPOTS GARDEN PARASOL,1339.05,259,53,6.646296296296297,25.265094339622642,71.55,0.05343340427915313,False
15058B,PINK POLKADOT GARDEN PARASOL,900.45,119,44,7.868181818181818,20.464772727272727,121.5,0.13493253373313344,False
15058B,PINK WHITE SPOTS GARDEN PARASOL,963.35,173,44,7.077272727272728,21.894318181818182,67.5,0.07006799190325427,False
15058C,ICE CREAM DESIGN GARDEN PARASOL,1947.5,410,70,6.578571428571428,27.821428571428573,118.5,0.06084724005134788,False
15059A,ENGLISH ROSE EDWARDIAN PARASOL,1515.0,505,1,3.0,1515.0,1515.0,1.0,False
15060B,FAIRY CAKE DESIGN UMBRELLA,4115.67,1131,272,3.765735294117647,15.131139705882353,177.0,0.04300636348395279,False
16008,SMALL FOLDING SCISSOR(POINTED EDGE),422.96,3141,85,0.15623529411764706,4.976,34.56,0.08170985435975034,False
16010,FOLDING CAMPING SCISSOR W/KNIF & S,3.84,32,4,0.12,0.96,1.44,0.375,False
16011, ANIMAL STICKERS,80.85,385,12,0.21,6.7375,10.08,0.12467532467532469,False
16011,ANIMAL STICKERS,713.43,3403,99,0.20949494949494948,7.206363636363636,35.28,0.04945124258862117,False
16012,FOOD/DRINK SPONGE STICKERS,444.78,2118,62,0.21,7.1738709677419354,25.2,0.056657223796033995,False
16012,FOOD/DRINK SPUNGE STICKERS,158.19,759,20,0.20749999999999996,7.9094999999999995,50.4,0.3186042101270624,False
16014,SMALL CHINESE STYLE SCISSOR,9512.68,29354,92,0.39499999999999996,103.39869565217391,960.0,0.10091793269614871,False
16015,MEDIUM CHINESE STYLE SCISSOR,711.38,1572,65,0.4870769230769231,10.944307692307692,98.28,0.1381540105147741,False
16016,LARGE CHINESE STYLE SCISSOR,1864.75,2307,105,0.840095238095238,17.75952380952381,144.0,0.07722214774098404,False
16020C,CLEAR STATIONERY BOX SET ,69.69999999999999,82,24,0.85,2.9041666666666663,10.2,0.14634146341463417,False
16033,MINI HIGHLIGHTER PENS,1501.32,14761,47,0.11617021276595745,31.942978723404256,162.0,0.10790504356166573,False
16043,POP ART PUSH DOWN RUBBER ,111.35999999999999,1158,10,0.32399999999999995,11.136,57.599999999999994,0.5172413793103449,False
16044,POP-ART FLUORESCENT PENS,388.8,6192,2,0.24,194.4,368.64,0.9481481481481481,False
16045,POPART WOODEN PENCILS ASST,428.0,9300,72,0.04767123287671233,5.944444444444445,36.0,0.08411214953271028,False
16046,TEATIME PEN CASE & PENS,674.89,5341,44,0.763404255319149,15.33840909090909,368.64,0.5462223473454934,False
16047,POP ART PEN CASE & PENS,600.87,5403,22,0.815,27.312272727272727,414.72,0.6901992111438414,False
16048,TEATIME ROUND PENCIL SHARPENER ,498.65999999999997,3413,69,0.19285714285714287,7.22695652173913,92.16,0.18481530501744675,False
16049,TEATIME GEL PENS ASST,542.88,3144,25,0.27599999999999997,21.7152,86.39999999999999,0.15915119363395225,False
16050,TEATIME PENCIL WITH RUBBER,30.5,122,4,0.25,7.625,12.5,0.4098360655737705,False
16051,TEATIME PENCIL W STAMP ASST,82.2,938,3,0.3,27.400000000000002,51.96,0.6321167883211679,False
16052,TEATIME PUSH DOWN RUBBER,239.26999999999998,786,20,0.3855,11.9635,61.37,0.25648848581100847,False
16053,POPART COL BALLPOINT PEN ASST,122.58,2298,7,0.1842857142857143,17.51142857142857,60.0,0.48947626040137054,False
16054,POPART RECT PENCIL SHARPENER ASST,152.58,1169,36,0.16166666666666665,4.238333333333333,15.12,0.09909555642941406,False
16119,FUNKY GIRL ADDRESS BOOK,128.21,271,7,1.0014285714285713,18.315714285714286,54.72,0.42679978160829884,False
16151A,FLOWER DES BLUE HANDBAG/ORANG HANDL,11.25,3,2,3.75,5.625,7.5,0.6666666666666666,False
16151A,FLOWERS HANDBAG blue and orange,61.25,49,3,1.25,20.416666666666668,53.75,0.8775510204081632,False
16156L,WRAP CAROUSEL,157.5,375,14,0.42,11.25,21.0,0.13333333333333333,False
16156L,"WRAP, CAROUSEL",241.5,575,22,0.42,10.977272727272727,21.0,0.08695652173913043,False
16156N,"WRAP, FRIENDSHIP ON GREEN",609.0,1450,55,0.42,11.072727272727272,21.0,0.034482758620689655,False
16156S,WRAP PINK FAIRY CAKES ,6465.8,16440,414,0.41526570048309175,15.617874396135266,216.0,0.033406539020693495,False
16161C,WRAP SPEED DEMONS ,45.0,450,2,0.1,22.5,35.0,0.7777777777777778,False
16161E,WRAP BOUDOIR ,75.0,750,9,0.1,8.333333333333334,50.0,0.6666666666666666,False
16161G,WRAP BAD HAIR DAY,97.5,975,33,0.1,2.9545454545454546,10.0,0.10256410256410256,False
16161M,WRAP  PINK FLOCK,428.5,1025,38,0.41789473684210526,11.276315789473685,21.0,0.049008168028004666,False
16161P,WRAP ENGLISH ROSE ,5424.9,13173,439,0.4189521640091116,12.357403189066059,136.0,0.02506958653615735,False
16161U,WRAP SUKI AND FRIENDS,2690.42,6601,206,0.4185436893203883,13.060291262135923,144.0,0.053523241724340434,False
16161U,"WRAP,SUKI AND FRIENDS",1352.5,3325,109,0.41706422018348627,12.408256880733944,136.0,0.10055452865064694,False
16162L,THE KING GIFT BAG,366.59000000000003,4339,16,0.5475,22.911875000000002,187.20000000000002,0.5106522272838866,False
16162M,THE KING GIFT BAG 25x24x12cm,36.12,86,12,0.42,3.01,5.04,0.13953488372093023,False
16168M,FUNKY MONKEY GIFT BAG MEDIUM,425.16,1578,53,0.389811320754717,8.02188679245283,46.08,0.10838272650296359,False
16168S,FUNKY MONKEY GIFT BAG SMALL,121.85999999999999,1274,7,0.1757142857142857,17.408571428571427,38.879999999999995,0.3190546528803545,False
16169A,WRAP CHRISTMAS DECOUPAGE,10.5,25,1,0.42,10.5,10.5,1.0,False
16169C,WRAP BLUE REINDEER,567.0,1350,43,0.42,13.186046511627907,42.0,0.07407407407407407,False
16169D,WRAP WINTER FOREST,105.0,250,9,0.42,11.666666666666666,21.0,0.2,False
16169E,WRAP 50'S  CHRISTMAS,1839.96,4438,147,0.4191891891891892,12.51673469387755,72.0,0.03913128546272745,False
16169F,WRAP BLIZZARD,409.5,975,34,0.42,12.044117647058824,21.0,0.05128205128205128,False
16169G,WRAP ROMANTIC DECOUPAGE,10.5,25,1,0.42,10.5,10.5,1.0,False
16169K,WRAP FOLK ART,648.25,2050,59,0.3615254237288135,10.98728813559322,95.0,0.14654839953721557,False
16169M,WRAP DAISY CARPET ,640.95,2060,59,0.35483333333333333,10.863559322033899,95.0,0.14821748966378032,False
16169N,WRAP BLUE RUSSIAN FOLKART,626.25,2025,56,0.3501785714285714,11.183035714285714,95.0,0.15169660678642716,False
16169P,WRAP GREEN RUSSIAN FOLKART ,533.75,1750,48,0.3577083333333333,11.119791666666666,95.0,0.17798594847775176,False
16201A,PASTEL PINK PHOTO ALBUM,195.9,98,8,2.55,24.4875,70.2,0.35834609494640124,False
16201B,PASTEL BLUE PHOTO ALBUM,46.8,24,2,1.95,23.4,23.4,0.5,False
16202A,PASTEL PINK PHOTO ALBUM ,161.45000000000002,336,16,3.9074999999999998,10.090625000000001,51.00000000000001,0.3158872716011149,False
16202B,PASTEL BLUE PHOTO ALBUM ,324.73,562,14,3.415714285714286,23.195,75.48,0.23243925722908262,False
16202C,BEIGE PHOTO ALBUM,201.29999999999998,94,10,3.0300000000000002,20.13,54.6,0.27123695976154993,False
16202E,BLACK PHOTO ALBUM ,145.04999999999998,80,12,2.4875,12.087499999999999,23.4,0.1613236814891417,False
16206B,RED PURSE WITH PINK HEART,116.4,96,16,1.23125,7.275,30.0,0.25773195876288657,False
16207A,PINK STRAWBERRY HANDBAG ,162.25000000000003,55,19,2.95,8.539473684210527,17.700000000000003,0.10909090909090909,False
16207B,PINK HEART RED HANDBAG,315.96000000000004,211,13,2.5200000000000005,24.30461538461539,150.0,0.4747436384352449,False
16212,FUNKY GIRLZ ASST MAGNETIC MEMO PAD,232.05,357,30,0.65,7.735,23.400000000000002,0.10084033613445378,False
16215,FUNKY GIRLZ MAGNETIC TO DO LIST ,5.2,8,3,0.65,1.7333333333333334,2.6,0.5,False
16216,LETTER SHAPE PENCIL SHARPENER,340.58,4025,76,0.12473684210526316,4.481315789473684,96.0,0.28187210053438255,False
16218,CARTOON  PENCIL SHARPENERS,375.6,4525,70,0.098,5.365714285714286,24.0,0.06389776357827476,False
16219,HOUSE SHAPE PENCIL SHARPENER,368.13,3158,65,0.12615384615384614,5.663538461538462,151.2,0.41072447233314313,False
16225,RATTLE SNAKE EGGS,1078.64,1420,112,1.1831858407079645,9.630714285714287,109.44,0.10146109916190757,False
16235,RECYCLED PENCIL WITH RABBIT ERASER,1003.65,4955,157,0.21167701863354035,6.392675159235669,96.0,0.09565087430877298,False
16236,KITTY PENCIL ERASERS,497.77,2397,142,0.20965753424657535,3.5054225352112676,17.92,0.036000562508789205,False
16237,SLEEPING CAT ERASERS,1940.19,9639,337,0.20795321637426903,5.757240356083086,43.2,0.022265860560048242,False
16238,PARTY TIME PENCIL ERASERS,469.42,2232,135,0.2250735294117647,3.4771851851851854,17.92,0.03817476886370415,False
16239,BALLERINA HEART DECORATION.,468.4,338,13,2.6884615384615387,36.03076923076923,360.0,0.7685738684884714,False
16243B,BROWN COZY SQUARE PHOTO ALBUM,399.75,205,1,1.95,399.75,399.75,1.0,False
16244A,MAXWELL 2 TONE PINK 60 PAGE PHOTO A,293.0,142,6,3.483333333333333,48.833333333333336,169.65,0.5790102389078499,False
16244B,MAXWELL 2 TONE BLUE 60 PAGE PHOTO A,612.85,309,8,2.91875,76.60625,481.65,0.7859182507954637,False
16245A,PINK MINI STATIONERY SET W CASE,13.75,11,7,1.25,1.9642857142857142,3.75,0.2727272727272727,False
16248B,BLUE HOLE PUNCH,101.25,81,12,1.25,8.4375,60.0,0.5925925925925926,False
16254,TRANSPARENT ACRYLIC TAPE DISPENSER,258.36,912,19,0.898,13.597894736842106,216.0,0.8360427310729215,False
16256B,FLOWER PENCIL/RUBBER+5 MINI PENCILS,207.06,493,20,0.42000000000000004,10.353,30.240000000000002,0.1460446247464503,False
16256C,HEARTS PENCIL/RUBBER+5 MINI PENCILS,65.10000000000001,155,9,0.42,7.233333333333334,20.16,0.30967741935483867,False
16258A,SWIRLY CIRCULAR RUBBERS IN BAG,346.77,1025,73,0.4245333333333333,4.75027397260274,34.2,0.09862444848170258,False
16258B,DAISY ERASERS IN BAG,219.34,1014,13,0.2885714285714286,16.872307692307693,99.94,0.4556396462113613,False
16259,PIECE OF CAMO STATIONERY SET,754.9300000000001,5353,53,0.14622641509433962,14.243962264150944,45.36,0.06008504099717854,False
17001,HEAVENS SCENT FRAGRANCE OILS ASSTD,297.61,1205,21,0.2785714285714286,14.171904761904763,90.72,0.3048284667853903,False
17003,BROCADE RING PURSE ,14520.65,69343,386,0.2655102040816327,37.61826424870466,2106.72,0.1450844142652016,False
17007B,S/3 POT POURI CUSHIONS BLUE COLOURS,71.4,34,6,2.1,11.9,25.200000000000003,0.35294117647058826,False
17011A,ORIGAMI VANILLA INCENSE+FLOWER ,150.0,254,6,1.3166666666666667,25.0,62.400000000000006,0.41600000000000004,False
17011B,ORIGAMI JASMINE INCENSE+FLOWER ,11.100000000000001,19,2,1.2,5.550000000000001,6.300000000000001,0.5675675675675675,False
17011C,ORIGAMI LAVENDER INCENSE+FLOWER,217.1,334,1,0.65,217.1,217.1,1.0,False
17011D,ORIGAMI ROSE INCENSE+FLOWER,129.3,207,2,0.475,64.65,124.80000000000001,0.9651972157772621,False
17011E,ORIGAMI OPIUM SCENT INCENSE+FLOWER,80.60000000000001,124,1,0.65,80.60000000000001,80.60000000000001,1.0,False
17011F,ORIGAMI SANDLEWOOD INCENSE+FLOWER,315.15000000000003,380,15,1.4233333333333333,21.01,124.80000000000001,0.396001903855307,False
17012A,ORIGAMI VANILLA INCENSE/CANDLE SET ,586.6,644,34,1.3257142857142856,17.25294117647059,163.2,0.2782134333446982,False
17012B,ORIGAMI JASMINE INCENSE/CANDLE SET,590.8499999999999,617,48,1.3385416666666667,12.309374999999998,81.6,0.13810611830413813,False
17012C,ORIGAMI LAVENDER INCENSE/CANDL SET ,747.25,777,56,1.3901785714285713,13.34375,163.2,0.21840080294412845,False
17012D,ORIGAMI ROSE INCENSE/CANDLE SET ,426.7,426,51,1.25,8.366666666666667,20.4,0.04780876494023904,False
17012E,ORIGAMI OPIUM INCENSE/CANDLE SET ,236.39999999999998,240,12,2.2375,19.7,163.2,0.6903553299492386,False
17012F,ORIGAMI SANDLEWOOD INCENSE/CAND SET,451.45,493,47,1.0957446808510638,9.60531914893617,81.6,0.18075091372244986,False
17013B,ORIGAMI JASMINE INCENSE IN TUBE,217.6,255,2,0.845,108.8,165.1,0.7587316176470588,False
17013C,ORIGAMI LAVENDER INCENSE IN TUBE,49.14,117,1,0.42,49.14,49.14,1.0,False
17013D,ORIGAMI ROSE INCENSE IN TUBE,515.46,1048,21,1.0,24.545714285714286,80.64,0.15644278896519612,False
17013F,ORIGAMI SANDLEWOOD INCENSE IN TUBE,25.05,61,4,1.3125,6.2625,16.8,0.6706586826347305,False
17014A,ORIGAMI VANILLA INCENSE CONES,111.81,247,9,0.7022222222222222,12.423333333333334,40.32,0.3606117520794204,False
17014C,ORIGAMI LAVENDER INCENSE CONES,40.32,96,1,0.42,40.32,40.32,1.0,False
17014D,ORIGAMI ROSE INCENSE CONES,194.28,476,5,1.015,38.856,80.64,0.4150710315009265,False
17014E,ORIGAMI OPIUM INCENSE CONES,33.3,93,4,1.3125,8.325,26.7,0.8018018018018018,False
17014F,ORIGAMI SANDLEWOOD INCENSE CONES,23.699999999999996,61,4,1.3125,5.924999999999999,17.099999999999998,0.7215189873417722,False
17021,NAMASTE SWAGAT INCENSE,969.84,3672,73,0.29474999999999996,13.285479452054794,144.0,0.14847809948032664,False
17027A,INCENSE BAZAAR CANNABIS,84.84,228,2,0.355,42.42,60.48,0.7128712871287128,False
17028J,INCENSE BAZAAR PEACH,2.52,6,1,0.42,2.52,2.52,1.0,False
17033,"BROCADE PURSE,SMALL ARCH BUTTON",857.1099999999999,3243,67,0.2852238805970149,12.792686567164177,136.07999999999998,0.15876608603329795,False
17038,PORCELAIN BUDAH INCENSE HOLDER,225.4,2524,30,0.093,7.513333333333334,14.000000000000002,0.06211180124223603,False
17039,INLAID WOOD INCENSE HOLDER,813.0899999999999,3641,30,0.27399999999999997,27.102999999999998,206.85,0.2543998819318895,False
17061,ASSORTED SHAPED STENCIL FOR HENNA,2.08,52,1,0.04,2.08,2.08,1.0,False
17084A,TRANQUILITY MASALA INCENSE,92.82,442,18,0.21,5.156666666666666,10.5,0.11312217194570137,False
17084G,MOON INCENSE,10.5,50,2,0.21,5.25,5.25,0.5,False
17084J,LOVE POTION MASALA INCENSE,95.34,454,19,0.21,5.017894736842106,10.5,0.11013215859030837,False
17084N,FAIRY DREAMS INCENSE ,485.86,2391,67,0.20776119402985074,7.251641791044777,40.0,0.08232824270365949,False
17084P,DRAGONS BLOOD INCENSE,173.54,874,26,0.20807692307692308,6.674615384615384,32.0,0.1843955284084361,False
17084R,ASSORTED INCENSE PACK,1968.45,10625,66,0.20318181818181819,29.825,230.4,0.11704640707155375,False
17090A,LAVENDER INCENSE 40 CONES IN TIN,182.65,173,26,1.2038461538461538,7.025,30.599999999999998,0.16753353408157676,False
17090D,VANILLA INCENSE 40 CONES IN TIN,105.2,88,28,1.2366666666666668,3.757142857142857,10.2,0.09695817490494296,False
17091A,LAVENDER INCENSE IN TIN,1255.65,2073,110,0.9342727272727273,11.415000000000001,214.2,0.1705889380002389,False
17091B,JASMINE TEA INCENSE IN TIN,286.8,264,43,1.2227272727272727,6.669767441860466,30.599999999999998,0.10669456066945605,False
17091F,SANDALWOOD INCENSE IN TIN,20.0,16,6,1.25,3.3333333333333335,7.5,0.375,False
17091J,VANILLA INCENSE IN TIN,2122.19,3931,161,0.731987951807229,13.181304347826087,244.79999999999998,0.11535253676626503,False
17096,ASSORTED LAQUERED INCENSE HOLDERS,1081.65,6157,35,0.19857142857142857,30.904285714285717,293.76000000000005,0.271585078352517,False
17107D,FLOWER FAIRY 5 DRAWER LINERS,150.45,59,20,2.55,7.522499999999999,15.299999999999999,0.1016949152542373,False
17107D,FLOWER FAIRY 5 SUMMER DRAW LINERS,15.299999999999999,6,1,2.55,15.299999999999999,15.299999999999999,1.0,False
17107D,"FLOWER FAIRY,5 SUMMER B'DRAW LINERS",614.55,241,61,2.55,10.074590163934426,30.599999999999998,0.049792531120331954,False
17108D,FLOWER FAIRY SUMMER BOUQUET SACHET,149.1,355,23,0.42,6.482608695652174,20.16,0.13521126760563382,False
17109A,FLOWER FAIRY INCENSE LILY,333.61,709,13,1.1861538461538461,25.662307692307692,114.0,0.341716375408411,False
17109B,FLOWER FAIRY INCENSE LAVENDER,892.91,4541,16,1.184375,55.806875,583.1999999999999,0.6531453337962392,False
17109C,FLOWER FAIRY INCENSE ROSE,659.54,3123,14,1.2057142857142857,47.11,378.0,0.5731267246869031,False
17109D,FLOWER FAIRY INCENSE BOUQUET,583.1800000000001,1252,35,1.2897222222222222,16.662285714285716,136.8,0.23457594567714943,False
17129C,SKY BLUE COLOUR GLASS GEMS IN BAG,56.28,84,10,0.829,5.628,46.08,0.8187633262260128,False
17129D,CLEAR COLOUR GLASS GEMS IN BAG,344.53999999999996,518,19,0.7615789473684211,18.133684210526315,92.16,0.26748708422824635,False
17129F,BLUE GLASS GEMS IN BAG,416.68,622,25,0.8116,16.6672,46.08,0.11058846116924258,False
17129F,DEEP BLUE GLASS GEMS IN BAG,208.12,316,16,0.7388235294117648,13.0075,46.08,0.22141072458197192,False
17136A,BLUE STONES ON WIRE FOR CANDLE,61.78,743,34,0.10676470588235294,1.8170588235294118,7.68,0.12431207510521204,False
17164B,ASS COL SMALL SAND GECKO P'WEIGHT,632.4,1582,79,0.417375,8.00506329113924,106.56,0.16850094876660343,False
17164D,ASS COL SMALL SAND FROG P'WEIGHT,444.48,1144,27,0.415,16.462222222222223,106.56,0.23974082073434125,False
17165B,ASS COL LARGE SAND GECKO P'WEIGHT,750.63,809,56,1.0295,13.404107142857143,244.79999999999998,0.32612605411454376,False
17165D,ASS COL LARGE SAND FROG P'WEIGHT,682.32,716,89,1.0346236559139785,7.666516853932585,91.8,0.13454097784030952,False
17174,ASSTD RASTA KEY-CHAINS,15.120000000000001,36,7,0.42,2.16,10.08,0.6666666666666666,False
17178,FLAT PALM T-LIGHT HOLDER,156.65,133,24,1.234,6.527083333333334,31.25,0.19948930737312479,False
17181,CIRCLE OF FRIENDS CANDLE HOLDER,341.7,294,28,2.1533333333333333,12.203571428571427,61.199999999999996,0.1791044776119403,False
17191A,ROSE FLOWER CANDLE+INCENSE 16X16CM,123.75,33,12,3.75,10.3125,22.5,0.18181818181818182,False
18007,ESSENTIAL BALM 3.5g TIN IN ENVELOPE,753.1800000000001,8935,50,0.17134615384615384,15.063600000000001,191.16,0.25380387158448175,False
18010,ASSORTED FRAGRANCE BATH CONFETTI,23.52,56,6,0.42,3.92,10.08,0.4285714285714286,False
18094C,WHITE AND BLUE CERAMIC OIL BURNER,350.35,311,39,1.1884615384615385,8.983333333333334,20.4,0.05822748679891536,False
18094C,WHITE/BLUE RECT CERAMIC OIL BURNER,25.0,20,4,1.25,6.25,7.5,0.3,False
18096C,WHITE ROUND PORCELAIN TLIGHT HOLDER,210.89999999999998,94,11,2.4954545454545456,19.172727272727272,93.6,0.4438122332859175,False
18097A,PINK TALL PORCELAIN T-LIGHT HOLDER ,43.349999999999994,17,12,2.55,3.6124999999999994,7.6499999999999995,0.17647058823529413,False
18097B,BLUE TALL PORCELAIN T-LIGHT HOLDER,17.849999999999998,7,3,2.55,5.949999999999999,7.6499999999999995,0.4285714285714286,False
18097C,WHITE TALL PORCELAIN T-LIGHT HOLDER,2721.8999999999996,1242,158,2.511006289308176,17.227215189873416,240.0,0.08817370219332085,False
18098A,PINK PORCELAIN B'FLY OIL BURNER,5.9,2,2,2.95,2.95,2.95,0.5,False
18098B,BLUE PORCELAIN B'FLY OIL BURNER,8.850000000000001,3,3,2.9500000000000006,2.9500000000000006,2.95,0.3333333333333333,False
18098C,PORCELAIN BUTTERFLY OIL BURNER,2762.05,1099,176,2.8909836065573775,15.69346590909091,122.39999999999999,0.04431491102623051,False
20615,BLUE POLKADOT PASSPORT COVER,243.84,236,40,1.5602500000000001,6.096,25.200000000000003,0.1033464566929134,False
20615,BLUE SPOTTY PASSPORT COVER,341.20000000000005,222,38,2.067948717948718,8.978947368421053,85.0,0.2491207502930832,False
20616,CHERRY BLOSSOM PASSPORT COVER,236.18,188,44,1.6552272727272728,5.367727272727273,36.0,0.15242611567448555,False
20617,FIRST CLASS PASSPORT COVER ,863.8800000000001,452,74,2.132702702702703,11.674054054054055,338.0,0.39125804509885626,False
20618,QUEEN OF THE SKIES PASSPORT COVER ,400.38000000000005,193,74,2.0889189189189192,5.410540540540541,42.0,0.10490034467256105,False
20619,TROPICAL PASSPORT COVER ,566.33,373,68,2.149264705882353,8.328382352941176,85.0,0.15008917062490065,False
20620,RED SPOTTY PASSPORT COVER,2.1,1,1,2.1,2.1,2.1,1.0,False
20621,ECONOMY PASSPORT COVER ,417.90000000000003,199,29,2.1,14.410344827586208,210.0,0.5025125628140703,False
20622,VIP PASSPORT COVER ,73.5,35,11,2.1,6.681818181818182,25.200000000000003,0.3428571428571429,False
20622,VIPPASSPORT COVER ,840.6800000000001,488,71,2.044647887323944,11.840563380281692,338.0,0.4020554788980349,False
20652,BLUE POLKADOT LUGGAGE TAG ,206.01,159,45,1.3844444444444444,4.577999999999999,15.0,0.072811999417504,False
20652,BLUE SPOTTY LUGGAGE TAG ,486.0,1056,44,1.2062222222222223,11.045454545454545,90.0,0.18518518518518517,False
20653,CHERRY BLOSSOM LUGGAGE TAG,428.89,1927,31,1.286451612903226,13.83516129032258,270.0,0.6295320478444356,False
20654,FIRST CLASS LUGGAGE TAG ,414.63,339,84,1.2410588235294118,4.936071428571428,30.0,0.07235366471311772,False
20655,QUEEN OF SKIES LUGGAGE TAG,321.02,264,91,1.2656382978723404,3.5276923076923077,15.0,0.046726060681577475,False
20657,TROPICAL LUGGAGE TAG,534.14,1692,71,1.2414084507042253,7.523098591549296,180.0,0.33699030216797093,False
20658,RED RETROSPOT LUGGAGE TAG,571.25,457,98,1.25,5.829081632653061,50.0,0.087527352297593,False
20658,RED SPOTTY LUGGAGE TAG,1090.44,876,125,1.246984126984127,8.72352,37.5,0.03438978760867173,False
20659,ECONOMY LUGGAGE TAG,380.81,287,89,1.352197802197802,4.27876404494382,15.0,0.039389721908563324,False
20660,VIP LUGGAGE TAG ,88.75,71,26,1.25,3.4134615384615383,15.0,0.16901408450704225,False
20661,BLUE POLKADOT PURSE ,130.32000000000002,324,11,3.4718181818181817,11.84727272727273,51.00000000000001,0.39134438305709024,False
20661,BLUE SPOTTY PURSE ,392.35,133,29,2.95,13.529310344827588,35.400000000000006,0.09022556390977444,False
20662,FIRST CLASS HOLIDAY PURSE ,343.27000000000004,397,24,3.0541666666666667,14.302916666666668,51.00000000000001,0.14857109563900137,False
20663,QUEEN OF THE SKIES HOLIDAY PURSE ,192.19,537,14,2.9257142857142857,13.727857142857143,85.0,0.4422706696498257,False
20664,TROPICAL HOLIDAY PURSE ,91.45000000000002,31,16,2.95,5.715625000000001,11.8,0.12903225806451613,False
20665,RED RETROSPOT PURSE ,1368.0500000000002,467,99,2.941919191919192,13.818686868686871,35.400000000000006,0.025876247213186654,False
20665,RED SPOTTY PURSE ,2046.0000000000002,696,123,2.9434959349593495,16.634146341463417,70.80000000000001,0.03460410557184751,False
20666,ECONOMY HOLIDAY PURSE,272.65000000000003,471,21,2.798571428571429,12.983333333333334,68.0,0.24940399779937647,False
20667,CHERRY BLOSSOM PURSE,61.95,21,9,2.95,6.883333333333334,11.8,0.19047619047619047,False
20668,DISCO BALL CHRISTMAS DECORATION,2291.92,20549,309,0.1186624203821656,7.417216828478964,100.2,0.04371880344863695,False
20669,RED HEART LUGGAGE TAG,781.47,627,132,1.2486231884057972,5.920227272727273,45.0,0.05758378440631118,False
20670,VIP HOLIDAY PURSE,245.48000000000002,364,21,3.0880952380952387,11.689523809523811,53.1,0.21631090109173862,False
20671,BLUE TEATIME PRINT BOWL ,900.07,731,106,1.2482075471698113,8.49122641509434,76.32000000000001,0.08479340495739221,False
20672,PINK TEATIME PRINT BOWL,145.0,116,22,1.25,6.590909090909091,20.0,0.13793103448275862,False
20673,STRAWBERRIES PRINT BOWL,6.25,5,2,1.25,3.125,5.0,0.8,False
20674,GREEN POLKADOT BOWL,1924.06,1593,184,1.2513903743315506,10.456847826086957,76.32000000000001,0.03966612267808697,False
20674,GREEN SPOTTY BOWL,1805.47,1488,175,1.245657142857143,10.31697142857143,76.32000000000001,0.042271541482273314,False
20675,BLUE POLKADOT BOWL,3634.9700000000003,3104,273,1.24268115942029,13.314908424908426,152.64000000000001,0.04199209346982231,False
20675,BLUE SPOTTY BOWL,3173.6,2681,257,1.2411627906976745,12.348638132295719,152.64000000000001,0.048096798588353924,False
20676,RED RETROSPOT BOWL,5722.12,4925,372,1.2439572192513368,15.382043010752687,152.64000000000001,0.026675427988228143,False
20676,RED SPOTTY BOWL,5101.63,4347,343,1.2372965116279069,14.873556851311953,152.64000000000001,0.029919849146253258,False
20677,PINK POLKADOT BOWL,4141.33,3558,278,1.2566785714285715,14.896870503597121,152.64000000000001,0.03685772445084068,False
20677,PINK SPOTTY BOWL,3881.59,3324,266,1.238037037037037,14.592443609022556,152.64000000000001,0.03932409141614648,False
20678,LARGE BLACK DIAMANTE HAIRSLIDE,6.6,4,1,1.65,6.6,6.6,1.0,False
20679,EDWARDIAN PARASOL RED,28475.620000000003,6015,619,5.818983870967742,46.00261712439419,1800.0,0.06321196869462367,False
20680,PINK FLOWERS CHILDS UMBRELLA,19.5,6,4,3.25,4.875,9.75,0.5,False
20681,PINK POLKADOT CHILDRENS UMBRELLA,1134.75,351,97,3.2448979591836733,11.698453608247423,58.5,0.051553205551883675,False
20681,PINK SPOTTY CHILDS UMBRELLA,2949.0,936,173,3.2385057471264367,17.046242774566473,165.0,0.05595116988809766,False
20682,RED RETROSPOT CHILDRENS UMBRELLA,4611.66,1444,264,3.2914285714285714,17.46840909090909,165.0,0.035778873550955624,False
20682,RED SPOTTY CHILDS UMBRELLA,4432.5,1420,212,3.233568075117371,20.90801886792453,165.0,0.03722504230118443,False
20683,RAIN GIRL CHILDS UMBRELLA,3.25,1,1,3.25,3.25,3.25,1.0,False
20684,STRAWBERRY DREAM CHILDS UMBRELLA,1768.0,556,156,3.2404458598726116,11.333333333333334,165.0,0.09332579185520362,False
20685,DOOR MAT RED SPOT,15057.17,2421,367,7.174822888283378,41.027711171662126,916.0,0.0608348049467463,False
20685,DOORMAT RED RETROSPOT,31325.28,4728,751,7.7460239361702135,41.71142476697736,1374.0,0.04386233738373608,False
20685,DOORMAT RED SPOT,7050.21,1035,187,7.329893048128342,37.7016577540107,508.0,0.07205459128167814,False
20685,RED SPOTTY COIR DOORMAT,6484.75,1089,163,6.541717791411043,39.783742331288344,892.5,0.1376305948571649,False
20686,DOLLY MIXTURE CHILDREN'S UMBRELLA,1804.63,557,160,3.264875,11.278937500000001,78.0,0.04322215634229731,False
20688,BEAUTY SPEED EXPRESSO CUPS,306.9,462,9,4.45,34.099999999999994,189.0,0.6158357771260997,False
20689,RETRO SISTERS EXPRESSO CUPS,436.00000000000006,400,27,5.598148148148148,16.14814814814815,151.20000000000002,0.3467889908256881,False
20692,FLORAL ELEPHANT SOFT TOY,3425.75,877,116,4.177966101694915,29.532327586206897,360.0,0.10508647741370503,False
20693,FLORAL DINOSAUR GREEN,106.25,25,12,4.25,8.854166666666666,21.25,0.2,False
20694,FLORAL PINK MONSTER,408.48,112,25,3.7084615384615387,16.3392,81.36,0.19917743830787307,False
20695,FLORAL BLUE MONSTER,332.0,82,26,4.173076923076923,12.76923076923077,90.0,0.2710843373493976,False
20696,FLORAL SOFT CAR TOY,461.25,123,34,3.75,13.566176470588236,45.0,0.0975609756097561,False
20697,LITTLE GREEN MONSTER SOFT TOY,91.5,38,19,2.5026315789473683,4.815789473684211,12.600000000000001,0.1377049180327869,False
20698,LITTLE PINK MONSTER SOFT TOY,104.25,43,18,2.5026315789473683,5.791666666666667,15.299999999999999,0.14676258992805755,False
20699,MOUSEY LONG LEGS SOFT TOY,519.6,208,45,2.5304347826086953,11.546666666666667,25.200000000000003,0.04849884526558892,False
20700,GREEN CAT FLORAL CUSHION COVER ,420.0,288,12,3.125,35.0,180.0,0.42857142857142855,False
20701,PINK CAT FLORAL CUSHION COVER ,397.5,282,13,3.173076923076923,30.576923076923077,180.0,0.4528301886792453,False
20702,PINK PADDED MOBILE,3140.25,749,236,4.235355648535565,13.30614406779661,135.0,0.0429902077860043,False
20703,BLUE PADDED SOFT MOBILE,1827.75,433,158,4.234177215189874,11.568037974683545,51.0,0.027903159622486663,False
20704,MR ROBOT SOFT TOY,1200.95,345,64,5.3,18.76484375,118.0,0.09825554769141097,False
20705,MRS ROBOT SOFT TOY,970.6,268,49,5.386734693877551,19.808163265306124,127.0,0.13084689882546877,False
20707,CRAZY DAISY HEART DECORATION,912.87,1278,63,1.34859375,14.49,182.4,0.19980939235597622,False
20711,JUMBO BAG TOYS ,20217.37,11290,669,1.9533482142857144,30.22028400597907,990.0,0.04896779353595448,False
20712,JUMBO BAG WOODLAND ANIMALS,28659.22,15459,912,1.986605206073753,31.424583333333334,660.0,0.023029238060212384,False
20713,JUMBO BAG OWLS,34713.44,19211,916,1.9678594594594594,37.89676855895197,1155.0,0.033272415525514035,False
20714,POSY SHOPPER BAG,586.25,1513,12,0.5975,48.854166666666664,190.0,0.32409381663113007,False
20716,PARTY FOOD SHOPPER BAG,1693.3,1382,168,1.2444444444444445,10.079166666666666,106.0,0.06259965747357231,False
20717,STRAWBERRY SHOPPER BAG,6233.78,5224,499,1.2579644268774703,12.49254509018036,424.0,0.06801651646352615,False
20718,RED RETROSPOT SHOPPER BAG,6633.75,5585,468,1.2611252653927814,14.174679487179487,318.0,0.047936687394007915,False
20718,RED SPOTTY SHOPPER BAG,7668.77,6624,395,1.2361209068010075,19.41460759493671,424.0,0.055289179359923425,False
20719,WOODLAND CHARLOTTE BAG,14921.22,18892,1058,0.8417073170731707,14.103232514177693,216.0,0.01447602809957899,False
20721,OWLS CHARLOTTE BAG,0.85,1,1,0.85,0.85,0.85,1.0,False
20723,STRAWBERRY CHARLOTTE BAG,11504.8,14364,980,0.8501315789473683,11.739591836734693,144.0,0.012516514845977333,False
20724,RED RETROSPOT CHARLOTTE BAG,11864.36,14945,904,0.8484371584699453,13.12429203539823,216.0,0.018205786068527928,False
20724,RED SPOTTY CHARLOTTE BAG,8386.53,10550,583,0.8388698630136986,14.385128644939966,216.0,0.02575558663714313,False
20725,LUNCH BAG RED RETROSPOT,31312.85,19737,1512,1.6569235793598955,20.709556878306877,362.5,0.01157671690695673,False
20725,LUNCH BAG RED SPOTTY,26720.25,17105,1054,1.6317276995305163,25.35128083491461,290.0,0.01085319186759106,False
20726,LUNCH BAG WOODLAND,31511.31,19903,1579,1.6513749999999998,19.956497783407222,1203.5,0.038192636231245226,False
20727,LUNCH BAG  BLACK SKULL.,38146.3,24194,1991,1.6401618440411967,19.15936715218483,1203.5,0.03154958672269656,False
20728,LUNCH BAG CARS BLUE,34967.28,22168,1790,1.649746276889134,19.534793296089386,1203.5,0.03441789009611271,False
20729,RED SPOTTY CANDY BAG,1127.4,4604,65,1.2272307692307691,17.344615384615388,630.0,0.5588078765300691,False
20730,STRAWBERRY CANDY BAG,511.75,1649,40,1.213,12.79375,210.0,0.41035661944308743,False
20731,POSY CANDY BAG,1120.7,4045,46,1.1084782608695654,24.36304347826087,405.0,0.36138127955741944,False
20733,GOLD MINI TAPE MEASURE ,907.6999999999999,1246,100,0.8106930693069306,9.077,216.0,0.2379640850501267,False
20734,SILVER MINI TAPE MEASURE ,1079.85,1379,68,0.8442647058823529,15.880147058823528,259.2,0.24003333796360607,False
20735,BLACK MINI TAPE MEASURE ,588.0,824,63,0.8123809523809524,9.333333333333334,144.0,0.24489795918367346,False
20736,PINK MINI TAPE MEASURE ,230.1,286,18,0.8427777777777777,12.783333333333333,72.0,0.31290743155149936,False
20738,GREEN MINI TAPE MEASURE ,1270.55,1585,65,0.842,19.546923076923076,172.79999999999998,0.136004092715753,False
20747,PICCADILLY TEA SET,4187.05,307,70,14.729999999999999,59.815000000000005,612.0,0.14616496101073548,False
20748,KENSINGTON COFFEE SET,3371.25,359,114,12.162280701754385,29.57236842105263,197.1,0.05846496106785317,False
20749,ASSORTED COLOUR MINI CASES,21069.489999999998,2959,722,7.782855172413793,29.182119113573403,1295.3999999999999,0.061482266538013024,False
20750, RED/WHITE DOT MINI CASES,3512.2799999999997,476,137,7.81,25.6370802919708,228.6,0.06508592709009532,False
20750,RED RETROSPOT MINI CASES,14492.9,2014,477,7.776304801670146,30.383438155136268,457.2,0.031546481380538054,False
20750,RED/WHITE DOT MINI CASES,7786.7,1098,250,7.74601593625498,31.1468,533.4,0.0685014190863909,False
20751,FUNKY WASHING UP GLOVES ASSORTED,5647.92,2734,408,2.096177156177156,13.842941176470589,121.67999999999999,0.021544214507287638,False
20752,BLUE POLKADOT WASHING UP GLOVES,987.0000000000001,470,155,2.1,6.367741935483871,37.800000000000004,0.03829787234042553,False
20752,RETRO BLUE SPOTTY WASHING UP GLOVES,1324.5,845,114,2.045175438596491,11.618421052631579,183.6,0.13861834654586636,False
20753,RETRO PINK SPOT WASHING UP GLOVES,391.1,187,38,2.057894736842105,10.292105263157895,50.400000000000006,0.12886729736640246,False
20754,RETRO RED SPOTTY WASHING UP GLOVES,5682.360000000001,2980,335,2.0768154761904762,16.962268656716418,365.03999999999996,0.06424091398644224,False
20754,RETROSPOT RED WASHING UP GLOVES,3579.6600000000003,1803,341,2.0916811594202898,10.497536656891496,121.67999999999999,0.03399205511137929,False
20755,BLUE PAISLEY POCKET BOOK,1031.0,5084,86,0.8388372093023256,11.988372093023257,432.0,0.4190106692531523,False
20756,GREEN FERN POCKET BOOK,816.7499999999999,5679,44,0.8281818181818181,18.562499999999996,528.0,0.6464646464646465,False
20757,RED DAISY POCKET BOOK ,856.23,5301,55,0.8467857142857144,15.567818181818183,480.0,0.560597035843173,False
20758,ABSTRACT CIRCLES POCKET BOOK,920.9,5378,74,0.8373684210526315,12.444594594594594,480.0,0.5212292322727766,False
20759,CHRYSANTHEMUM POCKET BOOK ,863.5,5734,44,0.8281818181818181,19.625,528.0,0.6114649681528662,False
20760,GARDEN PATH POCKET BOOK,1270.2,5484,59,0.8305,21.528813559322035,432.0,0.3401039206424185,False
20761,BLUE PAISLEY SKETCHBOOK,1192.37,409,115,3.703534482758621,10.368434782608695,120.0,0.10063990204382868,False
20762,GREEN FERN SKETCHBOOK ,1156.71,412,110,3.671,10.515545454545455,120.0,0.10374251108748087,False
20763,DAISY SKETCHBOOK ,591.86,241,58,3.541551724137931,10.20448275862069,94.4,0.15949717838678065,False
20764,ABSTRACT CIRCLES SKETCHBOOK ,1706.88,593,143,3.689791666666667,11.936223776223777,120.0,0.0703037120359955,False
20765,CHRYSANTHEMUM SKETCHBOOK ,1086.04,400,119,3.72525,9.126386554621849,120.0,0.11049316783912196,False
20766,GARDEN PATH SKETCHBOOK,1330.98,471,122,3.6832258064516132,10.909672131147541,120.0,0.09015913086597845,False
20767,BLUE PAISLEY JOURNAL ,1531.22,744,147,2.51578231292517,10.416462585034013,151.20000000000002,0.09874479173469522,False
20768,GREEN FERN JOURNAL ,1357.81,702,117,2.468034188034188,11.605213675213674,151.20000000000002,0.11135578615564772,False
20769,DAISY JOURNAL ,708.47,403,61,2.4574193548387093,11.614262295081968,91.8,0.1295749996471269,False
20770,ABSTRACT CIRCLE JOURNAL ,1815.9,896,112,2.4318584070796456,16.213392857142857,226.8,0.12489674541549645,False
20771,CHRYSANTHEMUM  JOURNAL,1036.6599999999999,545,111,2.4717117117117113,9.339279279279278,91.8,0.088553624139062,False
20772,GARDEN PATH JOURNAL,1703.71,919,128,2.3965891472868215,13.310234375,226.8,0.13312124716060833,False
20773,BLUE PAISLEY NOTEBOOK,888.3,3302,94,1.6345360824742265,9.45,456.0,0.513340087808173,False
20774,GREEN FERN NOTEBOOK,839.6999999999999,3418,75,1.6302631578947366,11.196,480.0,0.5716327259735621,False
20775,DAISY NOTEBOOK ,749.8499999999999,3509,53,1.622222222222222,14.148113207547167,504.0,0.6721344268853772,False
20776,ABSTRACT CIRCLES NOTEBOOK,698.55,3187,53,1.622222222222222,13.180188679245282,456.0,0.6527807601460168,False
20777,CHRYSANTHEMUM NOTEBOOK,1011.3,3522,94,1.6342105263157896,10.758510638297873,480.0,0.47463660634826466,False
20778,GARDEN PATH NOTEBOOK ,886.8,3592,79,1.63125,11.225316455696202,504.0,0.5683355886332883,False
20780,BLACK EAR MUFF HEADPHONES,852.11,173,57,5.477333333333333,14.949298245614035,167.4,0.19645350952341833,False
20781,GOLD EAR MUFF HEADPHONES,340.23,71,40,5.224500000000001,8.50575,32.94,0.0968168591834935,False
20782,CAMOUFLAGE EAR MUFF HEADPHONES,517.82,94,49,5.5259183673469385,10.567755102040817,32.94,0.06361283843806727,False
20783,HEART EAR MUFF HEADPHONES,636.3,126,33,5.439090909090909,19.28181818181818,167.4,0.2630834512022631,False
20784,RED RETRO BAR STOOL,930.75,25,7,38.807142857142864,132.96428571428572,575.2,0.6179962395917271,False
20785,FUSCHIA RETRO BAR STOOL,1617.8500000000001,43,17,39.24411764705883,95.16764705882353,431.40000000000003,0.2666501838860216,False
20786,BLACK RETRO BAR STOOL,751.0,20,7,39.37857142857143,107.28571428571429,431.40000000000003,0.5744340878828229,False
20787,BLUE RETRO BAR STOOL,435.45000000000005,11,8,39.45,54.431250000000006,79.9,0.1834883453898266,False
20793,BLUE TILED TRAY,369.0,268,14,6.321428571428571,26.357142857142858,180.0,0.4878048780487805,False
20794,BLUE  TILE HOOK,434.99999999999994,172,29,2.5349999999999997,14.999999999999998,40.8,0.09379310344827586,False
20795,LARGE BLUE PROVENCAL CERAMIC BALL,214.14000000000001,109,17,2.0758823529411763,12.596470588235295,60.839999999999996,0.2841131969739422,False
20796,SMALL BLUE PROVENCAL CERAMIC BALL,145.2,88,13,1.65,11.169230769230769,26.4,0.18181818181818182,False
20798,CLEAR MILKSHAKE GLASS,745.8000000000001,377,39,2.067073170731707,19.123076923076926,64.35,0.08628318584070795,False
20799,PINK MILKSHAKE GLASS,211.3,165,13,2.0,16.253846153846155,83.2,0.39375295787979175,False
20800,LARGE GLASS SUNDAE DISH CLEAR,258.2,996,2,1.4,129.1,248.0,0.9604957397366383,False
20801,LARGE PINK GLASS SUNDAE DISH,821.86,870,68,1.3455555555555554,12.086176470588235,72.0,0.08760616163336821,False
20802,SMALL GLASS SUNDAE DISH CLEAR,1116.27,855,76,1.545,14.687763157894736,104.39999999999999,0.09352575989679915,False
20803,SMALL PINK GLASS SUNDAE DISH,642.4499999999999,1017,59,1.076949152542373,10.888983050847456,60.48,0.0941396217604483,False
20804,GLASS CHICKEN BUTTER DISH,438.15,283,24,1.6416666666666666,18.256249999999998,208.79999999999998,0.4765491270112975,False
20812,EMBOSSED FLOWER TRELLIS PHOTO FRAME,12.75,5,3,2.55,4.25,5.1,0.39999999999999997,False
20814,SILVER FINCH DECORATION,206.39000000000001,187,12,1.2025,17.199166666666667,76.32000000000001,0.36978535781772376,False
20816,GOLD FLOWER CUSHION COVER ,123.6,24,7,5.378571428571428,17.657142857142855,40.5,0.3276699029126214,False
20818,GOLD TEDDY BEAR,211.25,79,22,3.522727272727273,9.602272727272727,45.0,0.21301775147928995,False
20819,SILVER TEDDY BEAR,543.71,208,50,3.6242,10.8742,45.0,0.0827647091280278,False
20820,SILVER LOOKING MIRROR,54.45,11,8,4.95,6.80625,14.850000000000001,0.27272727272727276,False
20821,GOLDIE LOOKING MIRROR,99.0,20,9,4.95,11.0,29.700000000000003,0.30000000000000004,False
20823,GOLD WINE GOBLET,494.6,244,16,2.9112500000000003,30.9125,204.0,0.41245450869389405,False
20825,GOLD WINE GLASS,1206.54,354,5,3.6060000000000003,241.308,976.32,0.8091899149634493,False
20826,SILVER APERITIF GLASS,290.72,355,14,1.3478571428571429,20.76571428571429,101.76,0.3500275178866263,False
20827,GOLD APERITIF GLASS,209.36,173,8,1.63375,26.17,101.76,0.4860527321360336,False
20828,GLITTER BUTTERFLY CLIPS,9874.5,4190,498,2.530739299610895,19.82831325301205,705.6,0.07145678262190491,False
20829,GLITTER HANGING BUTTERFLY STRING,7212.12,3607,396,2.11692118226601,18.21242424242424,456.3,0.06326849802831899,False
20830,SILVER PHOTO FRAME,484.8,288,45,2.072826086956522,10.773333333333333,81.6,0.1683168316831683,False
20831,GOLD PHOTO FRAME,582.24,388,50,1.9401960784313725,11.6448,81.6,0.14014839241549876,False
20832,RED FLOCK LOVE HEART PHOTO FRAME,987.3,1568,102,0.7007766990291261,9.679411764705883,61.199999999999996,0.06198723792160438,False
20833,SHAKER THROW  QUILTED,811.8,52,5,27.630000000000003,162.35999999999999,306.0,0.376940133037694,False
20835,FRENCH LATTICE CUSHION COVER ,64.97999999999999,78,8,0.8325,8.122499999999999,10.2,0.1569713758079409,False
20836,FRENCH PAISLEY CUSHION COVER,204.64,200,20,1.044,10.232,35.400000000000006,0.1729867083659109,False
20837,FRENCH FLORAL CUSHION COVER ,188.07,165,18,1.1844444444444444,10.448333333333332,35.400000000000006,0.18822778752592123,False
20838,FRENCH LATTICE CUSHION COVER ,377.09,379,38,1.1905263157894737,9.923421052631578,30.599999999999998,0.08114773661460128,False
20839,FRENCH PAISLEY CUSHION COVER ,574.09,507,60,1.3456666666666666,9.568166666666666,20.4,0.035534498075214686,False
20840,FRENCH FLORAL CUSHION COVER ,631.58,594,57,1.2962068965517242,11.080350877192982,30.599999999999998,0.048449919250134574,False
20845,ZINC HEART LATTICE 2 WALL PLANTER,463.54999999999995,73,21,6.35,22.073809523809523,107.94999999999999,0.2328767123287671,False
20846,ZINC HEART LATTICE T-LIGHT HOLDER,1627.97,1321,127,1.254885496183206,12.818661417322835,106.0,0.06511176495881374,False
20847,ZINC HEART LATTICE CHARGER LARGE,266.25,71,20,3.75,13.3125,45.0,0.16901408450704225,False
20848,ZINC HEART LATTICE CHARGER SMALL,115.05000000000001,39,12,2.9500000000000006,9.5875,35.400000000000006,0.3076923076923077,False
20849,ZINC HEART LATTICE DOUBLE PLANTER,566.1,670,20,3.5100000000000002,28.305,288.0,0.5087440381558028,False
20850,ZINC HEART LATTICE PLANTER BOWL,713.8000000000001,820,23,2.8434782608695657,31.034782608695654,348.0,0.48753152143457545,False
20851,ZINC HEART LATTICE TRAY OVAL ,417.7,334,27,5.755357142857143,15.47037037037037,144.0,0.34474503231984677,False
20854,BLUE PATCH PURSE PINK HEART,556.4,348,81,1.647560975609756,6.869135802469136,129.04999999999998,0.23193745506829616,False
20855,PINK PATCH PURSE BLUE HEART,232.64999999999998,141,46,1.65,5.057608695652173,39.599999999999994,0.1702127659574468,False
20856,DENIM PATCH PURSE PINK BUTTERFLY,529.65,321,86,1.65,6.158720930232558,19.799999999999997,0.037383177570093455,False
20857,BLUE ROSE PATCH PURSE PINK BUTTERFL,382.79999999999995,232,70,1.65,5.468571428571428,18.15,0.04741379310344828,False
20858,SILVER PURSE GOLD PINK BUTTERFLY,6.6,4,1,1.65,6.6,6.6,1.0,False
20860,GOLD COSMETICS BAG WITH BUTTERFLY,39.900000000000006,19,10,2.1,3.9900000000000007,10.5,0.2631578947368421,False
20861,GOLD COSMETIC BAG PINK STAR,94.5,45,15,2.1,6.3,21.0,0.2222222222222222,False
20862,PINK PATCH PENCIL CASE BLUE HEART,650.4300000000001,315,27,2.084814814814815,24.090000000000003,226.8,0.34869240348692404,False
20863,BLUE PATCH PENCIL CASE PINK HEART,561.09,283,41,2.0700000000000003,13.685121951219513,210.0,0.374271507244827,False
20864,DENIM PATCH PENCIL CASE BUTTERFLY,481.23,246,25,2.0496153846153846,19.249200000000002,210.0,0.43638177170999315,False
20865,PATCHWORK PENCIL CASE BUTTERFLY ,346.5,165,26,2.1,13.326923076923077,210.0,0.6060606060606061,False
20866,BLUE ROSE FABRIC MIRROR,845.09,843,86,1.2658139534883721,9.826627906976745,91.2,0.10791749991125206,False
20867,PINK ROSE FABRIC MIRROR,791.72,844,75,1.2249350649350648,10.556266666666668,91.2,0.1151922396806952,False
20868,SILVER FABRIC MIRROR,437.66,789,46,0.7671739130434783,9.514347826086958,127.2,0.29063656719828174,False
20869,GOLD FABRIC MIRROR,225.49,459,31,0.713125,7.273870967741936,91.2,0.40445252561089184,False
20870,OPULENT VELVET CANDLE IN BOX,39.300000000000004,26,4,1.8875000000000002,9.825000000000001,22.5,0.5725190839694656,False
20871,OPULENT VELVET SET/3 CANDLES,1709.1000000000001,1200,75,1.8350649350649353,22.788,300.0,0.175530981218185,False
20877,MODERN CHRISTMAS BAUBLE CANDLE ,4.2,10,3,0.42,1.4000000000000001,2.52,0.6,False
20878,SET/9 CHRISTMAS T-LIGHTS SCENTED ,833.89,689,67,1.2417391304347827,12.446119402985074,101.76,0.12203048363693055,False
20879,TREE OF NOAH FESTIVE SCENTED CANDLE,32.5,50,8,0.65,4.0625,7.800000000000001,0.24000000000000002,False
20881,MODERN CHRISTMAS TREE CANDLE,1.7,2,1,0.85,1.7,1.7,1.0,False
20882,MODERN CHRISTMAS TREE CANDLE,5.9,2,1,2.95,5.9,5.9,1.0,False
20884,MODERN CHRISTMAS TREE CANDLE ,4.2,2,2,2.1,2.1,2.1,0.5,False
20886,BOX OF 9 PEBBLE CANDLES,3149.7,1680,243,1.9379032258064515,12.961728395061728,165.0,0.05238594151823984,False
20887,BOX OF 6 PEBBLE CANDLES,17.25,5,4,3.45,4.3125,6.9,0.4,False
20888,SET 3 JARDIN DE FEMME SCENT CANDLES,499.81,359,11,2.3536363636363635,45.43727272727273,300.0,0.6002280866729357,False
20889,JARDIN DE FEMME SCENTED CANDLE,392.0,656,12,2.029166666666667,32.666666666666664,122.39999999999999,0.31224489795918364,False
20890,SMALL GLASS ROSE SCENTED CANDLE,15.0,4,1,3.75,15.0,15.0,1.0,False
20891,LARGE GLASS ROSE SCENTED CANDLE ,15.9,2,1,7.95,15.9,15.9,1.0,False
20892,SET/3 TALL GLASS CANDLE HOLDER PINK,595.55,73,22,10.495454545454546,27.07045454545454,79.6,0.13365796322726892,False
20893,HANGING BAUBLE T-LIGHT HOLDER SMALL,978.45,428,61,2.5078125,16.04016393442623,151.20000000000002,0.15453012417599266,False
20894,HANGING BAUBLE T-LIGHT HOLDER LARGE,636.5,222,59,2.936666666666667,10.788135593220339,86.69999999999999,0.1362136684996072,False
20895,VINTAGE NOTEBOOK FRENCH LETTER ,47.20000000000001,16,4,2.95,11.800000000000002,35.400000000000006,0.75,False
20896,VINTAGE NOTEBOOK PINK FLOWER,112.10000000000001,38,13,2.95,8.623076923076924,35.400000000000006,0.31578947368421056,False
20897,VINTAGE NOTEBOOK PARIS DAYS,578.5,286,35,2.89,16.52857142857143,180.0,0.3111495246326707,False
20898,VINTAGE NOTEBOOK TRAVELOGUE,602.35,301,36,2.860526315789474,16.731944444444444,180.0,0.29882958412882876,False
20899,VINTAGE NOTEBOOK RED ROSE,129.8,44,12,2.95,10.816666666666668,35.400000000000006,0.27272727272727276,False
20901,VINTAGE KEEPSAKE BOX PINK FLOWER,196.85,31,15,6.35,13.123333333333333,38.099999999999994,0.19354838709677416,False
20902,VINTAGE KEEPSAKE BOX PARIS DAYS,313.34999999999997,69,15,6.003333333333333,20.889999999999997,133.2,0.4250837721397798,False
20903,VINTAGE KEEPSAKE BOX TRAVELOGUE,337.25,103,19,5.655263157894736,17.75,46.8,0.13876945885841363,False
20905,VINTAGE KEEPSAKE BOX BEAUTY GIRL,38.1,6,3,6.349999999999999,12.700000000000001,25.4,0.6666666666666666,False
20906,VINTAGE NOTEBOOK BEAUTY GIRL,227.15000000000003,77,28,2.95,8.1125,23.6,0.10389610389610389,False
20910,VINTAGE PHOTO ALBUM PARIS DAYS,488.79999999999995,80,28,6.321428571428571,17.457142857142856,133.2,0.2725040916530278,False
20913,SET/5 BLUE SPOTTY LID GLASS BOWLS,787.05,295,30,2.936666666666667,26.235,530.4,0.6739089003239946,False
20914,SET/5 RED RETROSPOT LID GLASS BOWLS,21385.73,7603,999,2.946817288801572,21.407137137137138,944.0,0.0441415841311005,False
20914,SET/5 RED SPOTTY LID GLASS BOWLS,27775.25,10243,783,2.9027044025157234,35.47286079182631,1550.3999999999999,0.055819479572641106,False
20931,BLUE POT PLANT CANDLE ,1699.95,587,101,3.3823529411764706,16.83118811881188,141.60000000000002,0.0832965675461043,False
20932,PINK POT PLANT CANDLE,875.5,288,56,3.444642857142857,15.633928571428571,106.2,0.12130211307824101,False
20933,YELLOW POT PLANT CANDLE,1245.15,493,42,3.4511627906976745,29.646428571428572,686.4000000000001,0.5512588844717504,False
20934,SET/3 POT PLANT CANDLES,776.1,148,43,5.3931818181818185,18.048837209302327,79.2,0.10204870506378044,False
20935,ROUND CACTUS CANDLE,535.5500000000001,293,39,2.6425,13.732051282051284,60.0,0.11203435720287554,False
20936,FORKED CACTUS CANDLE,696.2800000000001,306,55,2.8769090909090913,12.659636363636364,60.0,0.08617222956281954,False
20939,ORANGE CANDLE,10.2,12,1,0.85,10.2,10.2,1.0,False
20940,SET/6 GARDEN GNOME T-LIGHT CANDLES,312.55,113,18,2.905555555555556,17.36388888888889,91.8,0.2937130059190529,False
20941,FROG CANDLE,678.27,881,67,1.183235294117647,10.123432835820894,54.72,0.08067583705603963,False
20942,SET/6 GINGERBREAD TREE T-LIGHTS,6.25,5,3,1.25,2.0833333333333335,2.5,0.4,False
20943,SET/6 GINGERBREAD STAR T-LIGHTS,413.75,331,47,1.25,8.803191489361701,30.0,0.07250755287009064,False
20950,SET/6  ANGEL T-LIGHTS WHITE/GOLD,282.96999999999997,652,65,0.4577272727272727,4.3533846153846145,15.12,0.05343322613704633,False
20952,PORCELAIN CHERUB BELL SMALL,30.66,73,19,0.42,1.6136842105263158,5.04,0.1643835616438356,False
20953,PORCELAIN CHERUB BELL LARGE,31.349999999999998,19,7,1.65,4.478571428571429,6.6,0.2105263157894737,False
20956,PORCELAIN T-LIGHT HOLDERS ASSORTED,2530.93,2114,140,1.2639310344827588,18.078071428571427,244.79999999999998,0.09672333885172645,False
20957,PORCELAIN HANGING BELL SMALL,95.7,66,12,1.45,7.9750000000000005,23.2,0.2424242424242424,False
20958,PORCELAIN HANGING BELL LARGE,50.7,26,9,1.9500000000000002,5.633333333333334,15.6,0.30769230769230765,False
20960,WATERMELON BATH SPONGE,2169.95,1739,141,1.2486805555555556,15.389716312056736,180.0,0.08295122007419527,False
20961,STRAWBERRY BATH SPONGE ,3788.16,3088,313,1.274321766561514,12.102747603833865,212.0,0.055963845244129076,False
20963,APPLE BATH SPONGE,3716.79,3028,292,1.28003367003367,12.728732876712328,212.0,0.05703846598812416,False
20964,POLYESTER FILLER PAD 60x40cm,50.99999999999999,20,6,2.55,8.499999999999998,15.299999999999999,0.30000000000000004,False
20966,SANDWICH BATH SPONGE,3180.75,2575,231,1.2491914893617022,13.769480519480519,212.0,0.06665094710367052,False
20967,GREY FLORAL FELTCRAFT SHOULDER BAG,3696.09,1003,272,3.743418181818182,13.58856617647059,122.04,0.03301867649326721,False
20968,GREEN FLORAL FELTCRAFT SHOULDER BAG,138.75,37,14,3.75,9.910714285714286,22.5,0.16216216216216217,False
20969,RED FLORAL FELTCRAFT SHOULDER BAG,10663.5,2945,517,3.779054054054054,20.625725338491296,976.32,0.0915571810381207,False
20970,PINK FLORAL FELTCRAFT SHOULDER BAG,8785.52,2400,503,3.757747035573123,17.46624254473161,366.12,0.041673116673799616,False
20971,PINK BLUE FELT CRAFT TRINKET BOX,20814.98,17929,994,1.2547175421209118,20.94062374245473,1373.76,0.06599862214616589,False
20972,PINK CREAM FELT CRAFT TRINKET BOX ,22206.13,18567,1217,1.2573923639317628,18.24661462612983,530.0,0.023867283493341704,False
20973,12 PENCIL SMALL TUBE WOODLAND,5773.950000000001,9087,514,0.6578504672897196,11.233365758754866,499.20000000000005,0.08645727794663964,False
20974,12 PENCILS SMALL TUBE SKULL,7703.150000000001,12087,680,0.6483050847457628,11.328161764705882,264.0,0.03427169404724041,False
20975,12 PENCILS SMALL TUBE RED RETROSPOT,6033.650000000001,9373,455,0.6493562231759658,13.260769230769231,499.20000000000005,0.08273598899505274,False
20975,12 PENCILS SMALL TUBE RED SPOTTY,4217.700000000001,6634,298,0.6493630573248408,14.153355704697988,275.0,0.06520141309244373,False
20976,12 PENCILS SMALL TUBE POSY,336.70000000000005,518,64,0.65,5.260937500000001,31.200000000000003,0.09266409266409266,False
20977,36 PENCILS TUBE WOODLAND,4276.39,3443,354,1.2489385474860335,12.080197740112995,135.68,0.03172769555629865,False
20978,36 PENCILS TUBE SKULLS,4631.67,3771,394,1.2471641791044776,11.755507614213197,135.68,0.029293969561734752,False
20979,36 PENCILS TUBE RED RETROSPOT,5187.9400000000005,4306,304,1.245,17.06559210526316,135.68,0.02615296244752252,False
20979,36 PENCILS TUBE RED SPOTTY,3722.86,3078,200,1.2443564356435644,18.6143,135.68,0.03644509866070709,False
20980,36 PENCILS TUBE POSY,213.75,171,39,1.25,5.480769230769231,20.0,0.0935672514619883,False
20981,12 PENCILS TALL TUBE WOODLAND,3654.9199999999996,4388,425,0.8490866510538642,8.599811764705882,138.24,0.03782298928567521,False
20982,12 PENCILS TALL TUBE SKULLS,3885.4799999999996,4584,486,0.8489494949494949,7.994814814814814,81.6,0.021001266252818184,False
20983,12 PENCILS TALL TUBE RED RETROSPOT,3223.7599999999998,3800,336,0.8496275071633237,9.594523809523809,102.0,0.03164007246196988,False
20983,12 PENCILS TALL TUBE RED SPOTTY,1857.79,2215,208,0.849375,8.931682692307692,138.24,0.07441099370757728,False
20984,12 PENCILS TALL TUBE POSY,1843.85,5605,223,0.45048034934497816,8.268385650224214,138.24,0.0749735607560268,False
20985,HEART CALCULATOR,2477.1,2087,213,1.2604072398190045,11.629577464788731,212.0,0.08558394897258892,False
20986,BLUE CALCULATOR RULER,1173.76,994,130,1.2802222222222224,9.028923076923077,106.0,0.09030806979280262,False
20987,GEISHA GIRL CHOPSTICKS SET/5,228.15,117,12,1.95,19.0125,68.25,0.29914529914529914,False
20988,TRELLIS FLOWER CHOPSTICKS SET/5,46.8,24,9,1.9500000000000002,5.199999999999999,11.7,0.25,False
20989,URBAN CHIC CHOPSTICKS SET/5,744.15,397,48,1.9437499999999999,15.503124999999999,165.0,0.22172949002217296,False
20990,SPRING FLOWER CHOPSTICKS SET/5,1579.2,856,86,1.9398876404494383,18.36279069767442,165.0,0.10448328267477203,False
20991,JAZZ HEARTS MAGNETIC MEMO PAD,850.9000000000001,7058,16,0.609375,53.181250000000006,676.8000000000001,0.7953931131742861,False
20992,JAZZ HEARTS PURSE NOTEBOOK,3069.62,6030,377,0.5896455696202532,8.142228116710875,112.32000000000001,0.036590848378626674,False
20993,JAZZ HEARTS MEMO PAD,1305.49,10945,24,0.59875,54.39541666666667,931.2,0.7132953910026121,False
20994,JAZZ HEARTS SPIRAL NOTEPAD,39.949999999999996,47,12,0.85,3.329166666666666,7.6499999999999995,0.19148936170212766,False
20996,JAZZ HEARTS ADDRESS BOOK,1562.58,6109,269,0.30103703703703705,5.808847583643122,138.24,0.08846907038359637,False
20997,ROSE DU SUD CUSHION COVER ,400.95000000000005,81,28,4.95,14.319642857142858,29.700000000000003,0.07407407407407407,False
20998,ROSE DU SUD OVEN GLOVE,637.35,217,58,2.9431034482758625,10.988793103448277,35.400000000000006,0.05554248058366675,False
21000,ROSE DU SUD COSMETICS BAG,1493.0,616,40,4.19375,37.325,1000.0,0.6697923643670463,False
21001,ROSE DU SUD WASHBAG ,398.65000000000003,67,31,5.95,12.85967741935484,35.7,0.08955223880597014,False
21002,ROSE DU SUD DRAWSTRING BAG,467.5,110,26,4.25,17.98076923076923,127.5,0.2727272727272727,False
21003,ROSE DU SUD CUSHION COVER,139.7,22,11,6.35,12.7,38.099999999999994,0.2727272727272727,False
21004,ROSE DU SUD CHILDRENS APRON,110.5,26,15,4.25,7.366666666666666,17.0,0.15384615384615385,False
21004,ROSE DU SUD CHILDS APRON,335.75,79,33,4.25,10.174242424242424,25.5,0.0759493670886076,False
21007,ETCHED GLASS DROPLET DECORATION,851.23,1905,39,0.7641025641025642,21.826410256410256,149.72,0.17588665813000012,False
21009,ETCHED GLASS STAR TREE DECORATION,1087.5,870,78,1.25,13.942307692307692,60.0,0.05517241379310345,False
21010,ETCHED GLASS BIRD TREE DECORATION,1007.5,806,66,1.25,15.265151515151516,60.0,0.05955334987593052,False
21011,GLITTER SNOW PEAR TREE DECORATION,1248.6399999999999,1771,101,1.1653211009174311,12.362772277227721,34.8,0.027870322911327523,False
21012,ANTIQUE ALL GLASS CANDLESTICK,2132.58,1465,141,2.027692307692308,15.124680851063829,187.20000000000002,0.0877809976648004,False
21014,SWISS CHALET TREE DECORATION ,737.66,1662,107,0.5596428571428571,6.894018691588784,51.0,0.06913754304150964,False
21015,DARK BIRD HOUSE TREE DECORATION,510.22999999999996,1427,90,0.46184782608695646,5.6692222222222215,27.839999999999996,0.05456362816768908,False
21016,LIGHT BIRD HOUSE TREE DECORATION,537.24,800,65,0.807,8.265230769230769,20.4,0.037971856153674335,False
21017,RED BIRD HOUSE TREE DECORATION,358.28,548,39,0.8025641025641026,9.186666666666666,138.24,0.3858434743775818,False
21018,BIRD BOX CHRISTMAS TREE DECORATION,175.95,207,37,0.85,4.755405405405405,17.0,0.09661835748792272,False
21025,SPACE FROG,278.5,221,36,1.3455555555555554,7.736111111111111,25.0,0.08976660682226212,False
21026,SPACE OWL,493.62,396,55,1.2898214285714287,8.97490909090909,37.5,0.07596936915035858,False
21027,NINJA RABBIT PINK,339.3,276,46,1.2420833333333332,7.376086956521739,25.0,0.07368110816386678,False
21028,NINJA RABBIT BLACK,297.64,237,40,1.387,7.441,21.200000000000003,0.07122698562021235,False
21030,SPACE CADET RED,272.37,219,39,1.27075,6.983846153846154,15.0,0.05507214450930719,False
21031,SPACE CADET BLACK,154.91,126,25,1.2832,6.1964,25.0,0.16138402943644697,False
21032,SPACE CADET WHITE,206.73,164,32,1.3575,6.4603125,25.0,0.12093068253277223,False
21033,JUMBO BAG CHARLIE AND LOLA TOYS,6432.38,3400,292,2.589109589041096,22.028698630136986,625.0,0.09716465756065407,False
21034,REX CASH+CARRY JUMBO SHOPPER,3663.2,3856,1852,0.95,1.9779697624190065,28.5,0.007780082987551867,False
21035,SET/2 RED RETROSPOT TEA TOWELS ,8120.71,2801,290,3.2057679180887373,28.00244827586207,550.0,0.06772806811227097,False
21035,SET/2 RED SPOTTY TEA TOWELS ,7204.500000000001,2526,325,2.94390243902439,22.16769230769231,509.99999999999994,0.07078909015198832,False
21036,SET/2 TEA TOWELS MODERN VINTAGE,2.55,1,1,2.55,2.55,2.55,1.0,False
21038,SET/4 MODERN VINTAGE COTTON NAPKINS,313.90000000000003,154,48,2.095,6.539583333333334,29.5,0.09397897419560368,False
21039,RED RETROSPOT SHOPPING BAG,1529.4599999999998,606,96,2.6803125,15.931874999999998,210.0,0.1373033619708917,False
21039,RED SPOTTY SHOPPING BAG,1698.1499999999999,667,103,2.545631067961165,16.486893203883493,61.199999999999996,0.036039219150251746,False
21040,MODERN VINTAGE COTTON SHOPPING BAG,1011.4499999999999,855,46,2.110851063829787,21.988043478260867,244.79999999999998,0.24202877057689456,False
21041,RED RETROSPOT OVEN GLOVE DOUBLE,2881.3500000000004,993,200,2.948019801980198,14.406750000000002,306.0,0.10620021864750896,False
21041,RED SPOTTY OVEN GLOVE DOUBLE,3387.75,1225,129,2.934848484848485,26.261627906976745,306.0,0.09032543723710428,False
21042,RED RETROSPOT APRON ,3526.4,632,158,5.933950617283951,22.318987341772154,558.0,0.1582350272232305,False
21042,RED SPOTTY APRON ,4216.25,751,175,5.912857142857143,24.09285714285714,279.0,0.06617254669433739,False
21043,APRON MODERN VINTAGE COTTON,1502.1,598,88,3.4954545454545456,17.06931818181818,117.0,0.07789095266626724,False
21051,RIBBONS PURSE ,1295.63,657,92,2.095473684210526,14.082934782608698,81.12,0.06261046749457792,False
21054,NURSE'S BAG SOFT TOY,3112.4999999999995,350,163,8.94390243902439,19.095092024539873,170.04999999999998,0.05463453815261044,False
21055,TOOL BOX SOFT TOY ,2826.99,309,174,9.213314285714285,16.24706896551724,53.699999999999996,0.018995468678700667,False
21056,DOCTOR'S BAG SOFT TOY,3987.7299999999996,443,175,9.240057142857141,22.787028571428568,318.0,0.07974461661145565,False
21058,PARTY INVITES WOODLAND,1814.12,2204,206,0.8537142857142858,8.80640776699029,103.67999999999999,0.057151676846074126,False
21059,PARTY INVITES DINOSAURS,1273.6999999999998,1526,196,0.8473469387755102,6.498469387755101,103.67999999999999,0.08140064379367198,False
21060,PARTY INVITES BALLOON GIRL,864.1999999999999,1208,123,0.8391869918699187,7.026016260162601,109.44,0.12663735246470725,False
21061,PARTY INVITES FOOTBALL,919.27,1303,124,0.8336507936507936,7.4134677419354835,109.44,0.11905098610854264,False
21062,PARTY INVITES SPACEMAN,833.53,1009,120,0.8450413223140496,6.946083333333333,30.599999999999998,0.03671133612467457,False
21063,PARTY INVITES JAZZ HEARTS,1136.71,1363,198,0.8552525252525253,5.7409595959595965,103.67999999999999,0.09121059900942192,False
21064,BOOM BOX SPEAKER BOYS,3567.1,712,100,5.365533980582524,35.671,2180.0,0.6111407025314681,False
21065,BOOM BOX SPEAKER GIRLS,975.9,510,56,4.775,17.426785714285714,120.0,0.12296341838303106,False
21066,VINTAGE RED MUG,1414.96,2246,109,1.0445871559633026,12.981284403669726,345.6,0.24424718719963817,False
21067,VINTAGE RED TEATIME MUG,3269.92,4481,179,1.0939444444444444,18.267709497206706,489.6,0.1497284337231492,False
21068,VINTAGE BILLBOARD LOVE/HATE MUG,3753.26,3848,255,1.1902325581395348,14.718666666666667,576.0,0.15346658638090618,False
21069,VINTAGE BILLBOARD TEA MUG,4135.09,4175,176,1.2335754189944135,23.494829545454547,725.0400000000001,0.1753383844124312,False
21070,VINTAGE BILLBOARD MUG ,1798.66,1878,163,1.252710843373494,11.03472392638037,345.6,0.19214303981853156,False
21071,VINTAGE BILLBOARD DRINK ME MUG,4285.84,3969,314,1.215830721003135,13.649171974522293,489.6,0.1142366490582943,False
21076,SET/20 COLLAGE PAPER NAPKIN ,583.8199999999999,758,72,0.8443243243243242,8.10861111111111,122.88,0.21047583159192904,False
21077,SET/20 WOODLAND PAPER NAPKINS ,1990.53,2745,167,0.830235294117647,11.91934131736527,245.76,0.12346460490422148,False
21078,SET/20 STRAWBERRY PAPER NAPKINS ,5097.7699999999995,6539,537,0.844029304029304,9.493054003724394,69.12,0.013558869858781391,False
21080,SET/20 RED RETROSPOT PAPER NAPKINS ,11210.57,14307,889,0.8393149171270717,12.610314960629921,138.24,0.012331219554402676,False
21080,SET/20 RED SPOTTY PAPER NAPKINS ,10925.199999999999,14569,779,0.8356091370558376,14.024646983311937,368.64,0.033742174056310185,False
21081,SET/20 POSIES PAPER NAPKINS,3.4,4,4,0.85,0.85,0.85,0.25,False
21082,SET/20 FRUIT SALAD PAPER NAPKINS ,1240.3600000000001,3988,115,0.8388034188034188,10.785739130434784,522.24,0.4210390531781095,False
21084,SET/6 COLLAGE PAPER CUPS,645.84,2462,135,0.3540287769784173,4.784,45.6,0.07060572277963582,False
21085,SET/6 WOODLAND PAPER CUPS,1843.1200000000001,13712,56,0.6363793103448276,32.91285714285714,1274.4,0.6914362602543513,False
21086,SET/6 RED SPOTTY PAPER CUPS,9106.26,15066,619,0.6510810810810811,14.71124394184168,305.28000000000003,0.033524191050991296,False
21087,SET/6 POSIES PAPER CUPS,123.22000000000001,220,20,0.5623809523809524,6.1610000000000005,15.600000000000001,0.1266028242168479,False
21088,SET/6 FRUIT SALAD PAPER CUPS,1150.8100000000002,9363,103,0.3560576923076923,11.172912621359226,570.24,0.49551185686603344,False
21089,SET/6 GREEN SPRING PAPER CUPS,100.98,316,36,0.36888888888888893,2.805,7.800000000000001,0.07724301841948901,False
21090,SET/6 COLLAGE PAPER PLATES,1027.99,2249,156,0.5592993630573249,6.589679487179487,93.60000000000001,0.09105146937227017,False
21091,SET/6 WOODLAND PAPER PLATES,1817.16,13668,34,0.8165714285714285,53.445882352941176,1296.0,0.7132008188601994,False
21092,SET/6 STRAWBERRY PAPER PLATES,1504.94,12806,18,0.7966666666666666,83.60777777777778,1248.0,0.8292689409544566,False
21094,SET/6 RED SPOTTY PAPER PLATES,12689.72,17164,691,0.8276834532374101,18.364283646888566,368.64,0.029050286373537005,False
21095,SET/6 POSIES PAPER PLATES,205.7,242,27,0.85,7.618518518518518,20.4,0.09917355371900827,False
21096,SET/6 FRUIT SALAD  PAPER PLATES,1661.3000000000002,8768,100,0.5484,16.613000000000003,911.0400000000001,0.54838981520496,False
21097,SET/6 GREEN SPRING  PAPER PLATE,27.2,32,7,0.85,3.8857142857142857,10.2,0.375,False
21098,CHRISTMAS TOILET ROLL,7377.900000000001,6284,410,1.2657511737089202,17.99487804878049,1272.0,0.17240678241776114,False
21099,SET/6 STRAWBERRY PAPER CUPS,1444.2,13188,28,0.6310344827586207,51.57857142857143,1296.0,0.8973826339842127,False
21100,CHARLIE AND LOLA CHARLOTTE BAG,2862.4,2220,158,1.5755974842767295,18.116455696202532,255.0,0.0890860816098379,False
21102,"CANDLE IN JAR COLLAGE , VANILLA",165.75,65,12,2.55,13.8125,30.599999999999998,0.1846153846153846,False
21106,CREAM SLICE FLANNEL CHOCOLATE SPOT ,1982.3000000000002,698,120,2.9136363636363636,16.519166666666667,61.199999999999996,0.03087322806840538,False
21107,CREAM SLICE FLANNEL PINK SPOT ,5873.55,2157,228,2.901304347826087,25.761184210526316,612.0,0.10419592920805985,False
21108,FAIRY CAKE FLANNEL ASSORTED COLOUR,16731.2,9382,405,2.0005159705159703,41.31160493827161,6539.400000000001,0.39085062637467727,False
21109,LARGE CAKE TOWEL CHOCOLATE SPOTS,2082.15,829,64,4.020588235294118,32.53359375,280.79999999999995,0.13486060082126644,False
21109,"LARGE CAKE TOWEL, CHOCOLATE SPOTS",1500.45,223,97,6.725257731958763,15.468556701030929,67.5,0.04498650404878536,False
21110,LARGE CAKE TOWEL PINK SPOTS,5387.55,1245,228,6.287068965517241,23.629605263157895,280.79999999999995,0.052120165938135135,False
21111,"SWISS ROLL TOWEL, CHOCOLATE  SPOTS",2472.65,1201,127,2.618992248062016,19.46968503937008,122.39999999999999,0.04950154692334135,False
21112,SWISS ROLL TOWEL PINK  SPOTS,1782.1799999999998,666,27,3.1581481481481486,66.00666666666666,708.0,0.3972662694003973,False
21112,"SWISS ROLL TOWEL, PINK  SPOTS",3111.55,1381,99,2.713,31.429797979797982,566.4000000000001,0.18203146341855347,False
21114,LAVENDER SCENTED FABRIC HEART,6845.43,5531,457,1.267542735042735,14.979059080962802,212.0,0.03096956655754277,False
21115,ROSE CARAVAN DOORSTOP,6747.16,1160,356,6.418603351955308,18.952696629213484,642.0,0.09515114507437203,False
21116,OWL DOORSTOP,4564.59,953,246,4.94085020242915,18.555243902439024,297.5,0.06517562365951816,False
21117,BLOND DOLL DOORSTOP,502.08,328,26,1.912692307692308,19.310769230769232,190.07999999999998,0.378585086042065,False
21118,SHOPPING BAG DOORSTOP,104.25,69,7,2.5357142857142856,14.892857142857142,18.75,0.17985611510791366,False
21121,SET/10 RED POLKADOT PARTY CANDLES,10148.49,8469,435,1.2465454545454546,23.329862068965518,305.28000000000003,0.030081322443043255,False
21121,SET/10 RED SPOTTY PARTY CANDLES,7794.41,6469,348,1.2456818181818183,22.39772988505747,610.5600000000001,0.07833306177119244,False
21122,SET/10 PINK POLKADOT PARTY CANDLES,7716.360000000001,6391,373,1.2506842105263158,20.687292225201073,305.28000000000003,0.039562695364135425,False
21122,SET/10 PINK SPOTTY PARTY CANDLES,6807.88,5636,363,1.2458695652173915,18.754490358126723,305.28000000000003,0.04484215350446835,False
21123,SET/10 IVORY POLKADOT PARTY CANDLES,1587.06,1272,113,1.2391379310344828,14.044778761061947,90.0,0.05670863105364637,False
21123,SET/10 IVORY SPOTTY PARTY CANDLES,1555.88,1252,74,1.2449333333333334,21.025405405405408,90.0,0.05784507802658302,False
21124,SET/10 BLUE POLKADOT PARTY CANDLES,6069.87,5031,291,1.2474149659863947,20.858659793814432,305.28000000000003,0.05029432261316964,False
21124,SET/10 BLUE SPOTTY PARTY CANDLES,5921.35,4883,306,1.2457643312101911,19.350816993464054,305.28000000000003,0.05155581075261554,False
21125,SET 6 FOOTBALL CELEBRATION CANDLES,2070.27,2031,197,1.220686274509804,10.508984771573603,109.44,0.05286267008651045,False
21126,SET OF 6 GIRLS CELEBRATION CANDLES,2132.93,2185,208,1.2208962264150942,10.254471153846152,164.16,0.07696455111044433,False
21127,COLOURFUL FISHING GNOME,833.65,283,36,5.8,23.156944444444445,220.0,0.2638997181071193,False
21128,GOLD FISHING GNOME,464.71000000000004,96,28,6.3967857142857145,16.596785714285716,47.6,0.1024294721439177,False
21129,SILVER FISHING GNOME ,688.45,102,41,7.475609756097561,16.791463414634148,48.65,0.070665988815455,False
21130,COLOURFUL STANDING GNOME,1112.25,705,39,3.355128205128205,28.51923076923077,360.0,0.32366824005394473,False
21131,GOLD STANDING GNOME,910.25,253,28,4.008620689655173,32.50892857142857,450.0,0.4943696786597089,False
21132,SILVER STANDING GNOME   ,300.0,72,29,4.043103448275862,10.344827586206897,51.0,0.17,False
21133,PAINTED BIRD ASSORTED CHRISTMAS,691.21,409,41,1.6899999999999997,16.85878048780488,60.839999999999996,0.08801955990220048,False
21134,VICTORIAN METAL POSTCARD CHRISTMAS,579.15,351,42,1.65,13.789285714285715,85.79999999999998,0.1481481481481481,False
21135,VICTORIAN  METAL POSTCARD SPRING,7979.05,5449,375,1.6827979274611398,21.277466666666665,162.24,0.02033324769239446,False
21136,PAINTED METAL PEARS ASSORTED,16578.14,10030,712,1.6883194444444443,23.28390449438202,255.2,0.01539376552496239,False
21137,BLACK RECORD COVER FRAME,63013.22,18395,536,3.6297026022304832,117.5619776119403,3254.4,0.05164630533084962,False
21143,ANTIQUE GLASS HEART DECORATION ,3783.6,1984,151,1.9442307692307692,25.056953642384105,163.79999999999998,0.043292102759276876,False
21144,PINK POODLE HANGING DECORATION ,216.23000000000002,493,41,0.5073809523809524,5.273902439024391,18.240000000000002,0.08435462239282246,False
21145,ANTIQUE GLASS PLACE SETTING,977.97,826,38,1.24,25.736052631578946,152.64000000000001,0.15607840731310776,False
21146,ANTIQUE GLASS RIDGED HANGING BALL,1450.35,773,52,1.9384615384615385,27.89134615384615,158.39999999999998,0.1092150170648464,False
21147,JINGLE BELLS TREE DECORATION,554.94,329,46,2.051276595744681,12.063913043478262,37.800000000000004,0.06811547194291274,False
21153,RED SPOTTY TABLECLOTH ,3832.5,370,123,10.632439024390244,31.158536585365855,424.5,0.11076320939334638,False
21154,RED RETROSPOT OVEN GLOVE ,4856.88,4132,342,1.2831428571428571,14.20140350877193,212.0,0.0436494210274909,False
21154,RED SPOTTY OVEN GLOVE ,3081.69,2545,248,1.247007874015748,12.42616935483871,212.0,0.06879342179128985,False
21155,RED RETROSPOT PEG BAG,6871.45,3006,426,2.4445011600928073,16.130164319248827,338.0,0.04918903579302767,False
21155,RED SPOTTY PEG BAG,4822.92,2544,292,2.043378839590444,16.516849315068495,450.0,0.09330447115025751,False
21156,RED SPOTTY CHILDS APRON,4478.7,2432,271,1.9307692307692308,16.526568265682656,247.5,0.05526157143814053,False
21156,RETROSPOT CHILDRENS APRON,11445.369999999999,6377,524,1.9600760456273765,21.84230916030534,990.0,0.08649785895956182,False
21157,RED RETROSPOT WASHBAG,134.4,64,17,2.1,7.905882352941177,23.1,0.171875,False
21157,RED SPOTTY WASHBAG,1133.2800000000002,542,92,2.0955913978494625,12.31826086956522,37.800000000000004,0.033354510800508254,False
21158,MOODY GIRL DOOR HANGER ,1577.59,2413,258,0.9563940520446096,6.11468992248062,109.44,0.06937163648349698,False
21159,MOODY BOY  DOOR HANGER ,1273.28,1984,213,1.0335981308411215,5.9778403755868545,109.44,0.08595124403116361,False
21160,KEEP OUT GIRLS DOOR HANGER ,457.87,691,48,1.2897916666666667,9.538958333333333,109.44,0.23901980911612467,False
21161,KEEP OUT BOYS DOOR HANGER ,1564.96,2200,159,1.3823170731707317,9.84251572327044,364.8,0.23310499948880484,False
21162,TOXIC AREA  DOOR HANGER ,1431.1899999999998,2241,237,0.9433891213389122,6.038776371308016,109.44,0.07646783445943586,False
21163,DO NOT TOUCH MY STUFF DOOR HANGER ,1532.2,2649,210,1.030633484162896,7.296190476190477,255.36,0.1666623156245921,False
21164,HOME SWEET HOME METAL SIGN ,15844.240000000002,5824,628,2.9306666666666668,25.22968152866242,734.4,0.04635122921642186,False
21165,BEWARE OF THE CAT METAL SIGN ,14009.22,9042,776,1.664080604534005,18.05311855670103,336.0,0.023984204688055438,False
21166,COOK WITH WINE METAL SIGN ,36066.43,19096,1219,1.977860048820179,29.586899097621,809.76,0.02245190333504037,False
21167,WHITE SAGE INCENSE,414.18,2008,50,0.209,8.2836,30.24,0.07301173402868318,False
21169,YOU'RE CONFUSING ME METAL SIGN ,13384.25,8609,618,1.6614285714285715,21.657362459546924,626.4,0.046801277621084485,False
21171,BATHROOM METAL SIGN ,2461.2999999999997,1810,226,1.4244493392070483,10.890707964601768,240.0,0.09750944622760331,False
21172,PARTY METAL SIGN ,10299.269999999999,7379,801,1.459889840881273,12.858014981273406,250.0,0.024273565019656735,False
21173,LOO ROLL  METAL SIGN ,527.2499999999999,321,60,1.6467213114754096,8.787499999999998,59.4,0.11266002844950215,False
21174,POTTERING IN THE SHED METAL SIGN,17806.71,9243,855,1.9918013856812935,20.82656140350877,573.6,0.03221257604577151,False
21175,GIN + TONIC DIET METAL SIGN,37157.3,17721,1382,2.25928981348637,26.88661360347323,3380.0,0.09096462875397297,False
21175,GIN AND TONIC DIET METAL SIGN,1118.46,474,37,2.5118918918918918,30.22864864864865,199.68,0.1785311946783971,False
21179,NO JUNK MAIL METAL SIGN,3035.39,4027,359,0.9829076086956521,8.455125348189414,201.6,0.0664165066103532,False
21181,PLEASE ONE PERSON  METAL SIGN,3522.6000000000004,1786,150,2.0768211920529804,23.484,532.8000000000001,0.15125191619826264,False
21181,PLEASE ONE PERSON METAL SIGN,44086.8,22266,1393,2.0731156848828958,31.64881550610194,1089.8400000000001,0.024720324450856042,False
21185, HOME SWEET HOME  BLACKBOARD,677.8599999999999,110,30,6.321333333333333,22.59533333333333,131.76,0.19437641990971588,False
21185,HOME SWEET HOME  BLACKBOARD,19.049999999999997,3,3,6.349999999999999,6.349999999999999,6.35,0.33333333333333337,False
21186,WHITE DOVE HONEYCOMB PAPER GARLAND,7714.549999999999,5007,274,1.622142857142857,28.155291970802917,362.5,0.04698913092792192,False
21187,WHITE BELL HONEYCOMB PAPER GARLAND ,1946.5499999999997,1251,108,1.6357142857142857,18.02361111111111,417.59999999999997,0.21453340525545198,False
21188,3D HEARTS  HONEYCOMB PAPER GARLAND,2360.3500000000004,821,94,2.9295918367346943,25.110106382978728,122.39999999999999,0.05185671616497552,False
21189,WHITE HONEYCOMB PAPER GARLAND ,866.7499999999999,543,61,1.6401639344262295,14.20901639344262,72.5,0.08364580328814539,False
21190,PINK HEARTS PAPER GARLAND,1071.35,679,83,1.6360465116279068,12.907831325301204,159.5,0.14887758435618614,False
21191,LARGE WHITE HONEYCOMB PAPER BELL  ,2323.7000000000003,1210,115,2.068189655172414,20.20608695652174,162.24,0.06981968412445669,False
21192,WHITE BELL HONEYCOMB PAPER ,2772.6499999999996,1797,112,1.63135593220339,24.75580357142857,417.59999999999997,0.1506140335058518,False
21193,WHITE HONEYCOMB PAPER FAN ,158.36,84,14,2.0726666666666667,11.311428571428573,74.36,0.46956302096489005,False
21194,PINK  HONEYCOMB PAPER FAN,492.14000000000004,491,60,1.298225806451613,8.202333333333334,50.400000000000006,0.10240988336652172,False
21195,PINK  HONEYCOMB PAPER BALL ,1018.6800000000001,622,55,1.9910909090909092,18.521454545454546,81.12,0.07963246554364471,False
21196,ROUND WHITE CONFETTI IN TUBE,260.7,158,17,1.65,15.335294117647058,39.599999999999994,0.15189873417721517,False
21197,MULTICOLOUR  CONFETTI IN TUBE,581.7599999999999,400,30,1.5974193548387094,19.391999999999996,69.6,0.11963696369636966,False
21198,WHITE HEART CONFETTI IN TUBE,1239.7499999999998,1115,80,1.495679012345679,15.496874999999998,69.6,0.05614035087719299,False
21199,PINK  HEART CONFETTI IN TUBE,1251.3,1122,92,1.528817204301075,13.601086956521739,69.6,0.05562215296092064,False
21200,MULTICOLOUR HONEYCOMB PAPER GARLAND,1678.1499999999999,1259,75,1.5684210526315787,22.37533333333333,208.79999999999998,0.1244227274081578,False
21201,TROPICAL  HONEYCOMB PAPER GARLAND ,5947.2,2616,182,2.4877659574468085,32.676923076923075,302.40000000000003,0.050847457627118654,False
21202,DOLLY HONEYCOMB GARLAND,904.65,765,54,1.5648148148148149,16.752777777777776,124.80000000000001,0.13795390482507047,False
21203,BUTTERFLIES  HONEYCOMB GARLAND,2169.0,1396,104,1.6350467289719626,20.85576923076923,417.59999999999997,0.1925311203319502,False
21204,DAISIES  HONEYCOMB GARLAND ,2266.6499999999996,1429,142,1.6416666666666666,15.96232394366197,417.59999999999997,0.18423664879888824,False
21205,MULTICOLOUR 3D BALLS GARLAND,1404.0,576,107,2.5379464285714284,13.121495327102803,100.80000000000001,0.0717948717948718,False
21206,STRAWBERRY HONEYCOMB  GARLAND ,2808.1499999999996,2051,189,1.6081151832460732,14.857936507936506,124.80000000000001,0.04444207040222211,False
21207,SKULL AND CROSSBONES  GARLAND ,4627.95,2991,208,1.633732057416268,22.249759615384615,835.1999999999999,0.18046867403493988,False
21208,PASTEL COLOUR HONEYCOMB FAN,692.25,939,75,0.892077922077922,9.23,69.6,0.10054171180931744,False
21209,MULTICOLOUR HONEYCOMB FAN,976.3699999999999,1317,82,0.9729268292682927,11.906951219512194,69.6,0.07128445159109764,False
21210,SET OF 72 RETRO SPOT PAPER  DOILIES,10379.699999999999,7458,448,1.4415367483296213,23.16897321428571,417.59999999999997,0.04023237665828492,False
21210,SET OF 72 RETROSPOT PAPER  DOILIES,10020.869999999999,7138,478,1.4586458333333332,20.964163179916316,556.8,0.05556403785300079,False
21211,SET OF 72 SKULL PAPER  DOILIES,3175.25,2309,183,1.4456521739130435,17.351092896174862,720.0,0.2267537989134714,False
21212,PACK OF 72 RETRO SPOT CAKE CASES,21470.3,44426,1153,0.5364595744680851,18.62124891587164,384.0,0.017885171609153108,False
21212,PACK OF 72 RETROSPOT CAKE CASES,21420.61,44482,1342,0.5452631578947369,15.961706408345753,604.8,0.0282344900542048,False
21213,PACK OF 72 SKULL CAKE CASES,18270.23,38441,1154,0.5392261904761905,15.832088388214904,480.0,0.026272247256876352,False
21214,SET OF 72 IVORY PAPER DOILIES,2578.2,1884,125,1.4421259842519685,20.6256,480.0,0.18617640214102862,False
21215, IVORY PAPER CUP CAKE CASES ,521.1,1146,23,0.5283333333333334,22.656521739130437,201.6,0.386873920552677,False
21215,IVORY PAPER CUP CAKE CASES ,1454.89,2797,159,0.5451552795031056,9.150251572327045,100.8,0.0692835884499859,False
21216,"SET 3 RED SPOT TIN TEA,COFFEE,SUGAR",6585.3,1422,239,4.891908713692946,27.55355648535565,510.0,0.0774452188966334,False
21216,"SET 3 RETROSPOT TEA,COFFEE,SUGAR",9298.17,2045,282,4.897832167832168,32.97223404255319,510.0,0.05484950264406867,False
21217,RED RETROSPOT ROUND CAKE TINS,11894.05,1259,347,9.866905444126074,34.27680115273775,1074.0,0.09029724946506867,False
21217,RED SPOTTY ROUND CAKE TINS,13077.25,1375,410,9.837804878048779,31.895731707317072,322.2,0.024638207574222408,False
21218,RED SPOTTY BISCUIT TIN,16159.45,4637,587,3.714737732656514,27.52887563884157,390.0,0.02413448477516252,False
21219,SET/4 BADGES BALLOON GIRL,1050.44,838,101,1.2951456310679612,10.400396039603962,25.0,0.023799550664483454,False
21220,SET/4 BADGES DOGS,658.31,516,82,1.3228915662650602,8.028170731707316,25.0,0.03797602953016056,False
21221,SET/4 BADGES CUTE CREATURES,578.39,454,61,1.2698360655737704,9.481803278688524,25.0,0.043223430557236465,False
21222,SET/4 BADGES BEETLES,672.18,530,84,1.3496470588235294,8.002142857142857,25.0,0.03719241869737273,False
21223,SET/4 BADGES WOODLAND ANIMAL,564.5,482,35,1.2447222222222223,16.12857142857143,212.0,0.3755535872453499,False
21224,SET/4 SKULL BADGES,2417.4,1940,205,1.2472727272727273,11.79219512195122,62.5,0.02585422354595847,False
21225,POCKET MIRROR BUTTERFLY ,2.5,2,2,1.25,1.25,1.25,0.5,False
21226,POCKET MIRROR WOODLAND,152.5,122,20,1.25,7.625,18.75,0.12295081967213115,False
21228,"POCKET MIRROR ""GLAMOROUS""",118.75,95,29,1.25,4.094827586206897,18.75,0.15789473684210525,False
21231,SWEETHEART CERAMIC TRINKET BOX,21447.66,18198,1164,1.2468765743073047,18.42582474226804,152.64000000000001,0.007116860300844009,False
21232,STRAWBERRY CERAMIC TRINKET BOX,38771.64,33115,1809,1.2357003785830178,21.432636815920397,534.24,0.013779143724639968,False
21232,STRAWBERRY CERAMIC TRINKET POT,1305.79,1031,75,1.3380263157894736,17.410533333333333,76.32000000000001,0.058447376683846565,False
21238,RED RETROSPOT CUP,3304.31,4115,338,0.8473391812865497,9.776065088757397,69.12,0.02091813419443091,False
21238,RED SPOTTY CUP,3578.75,4390,358,0.84534435261708,9.996508379888269,69.12,0.019314006287111423,False
21239,PINK  POLKADOT CUP,2459.67,3069,254,0.8464453125,9.683740157480315,69.12,0.028101330666308898,False
21239,PINK  SPOTTY CUP,2731.33,3360,294,0.8456228956228956,9.290238095238095,69.12,0.025306352582807647,False
21240,BLUE  SPOTTY CUP,2534.58,3114,296,0.8460606060606061,8.56277027027027,69.12,0.02727079042681628,False
21240,BLUE POLKADOT CUP,2868.41,3619,268,0.8422962962962962,10.7030223880597,252.0,0.08785354952743855,False
21241,GREEN POLKADOT CUP,94.35,111,10,0.85,9.434999999999999,27.2,0.2882882882882883,False
21241,GREEN SPOTTY CUP,1661.3999999999999,2028,205,0.8468446601941747,8.104390243902438,69.12,0.041603466955579635,False
21242,RED RETROSPOT PLATE ,5251.37,3305,269,1.6766666666666665,19.52182156133829,139.2,0.026507368553348933,False
21242,RED SPOTTY PLATE ,5015.91,3135,247,1.67834008097166,20.30732793522267,278.4,0.05550338821868813,False
21243,PINK  POLKADOT PLATE ,3601.14,2274,171,1.6746511627906975,21.059298245614034,139.2,0.038654426098402174,False
21243,PINK  SPOTTY PLATE ,4278.07,2695,204,1.6770588235294117,20.970931372549018,278.4,0.0650760740240342,False
21243,PINK POLKADOT PLATE ,318.34,202,18,1.6766666666666667,17.685555555555553,139.2,0.4372683294590689,False
21244,BLUE  SPOTTY PLATE ,3599.14,2266,178,1.6779999999999997,20.21988764044944,278.4,0.07735181182171297,False
21244,BLUE POLKADOT PLATE ,3778.5899999999997,2379,182,1.6756521739130434,20.761483516483516,139.2,0.036839138408771524,False
21245,GREEN  SPOTTY PLATE ,2077.7999999999997,1284,131,1.682781954887218,15.861068702290074,139.2,0.06699393589373376,False
21245,GREEN POLKADOT PLATE ,1846.1799999999998,1146,123,1.69512,15.009593495934958,139.2,0.07539893184846548,False
21246,RED RETROSPOT BIG BOWL,1032.6000000000001,212,50,4.936,20.652,102.0,0.0987797791981406,False
21246,RED SPOTTY BIG BOWL,1973.1000000000001,402,85,4.9417647058823535,23.21294117647059,102.0,0.05169530180933556,False
21247,SET OF RED SALAD SERVERS ,596.0,400,61,1.49,9.770491803278688,17.88,0.03,False
21248,DOOR HANGER  MUM + DADS ROOM,1159.6399999999999,932,131,1.4112213740458015,8.852213740458014,104.39999999999999,0.09002793970542583,False
21249,WOOD ANIMALS HEIGHT CHART STICKERS ,17.700000000000003,6,1,2.95,17.700000000000003,17.700000000000003,1.0,False
21249,WOODLAND  HEIGHT CHART STICKERS ,4186.650000000001,1543,187,2.908877005347594,22.388502673796793,229.49999999999997,0.054817097201820056,False
21250,SET OF SKULL WALL STICKERS,950.5,394,53,2.879245283018868,17.933962264150942,199.2,0.20957390846922672,False
21251,DINOSAUR HEIGHT CHART STICKER SET,1453.5000000000002,546,102,2.9334313725490198,14.250000000000002,199.2,0.13704850361197107,False
21252,SET OF MEADOW  FLOWER STICKERS,375.65000000000003,161,16,2.743125,23.478125000000002,76.5,0.20364701184613335,False
21253,SET OF PICTURE FRAME  STICKERS,598.59,225,51,2.866470588235294,11.737058823529413,76.5,0.12780033077732672,False
21255,"FRENCH BOTTLE , LAVENDER",655.8499999999999,409,55,1.6427272727272726,11.924545454545452,69.6,0.10612182663718839,False
21256,"FRENCH BOTTLE, BRASSERIE DES ARTIST",446.09999999999997,282,35,1.6385714285714283,12.745714285714286,69.6,0.15601882985877605,False
21257,VICTORIAN SEWING BOX MEDIUM,9368.69,1243,356,7.929943977591037,26.316544943820226,618.5500000000001,0.06602310461761464,False
21258,VICTORIAN SEWING BOX LARGE,13126.23,1117,332,12.592792792792793,39.53683734939759,350.4,0.02669464118791153,False
21259,VICTORIAN SEWING BOX SMALL ,12292.01,2150,552,5.923978300180832,22.268134057971015,1152.0,0.09371941610851277,False
21260,FIRST AID TIN,10503.35,3317,440,3.2393905191873587,23.87125,1768.0,0.16832724797326568,False
21261,GREEN GOOSE FEATHER CHRISTMAS TREE ,834.7500000000001,245,43,4.903488372093023,19.41279069767442,123.9,0.14842767295597484,False
21262,WHITE GOOSE FEATHER CHRISTMAS TREE ,1388.65,447,80,3.825,17.358125,70.80000000000001,0.050984769380333424,False
21263,GREEN GOOSE FEATHER TREE 60CM,577.8,284,43,2.3136363636363635,13.43720930232558,140.4,0.2429906542056075,False
21264,WHITE GOOSE FEATHER TREE 60CM ,766.8,344,56,3.0928571428571425,13.692857142857141,46.8,0.06103286384976526,False
21265,PINK GOOSE FEATHER TREE 60CM,625.1999999999999,296,27,2.838888888888889,23.15555555555555,140.4,0.2245681381957774,False
21267,VINTAGE PINK TINSEL REEL ,27.3,13,4,2.1,6.825,12.600000000000001,0.46153846153846156,False
21268,VINTAGE BLUE TINSEL REEL,209.58,383,38,0.5839024390243903,5.515263157894737,50.400000000000006,0.2404809619238477,False
21269,ANTIQUE CREAM CUTLERY SHELF ,901.0,106,58,8.5,15.53448275862069,34.0,0.03773584905660377,False
21270,ANTIQUE CREAM CUTLERY CUPBOARD,497.25,39,27,12.75,18.416666666666668,76.5,0.15384615384615385,False
21272,SALLE DE BAIN HOOK,2686.86,2166,230,1.2497021276595746,11.682,213.12,0.07931935419039325,False
21274,EMBOSSED HEART 3 DRAWER SHELF,2000.1,158,88,12.729775280898878,22.72840909090909,89.25,0.04462276886155692,False
21275,ZINC TOP  2 DOOR WOODEN SHELF ,1351.45,231,44,10.654545454545454,30.714772727272727,63.2,0.04676458618520848,False
21276,TWO EMBOSSED HEART MINI DRAWERS,1516.9,662,28,3.8785714285714286,54.175000000000004,280.8,0.18511437800777902,False
21277,FRENCH STYLE EMBOSSED HEART CABINET,902.9499999999999,42,37,21.599999999999998,24.40405405405405,56.849999999999994,0.06296029680491722,False
21278,VINTAGE KITCHEN PRINT PUDDINGS,1047.1499999999999,1493,69,2.516666666666666,15.176086956521738,300.0,0.2864919066036385,False
21279,VINTAGE KITCHEN PRINT FRUITS,918.0,1832,55,2.508181818181818,16.69090909090909,408.0,0.4444444444444444,False
21280,VINTAGE KITCHEN PRINT VEGETABLES,1402.2,2068,52,2.3663461538461537,26.965384615384615,312.0,0.22250748823277705,False
21281,VINTAGE KITCHEN PRINT SEAFOOD,1168.2,2108,36,2.3791666666666664,32.45,384.0,0.32871083718541344,False
21282,NATURAL BARK CANDLE LARGE,1318.25,325,58,4.206896551724138,22.728448275862068,112.5,0.0853404134268917,False
21283,NATURAL BARK CANDLE SMALL,1457.75,479,67,3.1838235294117645,21.757462686567163,132.0,0.09055050591665237,False
21284,RETRO SPOT CANDLE  SMALL,599.57,365,35,1.6694285714285715,17.13057142857143,69.6,0.11608319295495102,False
21284,RETROSPOT CANDLE  SMALL,817.52,1080,58,1.0993103448275863,14.095172413793103,40.56,0.04961346511400333,False
21285,RETRO SPOT CANDLE  MEDIUM,502.80000000000007,248,23,2.0673913043478263,21.860869565217396,88.80000000000001,0.1766109785202864,False
21285,RETROSPOT CANDLE  MEDIUM,663.62,678,47,1.530212765957447,14.119574468085107,50.400000000000006,0.0759470781471324,False
21286,RETRO SPOT CANDLE  LARGE,672.0,272,30,2.52,22.4,75.60000000000001,0.11250000000000002,False
21286,RETROSPOT CANDLE  LARGE,735.8199999999999,690,37,1.324054054054054,19.887027027027024,61.199999999999996,0.08317251501725965,False
21287,SCENTED VELVET LOUNGE CANDLE ,1799.82,4077,83,0.6630120481927712,21.684578313253013,273.6,0.15201520152015202,False
21288,STRIPEY CHOCOLATE NESTING BOXES,1972.7,826,129,2.796511627906977,15.292248062015505,81.6,0.041364627160744155,False
21289,LARGE STRIPES CHOCOLATE GIFT BAG,1290.15,1235,59,1.1583050847457628,21.866949152542375,220.0,0.17052280742549314,False
21291,SMALL POLKADOT CHOCOLATE GIFT BAG ,1099.8999999999999,1294,60,0.85,18.331666666666663,136.0,0.12364760432766617,False
21291,SMALL SPOTTY CHOCOLATE GIFT BAG ,853.52,1016,62,0.8398387096774194,13.766451612903225,27.2,0.03186802886868498,False
21292,SMALL STRIPES CHOCOLATE GIFT BAG ,1393.53,2421,81,0.72,17.204074074074075,245.76,0.17635788249983853,False
21293,MIRRORED DOVE WALL DECORATION,535.4300000000001,254,42,2.147209302325581,12.748333333333335,50.400000000000006,0.09412995162766374,False
21294,ETCHED GLASS COASTER,1465.3799999999999,2130,116,0.8783050847457627,12.632586206896551,74.88,0.05109937354133399,False
21298,EDWARDIAN 2 DRAWER WALL CABINET ,656.1,46,13,18.103846153846156,50.46923076923077,102.0,0.15546410608139002,False
21299,EDWARDIAN TOILET ROLL UNIT ,813.7500000000001,157,28,8.35,29.062500000000004,189.60000000000002,0.2329953917050691,False
21300,ANTIQUE EDWARDIAN DRESSER,609.9,42,11,16.13181818181818,55.445454545454545,102.0,0.16724053123462865,False
21303,FILIGREE WALL MIRROR  ANTIQUE WHITE,783.35,81,25,12.813999999999998,31.334,119.0,0.1519116614540116,False
21304,ARCHED GREY MIRROR,540.6,84,16,9.3375,33.7875,158.4,0.293007769145394,False
21306,SET/4 DAISY MIRROR MAGNETS,295.58,650,56,1.0058928571428571,5.278214285714285,20.88,0.07064077407131741,False
21307,SET/4 BUTTERFLY MIRROR MAGNETS,570.2,725,54,1.7077777777777778,10.55925925925926,91.2,0.15994387934058224,False
21308,LOUVRE VANITY MIRROR,653.85,129,3,6.966666666666666,217.95000000000002,630.0,0.9635237439779766,False
21309,LOUVRE CHALKBOARD,325.6,49,5,9.16,65.12,246.0,0.7555282555282554,False
21310,CAPIZ CHANDELIER,149.75,5,3,29.95,49.916666666666664,59.9,0.39999999999999997,False
21311,SET/4 BIRD MIRROR MAGNETS ,468.28000000000003,655,75,1.125921052631579,6.243733333333334,50.400000000000006,0.10762791492269583,False
21312,LARGE CHUNKY GLASS ROMAN BOWL,1072.4,280,20,4.79,53.620000000000005,618.8000000000001,0.577023498694517,False
21313,GLASS HEART T-LIGHT HOLDER ,4229.65,5665,254,0.8314843749999999,16.65216535433071,122.88,0.02905204922393106,False
21314,SMALL GLASS HEART TRINKET POT,18900.260000000002,9547,707,2.0871107994389906,26.733041018387556,1110.0,0.05872935081316341,False
21316,SMALL CHUNKY GLASS ROMAN  BOWL,1007.34,668,34,2.0011764705882356,29.62764705882353,387.59999999999997,0.38477574602418246,False
21317,GLASS SPHERE CANDLE STAND MEDIUM,1164.9,326,64,5.305384615384615,18.2015625,150.0,0.12876641771825906,False
21318,GLASS CHALICE BLUE SMALL ,740.24,904,77,1.241025641025641,9.613506493506494,50.75,0.06855884577974711,False
21319,GLASS CHALICE GREEN  SMALL ,583.31,435,47,1.5257446808510637,12.410851063829787,52.199999999999996,0.08948929385746858,False
21320,GLASS CHALICE GREEN  LARGE ,676.71,337,36,2.2159459459459456,18.7975,136.5,0.20171122046371415,False
21321,GLASS CHALICE BLUE  LARGE ,211.05,93,12,2.475,17.587500000000002,73.5,0.34825870646766166,False
21322,GLASS SPHERE CANDLE STAND LARGE ,562.45,299,13,4.273076923076923,43.26538461538462,150.0,0.26669037247755356,False
21323,HANGING MEDINA LANTERN LARGE,2188.5,701,53,4.166981132075471,41.29245283018868,840.0,0.3838245373543523,False
21324,HANGING MEDINA LANTERN SMALL,2270.6000000000004,884,124,2.929761904761905,18.31129032258065,624.0,0.27481722892627497,False
21326,AGED GLASS SILVER T-LIGHT HOLDER,10276.2,16908,529,0.6412962962962964,19.425708884688092,158.4,0.015414258188824663,False
21327,SKULLS WRITING SET ,2492.3999999999996,1512,333,1.649406528189911,7.484684684684684,59.4,0.02383245064997593,False
21328,BALLOONS  WRITING SET ,2691.3999999999996,1632,374,1.6662105263157894,7.196256684491978,39.599999999999994,0.014713531990785464,False
21329,DINOSAURS  WRITING SET ,2616.1899999999996,1603,368,1.6640106951871656,7.109211956521738,59.4,0.02270477297138205,False
21330,WOODLAND ANIMAL  WRITING SET ,2133.0499999999997,1357,127,1.6453488372093024,16.79566929133858,580.0,0.2719111131947212,False
21331,MOROCCAN BEATEN METAL DISH LARGE,755.49,101,23,11.799565217391304,32.84739130434782,189.60000000000002,0.2509629511972363,False
21332,MOROCCAN BEATEN METAL MIRROR,1345.9,242,41,9.608536585365853,32.826829268292684,119.39999999999999,0.08871387175867448,False
21333,CLASSIC WHITE FRAME,2911.25,995,197,2.9439086294416246,14.777918781725889,122.39999999999999,0.04204379562043795,False
21335,LIBRARY LAMP,691.3499999999999,33,20,21.5,34.567499999999995,75.8,0.10964055832790917,False
21336,GOLD WASHBAG,286.37,923,23,2.827391304347826,12.450869565217392,112.32000000000001,0.39221985543178406,False
21337,SILVER WASHBAG,88.50000000000001,30,9,2.95,9.833333333333336,35.400000000000006,0.4,False
21338,MARAKESH LANTERN SMALL ,848.35,196,11,5.7875000000000005,77.12272727272727,652.0,0.7685507160959509,False
21339,MARAKESH LANTERN LARGE,544.5,30,12,19.257692307692306,45.375,169.5,0.31129476584022037,False
21340,CLASSIC METAL BIRDCAGE PLANT HOLDER,17357.61,1652,375,12.118909574468086,46.28696,840.0,0.048393759279071254,False
21341,KASBAH LANTERN WITH GLASS ,250.8,56,15,4.623333333333334,16.720000000000002,102.0,0.4066985645933014,False
21343,GOLD JEWELERY BOX,84.10000000000001,18,3,8.283333333333333,28.033333333333335,39.5,0.4696789536266349,False
21344,MOROCCAN BEATEN METAL DISH,677.95,161,24,7.908333333333332,28.24791666666667,141.60000000000002,0.20886496054281292,False
21347,GOTHIC CARRIAGE LANTERN,47.6,8,4,5.95,11.9,23.8,0.5,False
21348,PINK SPOTS CHOCOLATE NESTING BOXES ,1827.75,785,113,2.7622807017543862,16.174778761061948,285.59999999999997,0.1562576938859253,False
21349,IVY HEART WREATH,3139.0,484,125,6.699206349206349,25.112,190.4,0.06065625995539981,False
21350,GINGHAM HEART WREATH,638.9000000000001,222,41,2.9406976744186046,15.582926829268295,102.0,0.1596493974017843,False
21351,CINAMMON & ORANGE WREATH,2964.25,963,133,5.244814814814815,22.287593984962406,107.10000000000001,0.036130555789828794,False
21352,EUCALYPTUS & PINECONE  WREATH,2172.85,731,81,4.142682926829268,26.825308641975308,142.8,0.06572013714706493,False
21353,SILVER SLEIGHBELL  WREATH,143.1,18,8,7.95,17.8875,39.75,0.2777777777777778,False
21354,TOAST ITS - BEST MUM,2797.25,2401,169,1.2229411764705882,16.551775147928993,302.40000000000003,0.10810617570828493,False
21355,TOAST ITS - I LOVE YOU ,3967.15,3327,277,1.24288256227758,14.321841155234658,302.40000000000003,0.07622600607489004,False
21356,TOAST ITS - FAIRY FLOWER,1409.7,1147,177,1.227967032967033,7.964406779661017,58.75,0.041675533801518054,False
21357,TOAST ITS - DINOSAUR,1570.42,1262,163,1.2464880952380952,9.634478527607362,90.0,0.057309509557952644,False
21358,TOAST ITS - HAPPY BIRTHDAY,1274.05,1025,158,1.2462025316455696,8.063607594936709,45.0,0.03532043483379773,False
21359,RELAX LARGE WOOD LETTERS,1878.05,199,66,12.861764705882353,28.45530303030303,181.29999999999998,0.09653630095045392,False
21360,JOY LARGE WOOD LETTERS,2631.35,433,92,9.241847826086955,28.601630434782606,864.0,0.3283485663252703,False
21361,LOVE LARGE WOOD LETTERS ,6244.35,505,240,12.705371900826446,26.018125,197.1,0.031564534339042494,False
21363,HOME SMALL WOOD LETTERS,4425.3,894,328,4.95,13.491768292682927,89.10000000000001,0.020134228187919465,False
21364,PEACE SMALL WOOD LETTERS,3024.9,438,143,6.752657342657343,21.153146853146854,1283.4,0.4242784885450759,False
21365,MIRRORED WALL ART STARS,561.6,444,60,1.5822580645161293,9.360000000000001,36.0,0.0641025641025641,False
21366,MIRRORED WALL ART PHOTO FRAMES,602.25,153,26,4.231481481481482,23.16346153846154,360.0,0.597758405977584,False
21367,MIRRORED WALL ART GENTS,202.85999999999999,196,45,1.7422222222222221,4.508,40.8,0.20112392783200236,False
21368,MIRRORED WALL ART LADIES,171.75,193,39,1.2166666666666666,4.403846153846154,40.8,0.23755458515283842,False
21369,MIRRORED WALL ART SPLODGES,195.0,128,17,1.9852941176470589,11.470588235294118,30.0,0.15384615384615385,False
21370,MIRRORED WALL ART FOXY,175.35,48,16,5.32625,10.959375,49.84,0.2842315369261477,False
21371,MIRRORED WALL ART POPPIES,389.4,368,41,1.2841463414634147,9.497560975609755,36.0,0.09244992295839755,False
21372,MIRRORED WALL ART TABLE LAMP,193.23000000000002,141,36,1.7413513513513514,5.367500000000001,29.5,0.1526678052062309,False
21373,MIRRORED WALL ART SNOWFLAKES,519.15,617,56,1.0142857142857142,9.270535714285714,27.0,0.05200809014735626,False
21374,MIRRORED WALL ART SKULLS,700.0,454,61,2.192622950819672,11.475409836065573,60.0,0.08571428571428572,False
21375,LARGE CAMPHOR WOOD FIELD MUSHROOM ,368.25,93,28,4.798275862068966,13.151785714285714,32.7,0.08879837067209777,False
21376,LARGE  TALL CAMPHOR WOOD TOADSTOOL ,717.1500000000001,171,38,4.95,18.872368421052634,223.20000000000002,0.3112319598410374,False
21377,SMALL CAMPHOR WOOD FIELD  MUSHROOM,459.96,420,42,1.479047619047619,10.95142857142857,93.60000000000001,0.20349595617010177,False
21378,SMALL TALL CAMPHOR WOOD TOADSTOOL,601.5,522,57,1.5064912280701752,10.552631578947368,93.60000000000001,0.15561097256857856,False
21379, CAMPHOR WOOD PORTOBELLO MUSHROOM,53.75,43,7,1.25,7.678571428571429,15.0,0.27906976744186046,False
21379,CAMPHOR WOOD PORTOBELLO MUSHROOM,401.52,498,45,1.1331111111111112,8.922666666666666,80.64,0.20083682008368203,False
21380,WOODEN HAPPY BIRTHDAY GARLAND,12174.35,4297,538,2.9568508287292823,22.628903345724908,734.4,0.060323549101184044,False
21381,MINI WOODEN HAPPY BIRTHDAY GARLAND,6899.24,4292,373,1.685625,18.49662198391421,835.1999999999999,0.12105681205466108,False
21382,SET/4 SPRING FLOWER DECORATION,1417.2,1124,114,1.8978260869565218,12.431578947368422,90.0,0.06350550381033022,False
21383,PACK OF 12 STICKY BUNNIES,1184.0,1840,188,0.6484455958549223,6.297872340425532,52.800000000000004,0.0445945945945946,False
21384,IVORY HANGING DECORATION  BUTTERFLY,1466.81,1733,113,0.8477391304347826,12.980619469026548,40.8,0.027815463488795412,False
21385,IVORY HANGING DECORATION  HEART,8319.48,10140,505,0.8522413793103448,16.474217821782176,207.35999999999999,0.02492463471274647,False
21386,IVORY HANGING DECORATION  EGG,596.6899999999999,1097,82,0.620919540229885,7.27670731707317,20.4,0.03418860714944109,False
21387,IVORY HANGING DECORATION  RABBIT,21.25,25,4,0.85,5.3125,15.299999999999999,0.72,False
21388,IVORY HANGING DECORATION  CHICKEN,243.95,287,27,0.85,9.035185185185185,20.4,0.08362369337979093,False
21389,IVORY HANGING DECORATION  BIRD,1811.6299999999999,2135,193,0.84935,9.386683937823834,40.8,0.022521154981977556,False
21390,FILIGRIS HEART WITH BUTTERFLY,12785.39,10571,481,1.2519556451612903,26.58085239085239,305.28000000000003,0.023877253646545006,False
21391,FRENCH EMROIDR LAVENDER SCENT HEART,672.0000000000001,320,55,2.1,12.21818181818182,75.60000000000001,0.11249999999999999,False
21391,FRENCH LAVENDER SCENT HEART,855.0,969,76,1.0096153846153846,11.25,37.800000000000004,0.04421052631578948,False
21392,RED POLKADOT PUDDING BOWL,571.1700000000001,3708,13,1.592857142857143,43.93615384615385,474.24,0.8302957088082357,False
21392,RED SPOTTY PUDDING BOWL,348.6,168,23,2.0847826086956522,15.156521739130437,46.2,0.13253012048192772,False
21393,BLUE  SPOTTY PUDDING BOWL,363.30000000000007,173,23,2.1,15.795652173913046,44.1,0.1213872832369942,False
21393,BLUE POLKADOT PUDDING BOWL,445.05,2564,14,1.6266666666666667,31.789285714285715,324.48,0.7290866194809572,False
21394,RED POLKADOT BEAKER ,1620.9399999999998,3854,114,0.4666666666666667,14.21877192982456,79.19999999999999,0.04886053771268523,False
21394,RED SPOTTY BEAKER ,165.75,85,16,1.95,10.359375,23.4,0.1411764705882353,False
21395,BLUE POLKADOT BEAKER ,1125.54,2814,79,0.42949367088607593,14.247341772151898,56.160000000000004,0.0498960498960499,False
21395,BLUE SPOTTY BEAKER ,191.1,98,19,1.95,10.057894736842105,23.4,0.12244897959183673,False
21396,RED SPOTTY EGG CUP ,1075.28,904,58,1.2403389830508476,18.539310344827587,101.76,0.09463581578751581,False
21397,BLUE  SPOTTY EGG CUP ,1082.78,910,62,1.2438709677419355,17.464193548387097,152.64000000000001,0.14097046491438706,False
21397,BLUE POLKADOT EGG CUP ,537.76,1090,53,0.6496226415094339,10.146415094339622,30.0,0.05578696816423684,False
21398,RED  SPOTTY COFFEE  MUG,1297.8,692,44,2.044318181818182,29.495454545454546,168.0,0.12944983818770228,False
21398,RED POLKADOT COFFEE  MUG,730.9499999999999,1541,53,0.7771698113207548,13.791509433962263,37.800000000000004,0.05171352349681922,False
21399,BLUE  SPOTTY  COFFEE MUG,441.0,226,25,2.072,17.64,84.0,0.19047619047619047,False
21399,BLUE POLKADOT COFFEE MUG,946.65,2002,69,0.7369565217391305,13.719565217391304,50.400000000000006,0.05324037395024561,False
21400,RED PUDDING SPOON,184.5,1015,63,0.22,2.9285714285714284,10.08,0.054634146341463415,False
21401,BLUE PUDDING SPOON,291.06,1388,91,0.24717391304347824,3.1984615384615385,20.16,0.06926406926406926,False
21402,RED  EGG  SPOON,280.98,1589,102,0.24524271844660192,2.7547058823529413,11.52,0.04099935938500961,False
21403,BLUE EGG  SPOON,440.58,2151,108,0.23055555555555554,4.079444444444444,51.839999999999996,0.11766308048481547,False
21407,BROWN CHECK CAT DOORSTOP ,4597.75,1126,329,4.216012084592145,13.974924012158056,138.75,0.030177804360828665,False
21408,SPOTTY PINK DUCK DOORSTOP,1996.09,575,139,4.1441726618705035,14.360359712230215,262.5,0.13150709637341002,False
21409,SPOTTY COCKEREL DOORSTOP,4.25,1,1,4.25,4.25,4.25,1.0,False
21410,COUNTRY COTTAGE  DOORSTOP GREEN,1032.5,258,101,4.227722772277228,10.222772277227723,80.0,0.0774818401937046,False
21411,GINGHAM HEART  DOORSTOP RED,7112.39,1935,505,4.0935098039215685,14.083940594059406,262.5,0.03690742493029769,False
21412,VINTAGE GOLD TINSEL REEL,107.52,224,42,0.5914285714285714,2.56,7.9799999999999995,0.07421875,False
21413,PERIWINKLE T-LIGHT HOLDER,1062.1,3134,34,1.2161764705882354,31.238235294117644,861.88,0.8114866773373506,False
21414,SCALLOP SHELL SOAP DISH,779.4,1614,20,2.017142857142857,38.97,540.0,0.6928406466512702,False
21415,CLAM SHELL SMALL ,613.69,320,56,2.0151785714285717,10.95875,50.400000000000006,0.08212615489905327,False
21416,CLAM SHELL LARGE,572.7,746,17,3.578333333333333,33.688235294117646,475.20000000000005,0.8297537977998952,False
21417,COCKLE SHELL DISH,650.3800000000001,399,57,1.9117543859649122,11.410175438596493,66.36,0.10203265783080659,False
21418,STARFISH SOAP DISH,367.7,158,34,2.3488571428571428,10.814705882352941,45.9,0.12483002447647538,False
21419,CONCH SHELL,535.8,1252,13,3.4284615384615384,41.215384615384615,348.0,0.6494960806270997,False
21420,OYSTER TRINKET BOX,295.62,114,25,3.0415384615384613,11.8248,78.0,0.2638522427440633,False
21421,PORCELAIN ROSE LARGE ,2053.05,1761,88,1.2353846153846153,23.330113636363638,190.8,0.0929349017315701,False
21422,PORCELAIN ROSE SMALL,2444.96,3052,107,0.8716666666666667,22.850093457943924,207.35999999999999,0.08481120345527124,False
21424,WOODLAND STORAGE BOX LARGE ,1587.64,724,60,2.7723333333333335,26.46066666666667,150.0,0.09447985689451008,False
21425,SKULLS STORAGE BOX LARGE,839.6400000000001,420,54,2.876666666666667,15.548888888888891,180.0,0.21437759039588392,False
21426,WOODLAND STORAGE BOX SMALL,1190.15,860,47,1.9295918367346938,25.322340425531916,204.0,0.17140696550854934,False
21427,SKULLS STORAGE BOX SMALL,665.1,427,70,2.0528169014084505,9.501428571428571,120.0,0.18042399639152007,False
21428,SET3 BOOK BOX GREEN GINGHAM FLOWER ,10543.8,2720,358,4.1856824512534825,29.45195530726257,900.0,0.08535821999658567,False
21429,RED GINGHAM ROSE JEWELLERY BOX,9793.05,5863,762,1.713543003851091,12.851771653543306,475.2,0.04852420849479989,False
21430,SET/3 RED GINGHAM ROSE STORAGE BOX,14500.32,4108,574,3.7059792027729634,25.261881533101043,1220.4,0.08416365983647259,False
21431,GREEN GINGHAM FLOWER JEWELLERY BOX,2280.1499999999996,1411,225,1.6482300884955752,10.133999999999999,278.4,0.12209723044536544,False
21432,SET OF 3 CASES WOODLAND DESIGN,5181.200000000001,906,226,5.895175438596492,22.925663716814164,261.6,0.0504902339226434,False
21437,24 HANGING EASTER EGGS FLORAL TUB,2203.35,649,97,3.734158415841584,22.714948453608248,637.2,0.2891959970045613,False
21438,TUB 24 HANGING EASTER EGGS SPOTTY,1162.2,356,32,3.725757575757576,36.31875,637.2,0.5482705214248839,False
21439,BASKET OF TOADSTOOLS,2143.75,1715,161,1.25,13.315217391304348,150.0,0.06997084548104957,False
21440,12 MINI TOADSTOOL PEGS,578.75,463,88,1.25,6.576704545454546,30.0,0.05183585313174946,False
21441,BLUE BIRDHOUSE DECORATION,540.21,855,83,0.7936904761904762,6.50855421686747,54.72,0.10129394124507135,False
21442,GREEN BIRDHOUSE DECORATION,561.67,883,80,0.771375,7.020874999999999,54.72,0.09742375416169638,False
21443,OLIVE CHALET BIRDFEEDER,658.75,245,19,3.6842105263157894,34.671052631578945,520.0,0.7893738140417458,False
21444,BLUE CHALET BIRDFEEDER,760.0,272,19,3.6842105263157894,40.0,520.0,0.6842105263157895,False
21445,12 PINK ROSE PEG PLACE SETTINGS,1718.58,1446,114,1.245,15.075263157894737,457.92,0.2664525363963272,False
21446,12 RED ROSE PEG PLACE SETTINGS,1433.38,1154,182,1.246,7.875714285714286,75.0,0.05232387782723353,False
21447,12 IVORY ROSE PEG PLACE SETTINGS,2881.08,2376,228,1.2467381974248928,12.636315789473684,457.92,0.15894039735099338,False
21448,12 DAISY PEGS IN WOOD BOX,1476.7499999999998,895,178,1.6500000000000001,8.29634831460674,39.599999999999994,0.026815642458100558,False
21450,DISTRESSED CANDLE STICK WHITE,17.85,3,2,5.95,8.925,11.9,0.6666666666666666,False
21452,TOADSTOOL MONEY BOX,4959.200000000001,1720,324,2.9428143712574855,15.306172839506175,244.79999999999998,0.04936280045168574,False
21454,PAINTED PINK RABBIT ,526.15,619,85,0.85,6.1899999999999995,40.8,0.07754442649434572,False
21455,PAINTED YELLOW WOODEN DAISY,412.25,485,63,0.85,6.5436507936507935,30.599999999999998,0.07422680412371134,False
21456,2 PICTURE BOOK EGGS EASTER CHICKS,731.25,717,51,1.239423076923077,14.338235294117647,210.0,0.28717948717948716,False
21457,2 PICTURE BOOK EGGS EASTER DUCKS,663.75,663,48,1.2385416666666667,13.828125,210.0,0.3163841807909605,False
21458,2 PICTURE BOOK EGGS EASTER BUNNY,732.5,718,57,1.2403508771929825,12.850877192982455,210.0,0.28668941979522183,False
21459,YELLOW EASTER EGG HUNT START POST,432.75,233,37,1.9418918918918917,11.695945945945946,118.8,0.27452339688041594,False
21460,GREEN EASTER EGG HUNT START POST,171.6,88,19,1.95,9.031578947368422,23.4,0.13636363636363635,False
21461,BLUE EASTER EGG HUNT START POST,142.35,73,18,1.9500000000000002,7.908333333333333,23.4,0.1643835616438356,False
21462,"NURSERY A,B,C PAINTED LETTERS",2196.4,392,157,6.3780254777070065,13.989808917197452,95.2,0.043343653250773995,False
21463,MIRRORED DISCO BALL ,6697.400000000001,1255,271,5.7880073800738,24.713653136531367,237.60000000000002,0.03547645354913847,False
21464,DISCO BALL ROTATOR BATTERY OPERATED,2180.5,514,209,4.2452153110047846,10.433014354066986,68.0,0.03118550791102958,False
21465,PINK FLOWER CROCHET FOOD COVER,2448.86,693,156,3.768653846153846,15.697820512820513,566.4000000000001,0.23129129472489243,False
21466,RED FLOWER CROCHET FOOD COVER,3057.89,823,240,3.798298755186722,12.741208333333333,106.2,0.03472983004620834,False
21467,CHERRY CROCHET FOOD COVER,2886.52,946,210,3.7340566037735847,13.745333333333333,141.60000000000002,0.04905561021576155,False
21468,BUTTERFLY CROCHET FOOD COVER,2129.17,617,117,3.7984999999999998,18.19803418803419,566.4000000000001,0.266019153003283,False
21469,POLKA DOT RAFFIA FOOD COVER,3080.66,1041,176,3.681306818181818,17.50375,283.20000000000005,0.09192835301526298,False
21470,FLOWER VINE RAFFIA FOOD COVER,3653.4300000000003,1002,265,3.7825746268656717,13.786528301886793,141.60000000000002,0.038758098553961624,False
21471,STRAWBERRY RAFFIA FOOD COVER,4309.95,1221,229,3.729039301310044,18.8207423580786,283.20000000000005,0.06570841889117045,False
21472,LADYBIRD + BEE RAFFIA FOOD COVER,3669.45,999,235,3.743248945147679,15.614680851063829,141.60000000000002,0.03858888934308957,False
21473,SWEETHEART CREAM STEEL TABLE RECT,2892.75,145,84,19.95,34.4375,119.69999999999999,0.041379310344827586,False
21474,SWEETHEART CREAM STEEL FOLDIN BENCH,3910.2,196,90,19.95,43.446666666666665,159.6,0.04081632653061225,False
21476,STEEL SWEETHEART ROUND TABLE CREAM,1834.1,125,72,14.881250000000001,25.47361111111111,89.69999999999999,0.048906820784035764,False
21477,STRING OF 20 ROSE LIGHTS,2895.0,256,36,12.45,80.41666666666667,1642.5,0.5673575129533679,False
21478,SILVER SKULL HOT WATER BOTTLE ,662.61,179,76,3.745324675324675,8.718552631578948,81.36,0.12278715986779554,False
21479,WHITE SKULL HOT WATER BOTTLE ,16278.56,4350,738,3.8781432360742705,22.057669376693767,1125.0,0.0691093069657267,False
21480,PINK STRIPE HOT WATER BOTTLE,679.5500000000001,245,38,2.9192307692307695,17.882894736842108,91.8,0.13508939739533513,False
21481,FAWN BLUE HOT WATER BOTTLE,19736.25,6731,826,3.1229326923076925,23.893765133171915,714.0,0.03617708531255938,False
21482,MUSHROOM BLUE HOT WATER BOTTLE,1889.7500000000002,665,136,2.938321167883212,13.895220588235295,183.6,0.0971557084270406,False
21484,CHICK GREY HOT WATER BOTTLE,13913.82,4034,674,3.623089311859444,20.64364985163205,212.4,0.015265397999974128,False
21485,RED SPOT HEART HOT WATER BOTTLE,10983.0,2352,409,4.884216867469879,26.853300733496333,306.0,0.027861240098333788,False
21485,RETROSPOT HEART HOT WATER BOTTLE,22986.530000000002,4875,810,4.938002436053593,28.378432098765437,2529.6,0.11004705799439932,False
21486,PINK HEART DOTS HOT WATER BOTTLE,2463.12,840,168,3.628235294117647,14.661428571428571,198.0,0.08038585209003216,False
21488,RED WHITE SCARF  HOT WATER BOTTLE,7914.150000000001,2157,301,3.897712418300654,26.292857142857144,662.4000000000001,0.083698186160232,False
21489,BLUE WHITE SCARF HOT WATER BOTTLE,63.2,16,6,3.9500000000000006,10.533333333333333,15.8,0.25,False
21490,SET OF THREE 50'S GIFT WRAPS ,1047.6,598,37,1.9105263157894736,28.31351351351351,237.6,0.22680412371134023,False
21491,SET OF THREE VINTAGE GIFT WRAPS,5096.849999999999,2791,219,1.9255656108597285,23.273287671232875,237.6,0.04661702816445452,False
21493, VINTAGE DESIGN GIFT TAGS,207.39999999999998,244,20,0.8499999999999999,10.37,40.8,0.19672131147540983,False
21493,VINTAGE DESIGN GIFT TAGS,2.55,3,2,0.85,1.275,1.7,0.6666666666666667,False
21494,ROTATING LEAVES T-LIGHT HOLDER,3647.68,2809,241,1.4743724696356275,15.135601659751037,127.2,0.034871479954381966,False
21495,SKULLS AND CROSSBONES WRAP,3684.8,9040,266,0.41796992481203005,13.852631578947369,85.0,0.023067737733391228,False
21495,SKULLS WRAP,1403.0,3350,108,0.41851851851851846,12.99074074074074,73.5,0.05238774055595153,False
21496,WOODLAND CREATURES  WRAP,10.5,25,1,0.42,10.5,10.5,1.0,False
21497,FANCY FONTS BIRTHDAY WRAP,6957.0,17450,483,0.4176811594202898,14.403726708074535,340.0,0.048871640074744864,False
21498,RED RETROSPOT WRAP ,5703.24,13972,436,0.4177522935779816,13.080825688073395,204.00000000000003,0.0357691417510047,False
21498,RED SPOTS  WRAP ,5084.0,12600,360,0.4171111111111111,14.122222222222222,204.00000000000003,0.040125885129819044,False
21499,BLUE POLKADOT WRAP,3411.0,8450,260,0.41646153846153844,13.11923076923077,68.0,0.019935502785107008,False
21499,BLUE SPOTS  WRAP,2555.0,6350,196,0.41673469387755097,13.035714285714286,68.0,0.026614481409001956,False
21500,PINK POLKADOT WRAP ,3298.5,8125,260,0.4165384615384615,12.686538461538461,85.0,0.025769289070789753,False
21500,PINK SPOTS  WRAP ,3102.5,7725,229,0.41615720524017463,13.548034934497817,102.00000000000001,0.03287671232876713,False
21503,TOYBOX  WRAP ,740.0,1800,63,0.41873015873015873,11.746031746031745,68.0,0.0918918918918919,False
21504,SKULLS GREETING CARD,1937.6399999999999,4826,283,0.40901408450704224,6.846784452296819,60.48,0.03121322846349167,False
21506,"FANCY FONT BIRTHDAY CARD, ",4161.72,10370,541,0.4175690607734806,7.692643253234751,172.79999999999998,0.041521294080332165,False
21507,ELEPHANT BIRTHDAY CARD ,444.84,1068,71,0.45873239436619717,6.265352112676056,25.919999999999998,0.058268141354194766,False
21507,"ELEPHANT, BIRTHDAY CARD, ",2777.88,6878,397,0.41608040201005025,6.997178841309824,51.839999999999996,0.018661713248952435,False
21508,VINTAGE KID DOLLY CARD ,2606.53,6460,408,0.4151960784313726,6.388553921568628,30.24,0.0116016312875739,False
21509,COWBOYS AND INDIANS BIRTHDAY CARD ,3391.0299999999997,8443,497,0.41779116465863453,6.822997987927565,51.839999999999996,0.015287390556851459,False
21511,VINTAGE COLLAGE  GREETING  CARD ,16.8,40,2,0.42,8.4,10.08,0.6,False
21518,BANK ACCOUNT  GREETING  CARD ,416.64,1016,70,0.4165714285714286,5.952,25.919999999999998,0.06221198156682027,False
21519,GIN & TONIC DIET GREETING CARD ,2853.54,6981,434,0.41393103448275864,6.574976958525346,25.919999999999998,0.009083454235791332,False
21520,BOOZE & WOMEN GREETING CARD ,367.2,888,68,0.4173529411764706,5.3999999999999995,25.919999999999998,0.07058823529411765,False
21523,DOOR MAT FANCY FONT HOME SWEET HOME,7407.9,1116,192,7.2228125,38.582812499999996,508.0,0.06857543973325775,False
21523,DOORMAT FANCY FONT HOME SWEET HOME,29651.9,4820,570,7.737438596491228,52.02087719298246,1374.0,0.04633767144769812,False
21523,FANCY FONT HOME SWEET HOME DOORMAT,3822.5,622,128,6.4125,29.86328125,238.0,0.06226291693917593,False
21524,DOOR MAT SPOTTY HOME SWEET HOME,10121.69,1733,256,7.219571984435798,39.5378515625,916.0,0.09049872106337972,False
21524,DOORMAT SPOTTY HOME SWEET HOME,19166.6,2665,633,7.823554502369669,30.27898894154818,508.0,0.026504440015443533,False
21524,SPOTTY  HOME SWEET HOME DOORMAT,3785.5,650,108,6.6,35.050925925925924,892.5,0.2357680623431515,False
21525,BEWARE OF THE CAT DOORMAT,13.5,2,2,6.75,6.75,6.75,0.5,False
21527,RED RETROSPOT TRADITIONAL TEAPOT ,15229.99,2181,496,7.847470119521913,30.705625,991.44,0.06509787596708862,False
21527,RETRO SPOT TRADITIONAL TEAPOT ,6680.1,898,220,7.814253393665158,30.364090909090912,417.0,0.062424215206359185,False
21528,DAIRY MAID TRADITIONAL TEAPOT ,4753.05,803,212,6.865330188679246,22.420047169811323,816.0,0.17167923754220973,False
21529,RED RETROSPOT TOASTRACK,346.35,103,35,3.4214285714285713,9.895714285714286,35.400000000000006,0.10220874837592032,False
21529,RETRO SPOT CERAMIC TOASTRACK,1174.95,351,79,3.4246835443037975,14.872784810126582,53.1,0.045193412485637685,False
21530,DAIRY MAID CERAMIC TOASTRACK,162.25000000000003,55,16,2.95,10.140625000000002,17.700000000000003,0.10909090909090909,False
21530,DAIRY MAID TOASTRACK,943.1100000000001,801,112,1.6012280701754387,8.420625000000001,45.9,0.04866876610363584,False
21531,RED RETROSPOT SUGAR JAM BOWL,7114.5,3000,469,2.5168421052631578,15.16950959488273,403.20000000000005,0.05667299177735611,False
21531,RETRO SPOT SUGAR JAM BOWL,2027.1,850,141,2.5183098591549293,14.37659574468085,151.20000000000002,0.07458931478466777,False
21532,DAIRY MAID SUGAR JAM BOWL,1331.1,1359,75,2.0824675324675326,17.747999999999998,846.0,0.6355645706558486,False
21533,RETRO SPOT LARGE MILK JUG,7359.950000000001,1557,449,4.888461538461539,16.391870824053452,204.0,0.0277175796031223,False
21533,RETROSPOT LARGE MILK JUG,7488.1,1572,391,4.889440203562341,19.151150895140667,772.2,0.10312362281486626,False
21534,DAIRY MAID LARGE MILK JUG,3943.75,825,293,4.914527027027027,13.459897610921502,102.0,0.025863708399366084,False
21535,RED RETROSPOT SMALL MILK JUG,11776.35,4891,712,2.5351034482758616,16.539817415730337,504.0,0.04279764103478582,False
21535,RETRO SPOT SMALL MILK JUG,3923.7,1619,242,2.5356,16.21363636363636,201.60000000000002,0.051380074929275946,False
21536,DAIRY MAID  SMALL  MILK JUG,438.90000000000003,209,55,2.1,7.98,25.200000000000003,0.05741626794258373,False
21537,RED RETROSPOT PUDDING BOWL,2829.5,678,161,4.237878787878788,17.574534161490682,240.0,0.08482063968899099,False
21537,RETRO SPOTS PUDDING BOWL,1119.75,271,63,4.234848484848484,17.773809523809526,120.0,0.1071667782987274,False
21538,DAIRY MAID  PUDDING BOWL,1852.5,1294,44,3.6931818181818183,42.10227272727273,1500.0,0.8097165991902834,False
21539,RED RETROSPOT BUTTER DISH,8102.3,1704,433,4.911643835616439,18.71200923787529,306.0,0.0377670537995384,False
21539,RETRO SPOTS BUTTER DISH,3678.15,805,147,4.88,25.021428571428572,841.5,0.228783491700991,False
21540,DAIRY MAID BUTTER DISH,1727.75,1185,34,4.132352941176471,50.81617647058823,1372.5,0.7943857618289684,False
21540,DAIRY MAID CERAMIC BUTTER DISH,399.0,96,38,4.2368421052631575,10.5,67.5,0.16917293233082706,False
21541,DINOSAURS WATER TRANSFER TATTOOS ,1466.5,1778,145,0.8459183673469387,10.113793103448275,130.0,0.08864643709512444,False
21542,WOODLAND WATER TRANSFER TATTOOS ,1419.6,1720,143,0.8472222222222222,9.927272727272726,130.0,0.09157509157509158,False
21543,BUTTERFLY WATER TRANSFER TATTOOS ,186.95,267,13,0.8346153846153845,14.38076923076923,130.0,0.6953730944102702,False
21544,SKULLS  WATER TRANSFER TATTOOS ,4596.099999999999,5746,364,0.8445799457994579,12.62664835164835,390.0,0.0848545505972455,False
21545,CERAMIC BIRDHOUSE BUTTERFLY SMALL,1524.1000000000001,677,64,2.891538461538462,23.814062500000002,450.0,0.2952562167836756,False
21547,CERAMIC BIRDHOUSE CRESTED TIT SMALL,1662.45,684,90,2.9206521739130435,18.471666666666668,450.0,0.27068483262654514,False
21548,CERAMIC BIRDHOUSE FINCH BLUE ROOF,1497.25,628,77,2.9153846153846152,19.444805194805195,450.0,0.3005510101853398,False
21549,CERAMIC BIRDHOUSE RED ROOF SMALL,1214.0,536,43,2.897727272727273,28.232558139534884,480.0,0.3953871499176277,False
21550,CERAMIC BIRDHOUSE CRESTED TIT LARGE,1431.8000000000002,284,56,5.890517241379311,25.567857142857147,480.0,0.3352423522838385,False
21551,CERAMIC BIRDHOUSE BUTTERFLY LARGE,772.95,165,19,5.821052631578948,40.68157894736842,416.0,0.5381978135713823,False
21552,CERAMIC BIRDHOUSE BLACK ROSE  LARGE,787.8000000000001,159,32,5.86060606060606,24.618750000000002,300.0,0.3808073115003808,False
21553,CERAMIC BIRDHOUSE FINCH BLUE  LARGE,393.6,75,27,5.877777777777778,14.57777777777778,108.0,0.274390243902439,False
21554,CERAMIC BIRDHOUSE RED ROOF LARGE,717.95,161,19,5.821052631578948,37.78684210526316,480.0,0.6685702346960094,False
21555,CERAMIC STRAWBERRY TRINKET TRAY,781.65,315,51,2.5441176470588234,15.326470588235294,162.0,0.2072538860103627,False
21556,CERAMIC STRAWBERRY MONEY BOX,3276.0,1368,174,2.5381355932203387,18.82758620689655,918.0,0.2802197802197802,False
21557,SET OF 6 FUNKY BEAKERS,1755.4400000000003,608,132,3.044029850746269,13.29878787878788,306.0,0.1743152713849519,False
21558,SKULL LUNCH BOX WITH CUTLERY ,8620.65,3621,489,2.53,17.62914110429448,252.0,0.029232134467818555,False
21558,SKULL LUNCHBOX WITH CUTLERY ,382.5,150,41,2.55,9.329268292682928,30.599999999999998,0.07999999999999999,False
21559,STRAWBERRY LUNCH BOX WITH CUTLERY,15191.99,6402,798,2.5467447595561032,19.037581453634086,378.0,0.024881532965727333,False
21559,STRAWBERRY LUNCHBOX WITH CUTLERY,3223.95,1397,153,2.521153846153846,21.07156862745098,504.0,0.15632996789652445,False
21561,DINOSAUR LUNCH BOX WITH CUTLERY,5486.28,2317,342,2.5487826086956518,16.04175438596491,126.0,0.022966381591898337,False
21561,DINOSAUR LUNCHBOX WITH CUTLERY,1327.8,544,99,2.536363636363636,13.412121212121212,126.0,0.09489380930863082,False
21562,HAWAIIAN GRASS SKIRT ,926.71,664,63,1.56375,14.70968253968254,84.80000000000001,0.09150651228539673,False
21563,RED HEART SHAPE LOVE BUCKET ,6356.820000000001,2682,301,2.8493421052631582,21.11900332225914,306.0,0.04813727618526244,False
21564,PINK  HEART SHAPE LOVE BUCKET ,4211.72,1888,254,2.8632549019607842,16.581574803149607,237.0,0.05627154701642084,False
21576,LETS GO SHOPPING COTTON TOTE BAG,1331.42,600,144,2.270137931034483,9.245972222222223,29.25,0.02196902555166664,False
21577,SAVE THE PLANET COTTON TOTE BAG,4614.75,2195,328,2.234848484848485,14.069359756097562,350.0,0.07584376185058779,False
21578,WOODLAND DESIGN  COTTON TOTE BAG,4270.5,1906,276,2.242857142857143,15.472826086956522,135.0,0.03161222339304531,False
21579,LOLITA  DESIGN  COTTON TOTE BAG,1317.65,949,88,2.1398876404494382,14.973295454545456,170.0,0.1290175691572117,False
21580,RABBIT  DESIGN  COTTON TOTE BAG,794.25,361,89,2.2331460674157304,8.924157303370787,36.0,0.0453257790368272,False
21581,SKULLS  DESIGN  COTTON TOTE BAG,1457.1499999999999,1015,128,2.1515503875968993,11.383984374999999,170.0,0.11666609477404524,False
21582,KINGS CHOICE SMALL TUBE MATCHES,193.04999999999998,117,16,1.65,12.065624999999999,33.0,0.17094017094017094,False
21584,RETRO SPOT SMALL TUBE MATCHES,3143.85,1981,127,1.6469465648854962,24.75472440944882,696.0,0.22138460804427693,False
21584,RETROSPOT SMALL TUBE MATCHES,2870.1,1754,218,1.6482683982683983,13.165596330275228,165.0,0.05748928608759277,False
21585,SWALLOW SMALL TUBE MATCHES,1.65,1,1,1.65,1.65,1.65,1.0,False
21586,KINGS CHOICE GIANT TUBE MATCHES,5883.6,2530,233,2.5142259414225943,25.25150214592275,403.20000000000005,0.06852947175198858,False
21587,COSY HOUR GIANT TUBE MATCHES,5111.849999999999,2047,254,2.5415094339622644,20.1253937007874,100.80000000000001,0.019718888465037124,False
21588,RETRO SPOT GIANT  TUBE MATCHES,2973.75,1271,100,2.523529411764706,29.7375,403.20000000000005,0.1355863808322825,False
21588,RETROSPOT GIANT TUBE MATCHES,4711.05,2055,182,2.523243243243243,25.88489010989011,554.4,0.1176807718024644,False
21589,SWALLOW GIANT TUBE MATCHES,2542.65,1103,85,2.502906976744186,29.913529411764706,403.20000000000005,0.1585747153560262,False
21590,KINGS CHOICE CIGAR BOX MATCHES ,4096.28,3412,279,1.24602787456446,14.68200716845878,305.28000000000003,0.07452615543859308,False
21591,COSY HOUR CIGAR BOX MATCHES ,4056.83,3271,354,1.2489645776566758,11.459971751412429,152.64000000000001,0.03762543660937235,False
21592,RETRO SPOT  CIGAR BOX MATCHES ,3618.25,3077,186,1.2429255319148935,19.452956989247312,610.5600000000001,0.16874455883369033,False
21592,RETROSPOT CIGAR BOX MATCHES ,2885.46,2760,279,1.1584375,10.342150537634408,152.64000000000001,0.05289971096462956,False
21593,SWALLOW CIGAR BOX MATCHES ,1598.06,1366,92,1.2479787234042554,17.370217391304347,610.5600000000001,0.3820632516926774,False
21609,SET 12 LAVENDER  BOTANICAL T-LIGHTS,4127.45,1487,207,2.925,19.939371980676327,367.2,0.08896534179699331,False
21610,SET 12 PEAR BOTANICAL T-LIGHTS,1493.3500000000001,529,87,2.9181818181818184,17.164942528735633,122.39999999999999,0.08196337094452069,False
21611,SET OF 12 LILY BOTANICAL T-LIGHTS,2092.9500000000003,729,134,2.941240875912409,15.619029850746271,122.39999999999999,0.0584820468716405,False
21612,SET 12 WILDFLOWER BOTANICAL T-LIGHT,1894.9,670,96,2.9252577319587627,19.738541666666666,141.60000000000002,0.07472689851707215,False
21613,S/12 VANILLA  BOTANICAL T-LIGHTS,1802.6000000000001,620,135,2.9384057971014492,13.352592592592593,122.39999999999999,0.06790191944968378,False
21614,SET OF 12 ROSE BOTANICAL T-LIGHTS,4116.6,1476,178,2.9299999999999997,23.126966292134835,489.59999999999997,0.1189331001311762,False
21615,4 LAVENDER BOTANICAL DINNER CANDLES,2154.5,1116,134,2.1806569343065694,16.078358208955223,156.0,0.07240659085634718,False
21616,4 PEAR BOTANICAL DINNER CANDLES,2241.25,1081,155,2.346875,14.459677419354838,156.0,0.06960401561628556,False
21617,4 LILY  BOTANICAL DINNER CANDLES,1970.0,778,142,2.95,13.873239436619718,156.0,0.07918781725888324,False
21618,4 WILDFLOWER BOTANICAL CANDLES,1519.0,594,98,2.783333333333333,15.5,156.0,0.10269914417379855,False
21619,4 VANILLA BOTANICAL CANDLES,1832.5,1052,168,2.2115384615384617,10.907738095238095,150.0,0.08185538881309687,False
21620,S/4 ROSE    BOTANICAL  CANDLE,469.5,126,37,3.7371794871794872,12.68918918918919,90.0,0.19169329073482427,False
21620,SET OF 4 ROSE BOTANICAL CANDLES,1458.75,867,141,1.9965277777777777,10.345744680851064,45.0,0.030848329048843187,False
21621,VINTAGE UNION JACK BUNTING,53888.62,6433,1115,8.499441984056688,48.330600896860986,3618.9599999999996,0.06715629385202292,False
21622,VINTAGE UNION JACK CUSHION COVER,18307.37,3479,546,4.949710144927536,33.529981684981685,4464.719999999999,0.2438755539435757,False
21623,VINTAGE UNION JACK MEMOBOARD,44330.58,6074,494,9.772773279352228,89.73801619433199,3828.0,0.08635122752736372,False
21624,VINTAGE UNION JACK DOORSTOP,9859.23,1685,347,5.929971346704871,28.412766570605186,3862.08,0.39172227445753877,False
21625,VINTAGE UNION JACK APRON,5630.64,838,245,6.962874493927126,22.982204081632656,595.0,0.1056718241620846,False
21626,VINTAGE UNION JACK PENNANT,2655.9,1362,154,1.95,17.246103896103897,70.2,0.02643171806167401,False
21627,ELEPHANT CARNIVAL POUFFE,1774.1499999999999,125,54,14.827777777777776,32.85462962962963,306.0,0.1724769607981287,False
21628,TRIANGULAR POUFFE VINTAGE ,1449.65,103,39,14.780769230769229,37.170512820512826,306.0,0.21108543441520367,False
21629,SQUARE FLOOR CUSHION VINTAGE PINK ,39.75,5,3,7.95,13.25,15.9,0.4,False
21629,SQUARE FLOOR CUSHION VINTAGE RED,745.25,95,46,7.906521739130435,16.20108695652174,47.7,0.06400536732640054,False
21630,FLOOR CUSHION ELEPHANT CARNIVAL,881.9499999999999,101,45,8.883333333333333,19.598888888888887,95.4,0.10816939735812689,False
21631,HIPPY CHIC DECORATIVE PARASOL,1412.1000000000001,206,42,10.654761904761905,33.621428571428574,118.5,0.0839175695772254,False
21632,VINTAGE PINK DECORATIVE PARASOL,759.75,101,31,11.330645161290322,24.508064516129032,63.75,0.08390918065153011,False
21633,SUNFLOWER DECORATIVE PARASOL,1012.95,125,33,11.683333333333334,30.695454545454545,118.5,0.11698504368428846,False
21634,ASSORTED MINI MADRAS NOTEBOOK,1335.1,1646,47,0.9206382978723405,28.406382978723403,180.0,0.13482136169575312,False
21635,MADRAS NOTEBOOK LARGE ,791.25,383,38,3.0448717948717947,20.82236842105263,180.0,0.22748815165876776,False
21636,MADRAS NOTEBOOK MEDIUM,903.45,991,87,1.1300000000000001,10.38448275862069,90.0,0.09961813049975095,False
21637,ASSORTED SANSKRIT MINI NOTEBOOK,1515.28,1256,44,1.2456818181818183,34.43818181818182,305.28000000000003,0.2014677155377224,False
21638,ASSORTED TUTTI FRUTTI NOTEBOOK,2045.4000000000003,974,118,2.1,17.333898305084748,100.80000000000001,0.04928131416837782,False
21639,ASSORTED TUTTI FRUTTI KEYRING,211.64999999999998,249,13,0.8499999999999999,16.28076923076923,40.8,0.1927710843373494,False
21640,ASSORTED TUTTI FRUTTI  FOB NOTEBOOK,1689.2199999999998,2002,135,0.8490972222222222,12.512740740740739,81.6,0.0483063188927434,False
21641,ASSORTED TUTTI FRUTTI KEYRING BALL,741.1299999999999,1541,48,0.6722916666666666,15.44020833333333,143.26,0.1932994211541835,False
21642,ASSORTED TUTTI FRUTTI PEN,2126.56,3984,178,0.6199468085106383,11.946966292134832,172.79999999999998,0.08125799413136708,False
21643,ASSORTED TUTTI FRUTTI MIRROR,1609.7,1306,102,1.2444117647058823,15.781372549019608,90.0,0.055911039324097654,False
21644,ASSORTED TUTTI FRUTTI HEART BOX,1222.5,978,114,1.25,10.723684210526315,41.25,0.03374233128834356,False
21645,ASSORTED TUTTI FRUTTI ROUND BOX,1509.7499999999998,915,113,1.65,13.360619469026547,138.6,0.0918032786885246,False
21647,ASSORTED TUTTI FRUTTI LARGE PURSE,1650.6000000000001,786,107,2.1,15.426168224299067,75.60000000000001,0.04580152671755725,False
21648,ASSORTED TUTTI FRUTTI SMALL PURSE,2998.43,2479,118,1.2405000000000002,25.41042372881356,127.2,0.04242220095183146,False
21649,ASSORTED TUTTI FRUTTI PHOTO FRAME,1111.9,410,23,2.9152173913043478,48.34347826086957,367.2,0.33024552567676946,False
21650,ASSORTED TUTTI FRUTTI BRACELET,819.83,2763,100,0.4032727272727273,8.1983,36.480000000000004,0.044497029872046644,False
21651,HANGING GLASS ETCHED TEALIGHT,2060.25,1301,107,1.6370370370370368,19.25467289719626,313.2,0.15202038587550054,False
21652,GLASS ETCHED T-LIGHT HOLDER MEDIUM,1596.6,852,71,1.9249999999999998,22.48732394366197,59.4,0.03720405862457723,False
21653,GLASS ETCHED T-LIGHT HOLDER LARGE,2384.7000000000003,1197,99,2.0805825242718448,24.08787878787879,266.40000000000003,0.11171216505220782,False
21654,RIDGED GLASS FINGER BOWL,696.21,1129,62,0.8411111111111111,11.229193548387098,90.0,0.12927134054380143,False
21655,HANGING RIDGE GLASS T-LIGHT HOLDER,1843.06,1186,66,1.6463636363636363,27.925151515151516,156.6,0.08496739118639654,False
21656,RIDGED GLASS POSY VASE ,1129.95,819,83,1.433132530120482,13.613855421686747,90.0,0.07964954201513341,False
21657,MILK BOTTLE WITH GLASS STOPPER ,1499.95,221,89,6.916292134831462,16.853370786516855,71.4,0.04760158671955732,False
21658,GLASS  BEURRE DISH,7253.52,1920,338,3.9120869565217395,21.46011834319527,162.72,0.02243324620322271,False
21659,GLASS CAKE STAND,1546.85,107,53,14.86698113207547,29.18584905660377,153.0,0.09891068946568835,False
21661,VINTAGE GLASS TEA CADDY,1249.8000000000002,214,77,5.924358974358975,16.231168831168834,65.4,0.05232837253960634,False
21662,VINTAGE GLASS COFFEE CADDY,1374.15,237,78,5.931012658227848,17.617307692307694,261.6,0.19037223010588364,False
21663,VINTAGE GLASS SUGAR CADDY,380.75,65,24,5.929166666666667,15.864583333333334,65.4,0.17176625082074853,False
21664,RIDGED GLASS STORAGE JAR CREAM LID,799.0799999999999,220,52,3.736415094339623,15.366923076923076,162.72,0.20363417930620215,False
21665,TRIANGULAR RIDGED GLASS POSY HOLDER,475.1,766,40,0.6430232558139536,11.877500000000001,46.2,0.09724268575036835,False
21666, RIDGED GLASS T-LIGHT HOLDER,529.95,937,12,0.6166666666666667,44.1625,277.20000000000005,0.5230682139824512,False
21666,RIDGED GLASS T-LIGHT HOLDER,479.70000000000005,738,56,0.65,8.56607142857143,31.200000000000003,0.06504065040650406,False
21667,GLASS CAKE COVER AND PLATE,4878.799999999999,304,134,16.621641791044773,36.40895522388059,179.39999999999998,0.036771337214069034,False
21668,RED STRIPE CERAMIC DRAWER KNOB,11352.41,9310,612,1.2768659127625201,18.54968954248366,203.52,0.017927470907058502,False
21669,BLUE STRIPE CERAMIC DRAWER KNOB,11985.99,9792,635,1.286929012345679,18.875574803149608,203.52,0.01697982394445515,False
21670,BLUE SPOT CERAMIC DRAWER KNOB,9814.48,7997,578,1.271663807890223,16.980069204152247,240.0,0.024453664381607586,False
21671,RED SPOT CERAMIC DRAWER KNOB,10568.3,8763,561,1.263031914893617,18.83832442067736,203.52,0.019257591097906004,False
21672,WHITE SPOT RED CERAMIC DRAWER KNOB,12276.72,10228,623,1.2651342812006319,19.70581059390048,203.52,0.016577717826911424,False
21673,WHITE SPOT BLUE CERAMIC DRAWER KNOB,10899.92,9068,561,1.2676637168141593,19.42944741532977,407.04,0.03734339334600621,False
21674,RIDGED GLASS PENDANT LAMPSHADE,680.8499999999999,43,9,16.505555555555553,75.64999999999999,179.39999999999998,0.2634941617096277,False
21675,BUTTERFLIES STICKERS,1326.7099999999998,1559,159,0.8784374999999999,8.344088050314465,30.599999999999998,0.023064573267707337,False
21676,FLOWERS  STICKERS,787.36,1102,98,0.8837755102040816,8.034285714285714,45.6,0.05791505791505792,False
21677,HEARTS  STICKERS,1647.2299999999998,1937,194,0.8761340206185567,8.490876288659793,51.0,0.0309610679747212,False
21678,PAISLEY PATTERN  STICKERS,358.78999999999996,515,46,0.8193478260869564,7.799782608695652,45.6,0.12709384319518383,False
21679,SKULLS  STICKERS,3113.99,3803,264,0.8480377358490566,11.795416666666666,414.71999999999997,0.13317961843165843,False
21680,WOODLAND  STICKERS,2179.3199999999997,2652,149,0.8482666666666666,14.626308724832214,207.35999999999999,0.09514894554264633,False
21681,GIANT MEDINA STAMPED METAL BOWL ,2134.35,225,72,9.89041095890411,29.643749999999997,204.0,0.0955794504181601,False
21682,LARGE MEDINA STAMPED METAL BOWL ,2647.4100000000003,544,140,4.980785714285715,18.91007142857143,306.0,0.1155846657676748,False
21683,MEDIUM MEDINA STAMPED METAL BOWL ,2604.7500000000005,909,132,2.9439849624060153,19.73295454545455,244.79999999999998,0.09398214799884823,False
21684,SMALL MEDINA STAMPED METAL BOWL ,1246.96,1643,86,0.8636781609195402,14.49953488372093,230.4,0.1847693590812857,False
21685,MEDINA STAMPED METAL TRAY ,44.849999999999994,3,2,14.95,22.424999999999997,29.9,0.6666666666666667,False
21686,MEDINA STAMPED METAL STOOL,2047.3000000000002,54,27,39.20925925925926,75.82592592592593,349.5,0.17071264592389976,False
21687,SILVER PLATE CANDLE BOWL LARGE,1615.83,445,77,3.732439024390244,20.984805194805194,244.08,0.15105549469931864,False
21688,SILVER PLATE CANDLE BOWL SMALL,2489.8,844,107,2.95,23.269158878504676,162.25,0.06516587677725118,False
21689,SILVER VANILLA  FLOWER CANDLE POT,1226.31,337,55,3.731052631578947,22.296545454545452,325.44,0.265381510384813,False
21690,SILVER  CANDLEPOT JARDIN ,929.2,248,75,3.740123456790123,12.389333333333333,90.0,0.09685751183814033,False
21691,SILVER VANILLA FLOWER CANDLE POT,898.56,240,66,3.7450684931506846,13.614545454545453,45.0,0.05008012820512821,False
21692,SILVER LATTICE VANILLA CANDLE POT,1815.03,489,104,3.7436283185840704,17.452211538461537,162.72,0.08965141072048396,False
21693,SMALL HAMMERED SILVER CANDLEPOT ,2387.1000000000004,810,99,2.945959595959596,24.112121212121217,123.9,0.05190398391353525,False
21694,SMALL REGAL  SILVER CANDLEPOT ,1516.2,540,61,2.9368852459016392,24.855737704918035,244.79999999999998,0.16145627225959636,False
21695,SMALL SILVER FLOWER CANDLE POT,1674.8500000000001,571,74,2.9283783783783788,22.63310810810811,132.75,0.07926082932799952,False
21696,SMALL SILVER TRELLIS CANDLEPOT,2076.8,704,92,2.95,22.573913043478264,79.65,0.03835227272727273,False
21697,SET 5 MINI DOUGHNUT FRIDGE MAGNET ,295.08000000000004,372,7,1.4914285714285713,42.15428571428572,81.12,0.2749084993899959,False
21698,MOCK LOBSTER FRIDGE MAGNET,268.34,450,48,0.6843750000000001,5.590416666666666,25.919999999999998,0.09659387344413804,False
21699,SET 5 MINI CHOCOLATE FRIDGE MAGNETS,82.44,108,3,1.2266666666666666,27.48,40.56,0.4919941775836973,False
21700,BIG DOUGHNUT FRIDGE MAGNETS,4745.179999999999,5678,324,0.8460244648318042,14.645617283950616,172.79999999999998,0.03641589992371206,False
21702,SET 5 MINI GATEAUX  FRIDGE MAGNETS,918.6800000000001,2636,8,1.3425,114.83500000000001,612.0,0.6661732050333086,False
21703,BAG 125g SWIRLY MARBLES,5374.93,14191,448,0.4216666666666667,11.997611607142858,233.28000000000003,0.043401495461336245,False
21704,BAG 250g SWIRLY MARBLES,12238.47,16122,461,0.8469379014989293,26.547657266811278,1399.6799999999998,0.11436723708110572,False
21705,BAG 500g SWIRLY MARBLES,2841.7099999999996,2375,182,1.5592972972972972,15.613791208791206,139.2,0.04898459026431269,False
21706,"FOLDING UMBRELLA , RED/WHITE SPOT",2686.5,870,87,4.501724137931035,30.879310344827587,280.8,0.10452261306532663,False
21706,FOLDING UMBRELLA RED/WHITE POLKADOT,1535.53,310,94,5.041702127659574,16.335425531914893,59.400000000000006,0.03868371181285941,False
21707,"FOLDING UMBRELLA , BLACK/BLUE  SPOT",3015.6,768,62,4.648387096774194,48.63870967741936,1275.0,0.4228014325507362,False
21707,FOLDING UMBRELLA BLACKBLUE POLKADOT,918.0200000000001,184,70,5.083142857142857,13.11457142857143,59.400000000000006,0.06470447266944075,False
21708,FOLDING UMBRELLA  CREAM/MULTI  SPOT,1178.55,369,46,4.493478260869566,25.620652173913044,99.0,0.08400152730049637,False
21708,FOLDING UMBRELLA CREAM POLKADOT,870.5500000000001,177,41,4.916666666666667,21.232926829268294,178.20000000000002,0.20469817931192924,False
21709,FOLDING UMBRELLA  CHOC/WHITE  SPOT,2023.8,524,40,4.6325,50.595,1275.0,0.630002964719834,False
21709,FOLDING UMBRELLA CHOCOLATE POLKADOT,573.61,116,39,5.0605128205128205,14.70794871794872,59.400000000000006,0.1035546800090654,False
21710,FOLDING UMBRELLA  PINK/WHITE  SPOT,1468.35,573,41,4.164285714285715,35.81341463414634,327.59999999999997,0.22310756972111553,False
21710,FOLDING UMBRELLA PINKWHITE POLKADOT,570.8100000000001,116,44,5.032045454545455,12.972954545454547,39.6,0.06937509854417406,False
21711,FOLDING UMBRELLA  WHITE/RED  SPOT,922.0500000000001,259,26,4.4884615384615385,35.463461538461544,237.60000000000002,0.25768667642752563,False
21711,FOLDING UMBRELLA WHITE/RED POLKADOT,489.40000000000003,100,28,4.9,17.47857142857143,178.20000000000002,0.3641193297915815,False
21713,CITRONELLA CANDLE FLOWERPOT,4253.3,2448,322,2.0518348623853213,13.209006211180125,177.60000000000002,0.04175581313333177,False
21714,CITRONELLA CANDLE GARDEN POT,3643.27,3287,322,1.2383024691358024,11.314503105590061,280.8,0.07707361793114428,False
21715,GIRLS VINTAGE TIN SEASIDE BUCKET,7497.12,3196,316,2.519625,23.72506329113924,470.40000000000003,0.06274409373199309,False
21716,BOYS VINTAGE TIN SEASIDE BUCKET,7719.08,3326,305,2.5210389610389607,25.308459016393442,470.40000000000003,0.060939904755489,False
21717,EASTER TIN BUCKET,3353.4,1404,143,2.5059440559440556,23.45034965034965,201.60000000000002,0.06011808910359635,False
21718,RED METAL BEACH SPADE ,4347.57,3639,307,1.253322580645161,14.161465798045601,424.0,0.0975257442663373,False
21719,LOVELY BONBON STICKER SHEET,698.8399999999999,824,92,0.8486170212765957,7.596086956521738,42.5,0.06081506496479882,False
21720,CAKE SHOP  STICKER SHEET,844.79,1011,86,0.8469767441860465,9.82313953488372,72.0,0.08522828158477255,False
21721,CANDY SHOP  STICKER SHEET,849.43,1003,88,0.847111111111111,9.652613636363636,61.199999999999996,0.07204831475224563,False
21722,SWEET PUDDING STICKER SHEET,238.0,280,39,0.85,6.102564102564102,71.39999999999999,0.3,False
21723,ALPHABET HEARTS STICKER SHEET,685.9499999999999,807,93,0.8499999999999999,7.3758064516129025,42.5,0.061957868649318466,False
21724,PANDA AND BUNNIES STICKER SHEET,776.9,914,125,0.85,6.215199999999999,30.599999999999998,0.039387308533916844,False
21725,SWEETIES  STICKERS,888.25,1045,108,0.8499999999999999,8.224537037037036,71.39999999999999,0.08038277511961721,False
21726,MULTI HEARTS  STICKERS,867.5999999999999,1036,126,0.8489922480620155,6.885714285714285,72.0,0.08298755186721993,False
21728,METAL MEDINA LANTERN ,2657.85,293,35,12.375714285714285,75.93857142857142,1632.0,0.6140301371409222,False
21729,SMALL MARAKESH METAL  LANTERN ,354.5,114,23,3.2291666666666665,15.41304347826087,88.0,0.24823695345557123,False
21730,GLASS STAR FROSTED T-LIGHT HOLDER,4816.990000000001,1019,258,4.919080459770115,18.670503875968993,76.5,0.015881286861712394,False
21731,RED TOADSTOOL LED NIGHT LIGHT,40405.96,26136,1034,1.6496003805899144,39.07733075435203,1044.0,0.025837772447431025,False
21732,RED HANGING METAL STAR TLIGHT HLDR,3195.78,922,56,3.681724137931034,57.0675,1193.28,0.3733924112423258,False
21733,RED HANGING HEART T-LIGHT HOLDER,47778.25,16815,1624,2.91610405323654,29.420104679802957,2786.4,0.05831942358709245,False
21734,SMALL MARAKESH LANTERN ON STICK,191.25,51,14,3.75,13.660714285714286,30.0,0.1568627450980392,False
21735,TWO DOOR CURIO CABINET,6426.75,544,184,12.566304347826087,34.92798913043478,657.0,0.10222896487338079,False
21736,GOLD SCROLL GLASS T-LIGHT HOLDER,341.85,175,22,2.0256521739130435,15.538636363636364,75.60000000000001,0.22114962702939886,False
21737,SET 3 WICKER LOG BASKETS,7320.15,397,163,19.729141104294477,44.90889570552147,1762.8,0.24081473740292209,False
21738,COSY SLIPPER SHOES SMALL  RED ,1104.75,381,103,2.9425925925925926,10.725728155339805,91.8,0.08309572301425662,False
21739,COSY SLIPPER SHOES SMALL GREEN,1061.64,363,100,2.912079207920792,10.6164,35.400000000000006,0.0333446365999774,False
21740,COSY SLIPPER SHOES LARGE RED,483.80000000000007,164,48,2.95,10.079166666666667,53.1,0.1097560975609756,False
21741,COSY SLIPPER SHOES LARGE GREEN,1801.3500000000001,617,132,2.9440298507462686,13.64659090909091,89.25,0.049546173703056036,False
21742,LARGE ROUND WICKER PLATTER ,2552.55,429,189,5.95,13.505555555555556,89.25,0.03496503496503496,False
21743,STAR PORTABLE TABLE LIGHT ,3407.0000000000005,1220,139,2.924647887323944,24.510791366906478,244.79999999999998,0.07185206926915173,False
21744,SNOWFLAKE PORTABLE TABLE LIGHT ,2116.34,702,153,3.0766242038216562,13.832287581699347,53.1,0.02509048640577601,False
21745,GAOLERS KEYS DECORATIVE GARDEN ,8909.29,2651,459,3.7442025862068964,19.410217864923748,518.16,0.05815951663937305,False
21746,SMALL RED RETROSPOT WINDMILL,5776.82,4862,327,1.2506306306306305,17.66611620795107,203.52,0.03523045551012495,False
21746,SMALL RED SPOT  WINDMILL,886.46,742,52,1.242962962962963,17.047307692307694,203.52,0.22958734742684386,False
21747,SMALL SKULL WINDMILL,2152.05,1857,125,1.240873015873016,17.2164,318.0,0.14776608350177736,False
21749,LARGE RED RETROSPOT WINDMILL,4916.55,2548,180,2.076388888888889,27.31416666666667,577.2,0.11739939591786924,False
21749,LARGE RED SPOT WINDMILL,4058.4,2174,33,2.0545454545454547,122.98181818181818,1509.6000000000001,0.3719692489651094,False
21750, LARGE SKULL WINDMILL,16.8,8,2,2.1,8.4,12.600000000000001,0.75,False
21750,LARGE SKULL WINDMILL,582.3000000000001,283,49,2.0948979591836734,11.883673469387757,88.80000000000001,0.1524987120041216,False
21752,GLASS CAKE STAND MIRRORED BASE,942.6999999999999,66,28,14.792857142857143,33.66785714285714,153.0,0.16229977723559988,False
21754,HOME BUILDING BLOCK WORD,42292.86,7204,1827,5.963993506493507,23.1488013136289,196.20000000000002,0.004639080922879181,False
21755,LOVE BUILDING BLOCK WORD,31322.660000000003,5322,1477,5.965938543754175,21.20694651320244,196.20000000000002,0.0062638358300348695,False
21756,BATH BUILDING BLOCK WORD,9129.08,1537,518,5.987581573896353,17.623706563706563,130.8,0.014327840264298265,False
21757,LIGHTHOUSE PRINTED METAL SIGN,341.55,69,31,4.95,11.01774193548387,39.6,0.11594202898550725,False
21758,VINTAGE SHELLS PRINT,647.45,101,45,6.438888888888889,14.387777777777778,47.6,0.07351919067109429,False
21759,METAL WALL SHELF UNIT WITH HOOKS,968.08,27,11,45.47,88.00727272727273,358.68,0.370506569704983,False
21760,FRENCH STYLE WALL DRESSER,1615.0,14,11,116.25,146.8181818181818,270.0,0.16718266253869968,False
21761,WOOD AND GLASS MEDICINE CABINET,1784.8,64,23,29.558695652173913,77.6,404.25,0.2264959659345585,False
21763,VINTAGE WOODEN BAR STOOL,1076.05,40,16,27.828125,67.253125,207.6,0.19292783792574694,False
21764,VINTAGE WOODEN PLATE RACK,619.2,16,10,39.45,61.92,139.8,0.22577519379844962,False
21765,HANGING METAL BIRD BATH,2547.75,329,119,7.900413223140497,21.409663865546218,257.25,0.10097144539299382,False
21767,FRENCH STYLE WIRE DOOR CABINET ,29.95,1,1,29.95,29.95,29.95,1.0,False
21768,WALL MOUNTED VINTAGE ORGANISER,5327.04,446,123,14.721129032258064,43.30926829268293,1981.86,0.3720377545503694,False
21769,VINTAGE POST OFFICE CABINET,7715.02,120,46,77.52565217391304,167.71782608695653,1794.52,0.23260082281056949,False
21770,OPEN CLOSED METAL SIGN,13714.41,2848,576,4.945684575389948,23.809739583333332,3522.6000000000004,0.2568539222613295,False
21772,VINTAGE METAL CAKE STAND CREAM ,12.75,1,1,12.75,12.75,12.75,1.0,False
21773,DECORATIVE ROSE BATHROOM BOTTLE,1088.96,1240,105,1.1506603773584905,10.37104761904762,101.76,0.0934469585659712,False
21774,DECORATIVE CATS BATHROOM BOTTLE,1157.76,1260,108,1.1990825688073394,10.72,120.96,0.1044776119402985,False
21775,DECORATIVE FLORE BATHROOM BOTTLE,593.91,507,79,1.239625,7.517848101265822,20.16,0.03394453705106835,False
21777,RECIPE BOX WITH METAL HEART,7942.8,1044,311,7.908333333333333,25.539549839228297,500.40000000000003,0.0630004532406708,False
21779,MA CAMPAGNE MINI WOODEN CHEST,1068.3000000000002,291,22,4.612272727272727,48.55909090909092,139.84,0.13089956004867545,False
21780,MA CAMPAGNE 4 DRAWER WALL SHELF,835.55,125,17,8.411764705882353,49.15,102.0,0.12207527975584945,False
21781,MA CAMPAGNE CUTLERY BOX,8008.65,551,305,14.87168284789644,26.257868852459016,408.0,0.05094491580978068,False
21784,SHOE SHINE BOX ,2217.0,225,133,9.939097744360902,16.669172932330827,127.5,0.05751014884979702,False
21785,RAIN PONCHO ,1465.2,1972,78,0.8322784810126582,18.784615384615385,264.55,0.18055555555555555,False
21786,POLKADOT RAIN HAT ,994.09,2556,127,0.44362962962962965,7.8274803149606305,92.16,0.0927079037109316,False
21786,RAIN HAT WITH RED SPOTS,1528.8,4240,88,0.40888888888888886,17.37272727272727,184.32,0.1205651491365777,False
21787,RAIN PONCHO RETROSPOT,7676.48,9728,229,0.8588510638297872,33.521746724890825,1519.8,0.19798136645962733,False
21787,RAIN PONCHO WITH RED SPOTS,3288.7000000000003,4462,118,0.8281512605042016,27.87033898305085,374.40000000000003,0.1138443761972816,False
21788,KIDS RAIN MAC BLUE,2498.68,3142,171,0.8476404494382023,14.612163742690058,93.60000000000001,0.03745977876318697,False
21789,KIDS RAIN MAC PINK,2167.48,2662,173,0.84875,12.52878612716763,93.60000000000001,0.04318378946979903,False
21790,VINTAGE SNAP CARDS,19796.109999999997,24919,1474,0.847628590514362,13.43019674355495,230.39999999999998,0.011638650219664369,False
21791,VINTAGE HEADS AND TAILS CARD GAME ,18006.4,15134,1042,1.2559301227573183,17.280614203454896,424.0,0.023547183223742666,False
21792,CLASSIC FRENCH STYLE BASKET GREEN ,2343.9,474,130,5.602307692307692,18.03,95.2,0.04061606723836341,False
21793,CLASSIC FRENCH STYLE BASKET BROWN,1564.44,344,93,4.999148936170213,16.82193548387097,158.0,0.10099460509830993,False
21794,CLASSIC FRENCH STYLE BASKET NATURAL,3147.52,664,151,5.28953642384106,20.84450331125828,158.0,0.05019825132167548,False
21795,SET OF 3 BLUE STRIPE BASKET,3620.2200000000003,435,76,12.6725,47.634473684210526,2243.2200000000003,0.6196363756898752,False
21796,SET OF 3 RED STRIPE BASKETS,2769.44,323,66,12.660757575757575,41.96121212121212,1570.94,0.5672410306776822,False
21801,CHRISTMAS TREE DECORATION WITH BELL,766.0799999999999,1824,79,0.42000000000000004,9.697215189873416,30.24,0.03947368421052632,False
21802,CHRISTMAS TREE HEART DECORATION,1002.54,2387,99,0.42000000000000004,10.126666666666667,30.24,0.03016338500209468,False
21803,CHRISTMAS TREE STAR DECORATION,1045.3799999999999,2489,101,0.42,10.350297029702968,30.24,0.028927280032141425,False
21804,WHITE CHRISTMAS GARLAND STARS TREES,2017.95,541,106,3.7402702702702704,19.037264150943397,135.0,0.06689957630268341,False
21805,WHITE CHRISTMAS TREE DECORATION ,874.8,2124,82,0.41857142857142854,10.668292682926829,51.839999999999996,0.05925925925925926,False
21806,WHITE CHRISTMAS HEART DECORATION,1079.1599999999999,2590,104,0.4194444444444444,10.37653846153846,51.839999999999996,0.048037362392972315,False
21807,WHITE CHRISTMAS STAR DECORATION,1250.52,2998,131,0.4195620437956204,9.545954198473282,51.839999999999996,0.041454754821994046,False
21808,"CHRISTMAS GARLAND STARS,TREES",1853.75,755,77,3.3653846153846154,24.074675324675326,67.5,0.03641267700606878,False
21809,CHRISTMAS HANGING TREE WITH BELL,2202.69,2868,148,0.9520915032679738,14.883040540540541,152.64000000000001,0.06929708674393582,False
21810,CHRISTMAS HANGING STAR WITH BELL,3624.9,6222,239,0.7589803921568627,15.166945606694561,152.64000000000001,0.04210874782752628,False
21811,CHRISTMAS HANGING HEART WITH BELL,2031.39,1647,132,1.2486428571428572,15.389318181818183,152.64000000000001,0.07514066722785875,False
21811,HANGING HEART WITH BELL,1887.86,4064,137,0.5582758620689655,13.78,60.0,0.0317820177343659,False
21812,GARLAND WITH HEARTS AND BELLS,2784.4500000000003,571,120,4.932644628099173,23.203750000000003,127.5,0.045790012390238645,False
21813,GARLAND WITH STARS AND BELLS,2251.3500000000004,465,85,4.925862068965517,26.4864705882353,178.5,0.0792857618762076,False
21814,HEART T-LIGHT HOLDER ,924.15,639,71,1.4473333333333334,13.01619718309859,34.8,0.03765622463885732,False
21815, STAR  T-LIGHT HOLDER ,28.999999999999996,20,4,1.45,7.249999999999999,17.4,0.6,False
21815,STAR  T-LIGHT HOLDER ,854.55,591,60,1.4467213114754098,14.2425,34.8,0.040723187642618924,False
21816,CHRISTMAS TREE T-LIGHT HOLDER,587.25,405,41,1.45,14.323170731707316,34.8,0.059259259259259255,False
21817,GLITTER CHRISTMAS TREE,1058.79,1671,121,0.693015873015873,8.750330578512397,40.8,0.03853455359419715,False
21818,GLITTER CHRISTMAS HEART ,1400.78,1670,132,0.849103448275862,10.611969696969696,103.67999999999999,0.07401590542412084,False
21818,GLITTER HEART DECORATION,1056.3400000000001,2434,129,0.463049645390071,8.188682170542636,42.120000000000005,0.039873525569418936,False
21819,GLITTER CHRISTMAS STAR ,2173.7599999999998,3780,231,0.6609999999999999,9.41021645021645,70.2,0.03229427351685559,False
21820,GLITTER HEART GARLAND WITH BELLS ,2612.21,710,131,3.7641481481481485,19.94053435114504,203.4,0.07786510272910677,False
21821,GLITTER STAR GARLAND WITH BELLS ,2360.1,638,105,3.739906542056075,22.477142857142855,203.4,0.08618278886487861,False
21822,GLITTER CHRISTMAS TREE WITH BELLS,1086.51,859,96,1.3788,11.3178125,58.5,0.05384211834221498,False
21823,PAINTED METAL HEART WITH HOLLY BELL,2189.44,2244,165,1.151123595505618,13.269333333333334,120.0,0.05480853551593101,False
21824,PAINTED METAL STAR WITH HOLLY BELLS,1883.36,2280,158,1.061616766467066,11.92,120.0,0.06371591198708691,False
21825,PAINTED METAL TREE WITH HOLLY BELLS,1023.3499999999999,719,66,1.4471830985915493,15.505303030303029,120.0,0.11726193384472566,False
21826,EIGHT PIECE DINOSAUR SET,2006.46,1638,187,1.2470769230769232,10.729732620320856,203.52,0.1014323734338088,False
21827,EIGHT PIECE CREEPY CRAWLIE SET,991.69,797,119,1.24703125,8.333529411764706,60.0,0.06050277808589377,False
21828,EIGHT PIECE SNAKE  SET,1283.96,1060,146,1.2461744966442954,8.794246575342466,203.52,0.15850961089130503,False
21829,DINOSAUR KEYRINGS ASSORTED,2879.3399999999997,13903,297,0.2106040268456376,9.694747474747473,77.75999999999999,0.027006188918293775,False
21830,ASSORTED CREEPY CRAWLIES,2822.35,6739,221,0.4265470852017937,12.770814479638009,60.48,0.021428951051428773,False
21832,CHOCOLATE CALCULATOR,4826.629999999999,2991,281,1.6823076923076923,17.176619217081846,290.0,0.0600833293623087,False
21833,CAMOUFLAGE LED TORCH,9503.19,5743,334,1.684507462686567,28.452664670658685,303.96,0.03198504923083722,False
21836,GINGHAM OVEN GLOVE RED HEART ,828.75,221,79,3.75,10.490506329113924,52.5,0.06334841628959276,False
21837,CROSS STITCH ALPHABET CUSHION COVER,1273.3,214,70,5.95,18.189999999999998,89.25,0.07009345794392524,False
21838,DADDY MOUSE RED GINGHAM BOW TIE,5.45,1,1,5.45,5.45,5.45,1.0,False
21839,MUMMY MOUSE RED GINGHAM RIBBON,1047.2,196,80,5.43125,13.09,178.20000000000002,0.17016806722689076,False
21841,BABY MOUSE RED GINGHAM DRESS,1772.5,424,122,4.229838709677419,14.528688524590164,135.0,0.076163610719323,False
21842,PINK HEART CANDY BUTTON CALCULATOR,1257.15,541,38,2.5026315789473683,33.08289473684211,210.0,0.16704450542894642,False
21843,RED RETROSPOT CAKE STAND,38839.64,3828,950,10.878054679284961,40.883831578947365,2365.2,0.06089654795976481,False
21843,RETRO SPOT CAKE STAND,14134.949999999999,1341,288,10.866666666666667,49.0796875,1576.8,0.11155327751424661,False
21844,RED RETROSPOT MUG,10315.75,3753,297,2.9018394648829435,34.73316498316498,642.5999999999999,0.06229309550929403,False
21844,RETRO SPOT MUG,3857.55,1389,125,2.902,30.860400000000002,183.6,0.0475949760858576,False
21845,DAIRY MAID STRIPE MUG,3065.01,2355,142,1.8711267605633801,21.584577464788733,91.8,0.029950962639599867,False
21846,PINK DIAMANTE PEN IN GIFT BOX,1791.57,917,86,4.224712643678161,20.83220930232558,187.5,0.1046568093906462,False
21847,GREEN  DIAMANTE PEN IN GIFT BOX,448.2,252,22,4.145652173913044,20.37272727272727,150.0,0.33467202141900937,False
21849,SILVER DIAMANTE PEN IN GIFT BOX,900.34,364,58,4.3773333333333335,15.523103448275863,102.0,0.11329053468689605,False
21850,BLUE  DIAMANTE PEN IN GIFT BOX,522.75,285,42,4.245238095238095,12.446428571428571,90.0,0.17216642754662842,False
21851,LILAC DIAMANTE PEN IN GIFT BOX,736.6700000000001,383,46,4.604782608695652,16.014565217391304,157.5,0.21379993755684362,False
21852,EMPIRE TEDDY,6.95,1,1,6.95,6.95,6.95,1.0,False
21864,UNION JACK FLAG PASSPORT COVER ,2913.2200000000003,1463,259,2.084528301886792,11.247953667953668,202.79999999999998,0.06961369206582406,False
21865,PINK UNION JACK  PASSPORT COVER ,1588.9800000000002,759,206,2.0960576923076926,7.713495145631069,75.60000000000001,0.04757769134916739,False
21866,UNION JACK FLAG LUGGAGE TAG,2068.4,1659,294,1.2676333333333334,7.035374149659864,125.0,0.060433185070585954,False
21867,PINK UNION JACK  LUGGAGE TAG,1214.21,972,200,1.2587264150943398,6.0710500000000005,125.0,0.10294759555595819,False
21868,POTTING SHED TEA MUG,10119.880000000001,8574,715,1.2692926490984744,14.153678321678322,345.6,0.03415060257631513,False
21869,POTTING SHED COFFEE MUG,1412.64,1228,103,1.2116346153846154,13.714951456310681,228.96,0.1620795107033639,False
21870,I CAN ONLY PLEASE ONE PERSON MUG,7035.92,5854,535,1.2376623376623377,13.151252336448598,228.96,0.03254158660132577,False
21871,SAVE THE PLANET MUG,11688.05,10341,594,1.2997833333333333,19.67685185185185,610.5600000000001,0.05223796955009605,False
21872,GLAMOROUS  MUG,4951.53,4997,283,1.2820350877192983,17.496572438162545,408.0,0.0823987737123677,False
21873,IF YOU CAN'T STAND THE HEAT MUG,2094.18,1854,147,1.2649659863945577,14.246122448979591,923.52,0.44099361086439565,False
21874,GIN AND TONIC MUG,7477.64,6096,453,1.2771743929359822,16.50693156732892,1101.12,0.1472550162885616,False
21875,KINGS CHOICE MUG,7369.89,6611,325,1.279388379204893,22.676584615384616,1086.8,0.14746488753563486,False
21876,POTTERING MUG,6109.82,5218,397,1.3145477386934672,15.389974811083123,923.52,0.15115338913421345,False
21877,HOME SWEET HOME MUG,14227.74,12774,643,1.315906976744186,22.127122861586315,923.52,0.06490981701942825,False
21878,PACK OF 6 SANDCASTLE FLAGS ASSORTED,3968.3599999999997,4962,288,0.8486689419795221,13.779027777777777,293.76,0.07402554203751677,False
21879,HEARTS GIFT TAPE,522.38,1366,93,0.5314893617021277,5.616989247311828,39.0,0.0746582947279758,False
21880,RED AND WHITE SPOT TAPE,274.3,422,34,0.65,8.06764705882353,31.200000000000003,0.1137440758293839,False
21880,RED RETROSPOT TAPE,719.6400000000001,1536,110,0.5588288288288289,6.542181818181819,46.800000000000004,0.06503251625812906,False
21881,CUTE CATS TAPE,450.75000000000006,1183,65,0.5952307692307692,6.934615384615386,54.72,0.12139767054908485,False
21882,SKULLS TAPE,398.73,921,70,0.5783333333333334,5.696142857142857,36.480000000000004,0.09149048228124296,False
21883,STARS GIFT TAPE ,1015.1700000000001,2037,165,0.5967878787878788,6.152545454545455,27.36,0.026951151038742276,False
21884,CAKES AND BOWS GIFT  TAPE,457.36,1232,68,0.5538235294117647,6.725882352941177,54.72,0.11964316949449011,False
21888,BINGO SET,11558.7,3134,621,3.7847512038523274,18.61304347826087,540.0,0.046718056528848396,False
21889,WOODEN BOX OF DOMINOES,14284.41,11686,866,1.2634011299435026,16.494699769053117,360.0,0.02520230097007857,False
21890,S/6 WOODEN SKITTLES IN COTTON BAG,9334.16,3292,411,3.0644019138755985,22.710851581508514,1275.0,0.13659504443892112,False
21891,TRADITIONAL WOODEN SKIPPING ROPE,14500.630000000001,11643,657,1.3207205882352941,22.070974124809744,900.0,0.062066268844870875,False
21892,TRADITIONAL WOODEN CATCH CUP GAME ,8758.17,7228,598,1.270080775444265,14.64576923076923,530.0,0.06051492492153041,False
21893,POTTING SHED SEED TIN,523.0,164,13,4.138461538461538,40.23076923076923,336.0,0.6424474187380497,False
21894,POTTING SHED SEED ENVELOPES,1400.13,1144,151,1.2766666666666668,9.272384105960265,63.6,0.04542435345289366,False
21895,POTTING SHED SOW 'N' GROW SET,1540.25,529,70,4.2021428571428565,22.00357142857143,336.0,0.21814640480441486,False
21896,POTTING SHED TWINE,4602.03,2289,225,2.091798245614035,20.453466666666664,1036.8,0.22529188206074277,False
21897,POTTING SHED CANDLE CITRONELLA,2573.52,852,100,2.9407843137254908,25.7352,1097.82,0.4265830457894246,False
21898,POTTING SHED ROSE CANDLE,2349.88,760,88,2.950652173913044,26.703181818181818,1213.3799999999999,0.5163582821250446,False
21899,GARAGE KEY FOB,489.20000000000005,730,115,0.7091379310344827,4.253913043478261,31.200000000000003,0.06377759607522486,False
21899,"KEY FOB , GARAGE DESIGN",3573.78,5742,408,0.6482692307692308,8.759264705882353,331.25,0.09268897357979505,False
21900,"KEY FOB , SHED",5091.040000000001,8028,654,0.6635928143712575,7.784464831804283,331.25,0.06506529117822683,False
21901,"KEY FOB , BACK DOOR ",3827.57,6005,575,0.6605387205387205,6.65664347826087,331.25,0.08654315923680037,False
21902,"KEY FOB , FRONT  DOOR ",3239.3900000000003,5217,407,0.6598817966903073,7.95918918918919,331.25,0.10225690639287026,False
21903,MAN FLU METAL SIGN,6544.9800000000005,3328,345,2.154289855072464,18.970956521739133,532.8000000000001,0.08140590192788978,False
21904,HOUSE WRECKING METAL SIGN ,1149.9,734,130,2.040839694656489,8.845384615384615,122.39999999999999,0.1064440386120532,False
21905,MORE BUTTER METAL SIGN ,1973.65,1518,195,1.6186153846153846,10.121282051282051,429.12,0.217424568692524,False
21906,PHARMACIE FIRST AID TIN,10830.65,1603,308,6.721354838709677,35.16444805194805,3308.32,0.30545904447101513,False
21907,I'M ON HOLIDAY METAL SIGN,10262.050000000001,4969,692,2.102277936962751,14.829552023121389,177.60000000000002,0.017306483597331918,False
21908,CHOCOLATE THIS WAY METAL SIGN,17974.04,9364,798,2.1076923076923078,22.52385964912281,715.2,0.03979072039452455,False
21910,WAY OUT METAL SIGN ,1331.6999999999998,1034,101,1.637128712871287,13.185148514851484,288.0,0.21626492453255242,False
21911,GARDEN METAL SIGN ,3590.0999999999995,2362,255,1.6453125,14.078823529411762,374.40000000000003,0.10428678866883934,False
21912,VINTAGE SNAKES & LADDERS,11872.97,3311,613,3.785138211382114,19.368629690048937,732.24,0.06167285860235477,False
21913,VINTAGE SEASIDE JIGSAW PUZZLES,3578.77,985,204,3.7739024390243903,17.54299019607843,650.88,0.18187254280101822,False
21914,BLUE HARMONICA IN BOX ,14517.47,11710,812,1.268921212121212,17.87865763546798,254.4,0.0175237145315265,False
21915,RED  HARMONICA IN BOX ,38884.65,34349,874,1.2524318181818184,44.490446224256296,2226.0,0.05724623984014257,False
21916,SET 12 RETRO WHITE CHALK STICKS,4117.48,10192,533,0.42480733944954124,7.725103189493432,207.35999999999999,0.05036090035652875,False
21917,SET 12 KIDS  WHITE CHALK STICKS,3217.56,7871,379,0.4230287206266318,8.489604221635883,120.96,0.03759370454630217,False
21918,SET 12 KIDS COLOUR  CHALK STICKS,5663.14,14083,582,0.4226485568760611,9.730481099656357,380.15999999999997,0.06712883665245782,False
21922,UNION STRIPE WITH FRINGE  HAMMOCK,9441.34,1254,329,7.9046666666666665,28.697082066869303,417.0,0.04416745928014455,False
21923,RED/CREAM STRIPE FRINGE HAMMOCK,2467.85,323,107,7.875233644859813,23.064018691588785,111.2,0.04505946471625099,False
21924,BLUE/CREAM STRIPE FRINGE HAMMOCK,2228.3,294,111,7.869642857142857,20.074774774774777,90.35000000000001,0.04054660503522865,False
21925,UNION STRIPE CUSHION COVER ,1427.2,1160,150,1.24625,9.514666666666667,42.400000000000006,0.0297085201793722,False
21926,RED/CREAM STRIPE CUSHION COVER ,1192.3,966,134,1.2471641791044776,8.89776119402985,42.400000000000006,0.03556151975174034,False
21927,BLUE/CREAM STRIPE CUSHION COVER ,1398.55,1131,164,1.2476969696969697,8.527743902439024,42.400000000000006,0.03031711415394516,False
21928,JUMBO BAG SCANDINAVIAN BLUE PAISLEY,14147.15,7489,448,2.0606222222222224,31.57845982142857,825.0,0.05831563247721273,False
21928,JUMBO BAG SCANDINAVIAN PAISLEY,26794.3,15330,720,1.9144352617079887,37.214305555555555,495.0,0.018474078442056705,False
21929,JUMBO BAG PINK VINTAGE PAISLEY,42841.76,23842,1222,1.9754390243902438,35.05872340425532,660.0,0.015405529558076045,False
21930,JUMBO STORAGE BAG SKULLS,22783.92,12299,996,1.9758712871287127,22.875421686746986,330.0,0.014483899170994281,False
21931,JUMBO STORAGE BAG SUKI,47051.83,25581,1706,1.9731279069767442,27.58020515826495,348.0,0.007396099152785343,False
21932,SCANDINAVIAN PAISLEY PICNIC BAG,7202.46,3483,493,2.224044265593561,14.6094523326572,765.0,0.10621371031564215,False
21933,PINK VINTAGE PAISLEY PICNIC BAG,8006.3099999999995,3771,467,2.2525316455696203,17.144132762312633,765.0,0.09554963522521612,False
21934,SKULL SHOULDER BAG,5055.05,3197,344,1.6302898550724636,14.694912790697675,145.0,0.028684187100028683,False
21935,SUKI  SHOULDER BAG,7701.92,4890,449,1.6321777777777777,17.153496659242762,290.0,0.03765294887508569,False
21936,RED RETROSPOT PICNIC BAG,17110.01,6163,697,2.939386590584879,24.548077474892395,637.5,0.03725889114033248,False
21936,RED/WHITE SPOT PICNIC BAG,2936.1,1078,80,2.9109756097560977,36.70125,765.0,0.2605497087973843,False
21937,STRAWBERRY   PICNIC BAG,10404.8,3744,492,2.9290322580645163,21.147967479674794,765.0,0.07352375826541596,False
21942,SKULLS DESIGN FLANNEL,670.8,1298,62,0.8101612903225806,10.819354838709677,218.88,0.3262969588550984,False
21943,CAKES AND RABBITS DESIGN FLANNEL ,304.83,387,41,0.8353658536585366,7.4348780487804875,20.4,0.06692254699340616,False
21944,KITTENS DESIGN FLANNEL,811.1,1538,75,0.7793421052631578,10.814666666666668,218.88,0.26985575144865,False
21945,STRAWBERRIES  DESIGN FLANNEL ,859.64,1518,73,0.8108,11.775890410958905,218.88,0.2546182122749058,False
21946,PARTY TIME DESIGN FLANNEL,307.81,579,30,0.7833333333333333,10.260333333333334,91.2,0.2962866703485917,False
21947,SET OF 6 HEART CHOPSTICKS,1708.17,1371,169,1.3034482758620691,10.107514792899408,127.2,0.07446565622859551,False
21948,SET OF 6 CAKE CHOPSTICKS,2298.31,1990,114,1.318695652173913,20.16061403508772,1017.6,0.44276011504105195,False
21949,SET OF 6 STRAWBERRY CHOPSTICKS,2675.29,2337,135,1.2670370370370372,19.81696296296296,1017.6,0.38036997858176125,False
21950,SET OF 6 DOTS CHOPSTICKS,6.25,5,1,1.25,6.25,6.25,1.0,False
21955,  DOORMAT UNION JACK GUNS AND ROSES,1071.25,167,51,6.640196078431372,21.004901960784313,59.5,0.05554259043173862,False
21955,DOOR MAT UNION JACK GUNS AND ROSES,4532.31,723,162,7.284573170731708,27.977222222222224,916.0,0.20210444563588986,False
21955,DOORMAT UNION JACK GUNS AND ROSES,11636.44,2066,273,7.696727272727272,42.624322344322344,1374.0,0.11807735011738985,False
21955,UNION JACK GUNS & ROSES  DOORMAT,3652.55,733,85,6.295294117647059,42.97117647058824,800.0,0.2190250646808394,False
21967,PACK OF 12 SKULL TISSUES,4246.29,15449,371,0.30553191489361703,11.445525606469003,1296.0,0.30520760475615183,False
21972,SET OF 36 DINOSAUR PAPER DOILIES,1447.1,998,132,1.45,10.962878787878788,87.0,0.06012024048096193,False
21973,SET OF 36 MUSHROOM PAPER DOILIES,2235.0499999999997,1601,159,1.441194968553459,14.05691823899371,180.0,0.08053511107134069,False
21974,SET OF 36 PAISLEY FLOWER DOILIES,9171.96,6512,546,1.4653382084095063,16.798461538461538,360.0,0.039250062145931734,False
21975,PACK OF 60 DINOSAUR CAKE CASES,14765.76,30786,1130,0.5483564013840831,13.06704424778761,384.0,0.026006111436187505,False
21976,PACK OF 60 MUSHROOM CAKE CASES,7043.38,13998,711,0.5469751381215471,9.906300984528833,201.6,0.028622621525460787,False
21977,PACK OF 60 PINK PAISLEY CAKE CASES,26287.45,54374,1571,0.544968671679198,16.732940802036918,1134.0,0.04313845580305431,False
21980,PACK OF 12 RED RETROSPOT TISSUES ,2502.45,8317,342,0.31755102040816324,7.317105263157894,138.24,0.05524186297428521,False
21980,PACK OF 12 RED SPOTTY TISSUES ,5908.589999999999,22593,223,0.28902222222222224,26.495919282511206,2500.0,0.423112790022662,False
21981,PACK OF 12 WOODLAND TISSUES ,6846.2,25828,386,0.3123425692695214,17.736269430051813,2500.0,0.3651660775320616,False
21982,PACK OF 12 SUKI TISSUES ,9763.84,31304,521,0.3159252336448598,18.740575815738964,2500.0,0.25604680125852125,False
21983,PACK OF 12 BLUE PAISLEY TISSUES ,1762.9199999999998,5952,261,0.31927756653992395,6.754482758620689,108.0,0.061261997141106805,False
21984,PACK OF 12 PINK PAISLEY TISSUES ,6862.599999999999,25090,348,0.3187042253521127,19.720114942528735,2500.0,0.36429341648937724,False
21985,PACK OF 12 HEARTS DESIGN TISSUES ,8424.24,24706,732,0.31166442953020135,11.508524590163933,2500.0,0.2967626753273886,False
21986,PACK OF 12 PINK POLKADOT TISSUES,1410.2199999999998,4952,221,0.3251121076233184,6.381085972850678,285.12,0.20218121995149696,False
21986,PACK OF 12 PINK SPOT TISSUES ,3051.97,8127,154,0.29230769230769227,19.81798701298701,1250.0,0.4095715226558584,False
21987,PACK OF 6 SKULL PAPER CUPS,3653.15,6019,344,0.6476136363636363,10.619622093023256,343.44,0.09401201702640187,False
21988,PACK OF 6 SKULL PAPER PLATES,5175.41,7073,349,0.8388235294117646,14.829255014326646,368.64,0.07122913933388852,False
21989,PACK OF 20 SKULL PAPER NAPKINS,5594.25,7485,466,0.841353065539112,12.004828326180258,368.64,0.06589623273897305,False
21990,MODERN FLORAL STATIONERY SET,2818.3,1786,233,1.805169491525424,12.095708154506438,180.0,0.06386828939431571,False
21991,BOHEMIAN COLLAGE STATIONERY SET,1318.98,862,136,1.8022463768115942,9.698382352941177,180.0,0.13646908975117136,False
21992,VINTAGE PAISLEY STATIONERY SET,3418.34,2058,307,1.9272843450479233,11.134657980456026,180.0,0.052657137675011845,False
21993,FLORAL FOLK STATIONERY SET,3156.4,2039,281,1.8324647887323942,11.232740213523131,180.0,0.057026992776580916,False
22021,BLUE FELT EASTER EGG BASKET,2106.45,1305,208,1.6434272300469481,10.12716346153846,78.3,0.037171544541764585,False
22023,EMPIRE BIRTHDAY CARD,1934.43,4800,310,0.4116398713826366,6.240096774193549,25.919999999999998,0.013399295916626601,False
22024,RAINY LADIES BIRTHDAY CARD,2054.41,5119,289,0.42069204152249134,7.108685121107266,51.839999999999996,0.025233522033089793,False
22025,RING OF ROSES BIRTHDAY CARD,1518.18,3805,202,0.4149753694581281,7.515742574257426,77.75999999999999,0.05121922301703354,False
22026,BANQUET BIRTHDAY  CARD  ,1587.84,3868,260,0.414,6.107076923076923,25.919999999999998,0.016324062877871824,False
22027,TEA PARTY BIRTHDAY CARD,4318.61,10604,631,0.4202215189873417,6.844072900158478,103.67999999999999,0.024007724707718454,False
22028,PENNY FARTHING BIRTHDAY CARD,2469.25,6071,365,0.42311475409836063,6.765068493150685,43.199999999999996,0.017495190847423306,False
22029,SPACE BOY BIRTHDAY CARD,333.78000000000003,805,53,0.41886792452830185,6.297735849056604,25.919999999999998,0.07765594103900772,False
22029,SPACEBOY BIRTHDAY CARD,6414.86,16138,806,0.41813349814585904,7.958883374689826,103.67999999999999,0.01616247275856371,False
22030,SWALLOWS GREETING CARD,4937.97,12316,600,0.41840460526315787,8.22995,259.2,0.052491205900400364,False
22031,BOTANICAL LAVENDER BIRTHDAY CARD,404.13,951,79,0.4392405063291139,5.115569620253164,10.08,0.024942469007497588,False
22032,BOTANICAL LILY GREETING CARD,378.42,903,74,0.4183783783783783,5.113783783783784,10.08,0.026637069922308545,False
22033,BOTANICAL ROSE GREETING CARD,644.64,1552,107,0.41775700934579435,6.024672897196262,25.919999999999998,0.040208488458674606,False
22034,ROBIN CHRISTMAS CARD,625.14,1509,82,0.41926829268292676,7.623658536585365,51.839999999999996,0.08292542470486611,False
22035,VINTAGE CARAVAN GREETING CARD ,1588.06,3882,243,0.4209053497942387,6.5352263374485595,25.919999999999998,0.016321801443270403,False
22036,DINOSAUR BIRTHDAY CARD,641.46,1553,109,0.4172477064220183,5.884954128440367,25.919999999999998,0.040407819661397434,False
22037,ROBOT BIRTHDAY CARD,2806.0,6751,474,0.4201052631578947,5.919831223628692,51.839999999999996,0.01847469707769066,False
22038,BOTANICAL LAVENDER GIFT WRAP ,481.0,1150,45,0.4182222222222222,10.688888888888888,21.0,0.04365904365904366,False
22039,BOTANICAL LILY GIFT WRAP,342.5,825,29,0.4144827586206896,11.810344827586206,42.0,0.12262773722627737,False
22040,BOTANICAL ROSE GIFT WRAP,1144.3,2815,94,0.41659574468085103,12.173404255319149,136.0,0.11884995193568121,False
22041,"RECORD FRAME 7"" SINGLE SIZE ",14984.820000000002,6803,316,2.4540625,47.42031645569621,504.0,0.03363403764609785,False
22042,CHRISTMAS CARD SINGING ANGEL,567.54,1601,94,0.38610526315789473,6.037659574468084,20.16,0.03552172534094514,False
22043,CHRISTMAS CARD SCREEN PRINT ,578.0400000000001,2100,91,0.29934782608695654,6.352087912087913,51.839999999999996,0.0896823749221507,False
22044,CHRISTMAS CARD STACK OF PRESENTS,531.78,1897,84,0.3132142857142857,6.3307142857142855,27.36,0.051449847681372,False
22045,SPACE BOY GIFT WRAP,325.5,775,27,0.42,12.055555555555555,31.5,0.0967741935483871,False
22045,SPACEBOY GIFT WRAP,5570.04,13562,439,0.4188154897494305,12.688018223234623,170.0,0.030520427142354454,False
22046,TEA PARTY  WRAPPING PAPER ,2588.72,6316,206,0.4184466019417476,12.566601941747573,68.0,0.026267808028678268,False
22047,EMPIRE GIFT WRAP,3251.5,7975,257,0.4182101167315175,12.651750972762645,153.0,0.04705520528986622,False
22048,BIRTHDAY BANQUET GIFT WRAP,1155.8,2790,101,0.4192079207920792,11.443564356435644,68.0,0.05883370825402319,False
22049,WRAP CHRISTMAS SCREEN PRINT,984.25,3425,111,0.29267857142857145,8.867117117117116,38.0,0.03860807721615443,False
22050,PINK PAISLEY ROSE GIFT WRAP,1333.0,3250,113,0.41858407079646015,11.79646017699115,68.0,0.05101275318829707,False
22051,BLUE SCANDINAVIAN PAISLEY WRAP,1317.5,3175,116,0.4193103448275862,11.357758620689655,68.0,0.05161290322580645,False
22052,VINTAGE CARAVAN GIFT WRAP,1416.82,3421,123,0.4180487804878049,11.518861788617885,68.0,0.04799480526813569,False
22053,EMPIRE DESIGN ROSETTE,3947.6699999999996,4517,66,1.2406060606060605,59.81318181818181,3202.9199999999996,0.8113444132868248,False
22054,MINI CAKE STAND HANGING HEARTS,510.15,315,51,1.6427272727272726,10.002941176470587,46.4,0.0909536410859551,False
22055,MINI CAKE STAND  HANGING STRAWBERY,6675.13,4457,473,1.579050505050505,14.11232558139535,232.0,0.034755877413623404,False
22056,CERAMIC PLATE LOVE HEART DESIGN,618.35,595,25,1.4308,24.734,208.8,0.3376728390070349,False
22057,CERAMIC PLATE STRAWBERRY DESIGN,3362.17,2821,170,1.3837058823529411,19.777470588235296,300.0,0.08922808781233549,False
22058,CERAMIC LOVE HEARTS DESIGN MUG,737.55,495,90,1.49,8.195,44.7,0.060606060606060615,False
22059,CERAMIC STRAWBERRY DESIGN MUG,3022.66,2506,199,1.3533492822966509,15.189246231155778,300.0,0.09925032918025846,False
22059,CERAMIC STRWBERRY DESIGN MUG,3075.12,2232,165,1.4748275862068965,18.637090909090908,600.0,0.19511433700148287,False
22060,LARGE CAKE STAND HANGING HEARTS,5098.5199999999995,688,142,8.67855172413793,35.90507042253521,696.96,0.13669849289597769,False
22061,LARGE CAKE STAND  HANGING STRAWBERY,16420.95,1985,434,9.543862068965517,37.836290322580645,1020.0,0.062115772838964856,False
22062,CERAMIC BOWL WITH LOVE HEART DESIGN,1040.56,704,93,1.9180808080808083,11.188817204301074,91.8,0.0882217267625125,False
22063,CERAMIC BOWL WITH STRAWBERRY DESIGN,5500.5,2150,258,2.8487265917602995,21.319767441860463,367.2,0.06675756749386419,False
22064,PINK DOUGHNUT TRINKET POT ,9164.949999999999,6127,479,1.631059063136456,19.13350730688935,487.2,0.053159046148642385,False
22065,CHRISTMAS PUDDING TRINKET POT ,5404.22,8216,333,1.0287896253602307,16.22888888888889,468.0,0.08659899115876112,False
22066,LOVE HEART TRINKET POT,2642.65,3397,253,1.013166023166023,10.445256916996048,240.0,0.09081792897281138,False
22067,CHOC TRUFFLE GOLD TRINKET POT ,2689.68,1748,178,1.5994444444444442,15.110561797752808,313.2,0.11644507896850183,False
22068, BLACK PIRATE TREASURE CHEST,74.25,45,13,1.65,5.711538461538462,16.5,0.2222222222222222,False
22068,BLACK PIRATE TREASURE CHEST,1232.7299999999998,879,165,1.5332335329341318,7.471090909090908,99.0,0.08030955683726365,False
22069, BROWN  PIRATE TREASURE CHEST ,59.39999999999999,36,7,1.65,8.485714285714284,19.799999999999997,0.3333333333333333,False
22069,BROWN  PIRATE TREASURE CHEST ,858.3299999999999,603,82,1.537857142857143,10.467439024390243,69.6,0.08108769354444095,False
22070,SMALL RED RETROSPOT MUG IN BOX ,3723.2200000000003,1125,194,3.8280102040816324,19.191855670103095,122.04,0.03277807918951875,False
22070,SMALL RETRO SPOT MUG IN BOX  RED,1132.5,302,76,3.75,14.901315789473685,45.0,0.039735099337748346,False
22071,SMALL RETRO SPOT MUG IN BOX  WHITE,1384.08,376,77,3.7454430379746833,17.975064935064935,244.08,0.17634818796601354,False
22071,SMALL WHITE RETROSPOT MUG IN BOX ,2637.37,837,156,3.726392405063291,16.90621794871795,122.04,0.04627337082017313,False
22072,RED RETROSPOT TEA CUP AND SAUCER ,5175.57,1529,296,3.607980456026059,17.485033783783784,135.6,0.026200012752218598,False
22072,TEA CUP AND SAUCER RETRO SPOT,2185.23,605,102,3.7396153846153846,21.423823529411766,650.88,0.29785423044713827,False
22073,RED RETROSPOT STORAGE JAR,4452.33,1223,238,3.7209677419354836,18.707268907563027,108.48,0.024364770805398523,False
22073,RETRO SPOT STORAGE JAR,2401.59,665,120,3.7148780487804878,20.013250000000003,162.72,0.06775511223814222,False
22074,6 RIBBONS SHIMMERING PINKS ,1687.79,1729,151,1.389483870967742,11.177417218543047,93.60000000000001,0.05545713625510283,False
22075,6 RIBBONS ELEGANT CHRISTMAS ,4011.47,2789,255,1.5906153846153845,15.731254901960783,208.79999999999998,0.052050744490174425,False
22076,6 RIBBONS EMPIRE  ,3030.4199999999996,2100,240,1.5456378600823044,12.626749999999998,208.79999999999998,0.06890134040826025,False
22077,6 RIBBONS RUSTIC CHARM,26857.789999999997,15921,1353,1.7182923299565847,19.850546932742052,475.2,0.017693190690671125,False
22078,RIBBON REEL LACE DESIGN ,7659.8,3763,383,2.0942307692307693,19.999477806788512,630.0,0.08224757826575106,False
22079,RIBBON REEL HEARTS DESIGN ,7569.99,4675,537,1.6681952117863719,14.0968156424581,174.0,0.022985499320342564,False
22080,RIBBON REEL POLKADOTS ,2555.7,1578,193,1.6479591836734695,13.241968911917098,174.0,0.06808310834605001,False
22080,RIBBON REEL SPOTS DESIGN ,3457.9,2126,242,1.6475409836065573,14.288842975206611,174.0,0.05031955811330576,False
22081,RIBBON REEL FLORA + FAUNA ,2344.22,1414,209,1.6879146919431278,11.216363636363635,49.5,0.02111576558514133,False
22082,RIBBON REEL STRIPES DESIGN ,11115.63,6847,815,1.66136690647482,13.63880981595092,174.0,0.015653633667187555,False
22083,PAPER CHAIN KIT RETRO SPOT,18519.050000000003,6861,483,2.897330595482546,38.34171842650104,1224.0,0.06609410309924105,False
22083,PAPER CHAIN KIT RETROSPOT,15379.410000000002,5503,585,2.945646258503402,26.289589743589747,306.0,0.01989673205929226,False
22084,PAPER CHAIN KIT EMPIRE,22750.5,8326,701,2.9067605633802818,32.45435092724679,841.4999999999999,0.03698819806158106,False
22085,PAPER CHAIN KIT SKULLS ,5150.150000000001,1897,188,2.927513227513228,27.394414893617025,1019.9999999999999,0.19805248390823563,False
22086,PAPER CHAIN KIT 50'S CHRISTMAS ,75394.38,27912,1680,2.920805330243337,44.877607142857144,2601.0,0.03449859260066864,False
22087,PAPER BUNTING WHITE LACE,20935.550000000003,7616,657,2.890922619047619,31.865372907153734,408.0,0.01948838220156623,False
22088,PAPER BUNTING COLOURED LACE,10891.800000000001,3964,476,2.904658385093168,22.881932773109245,240.0,0.02203492535669035,False
22089,PAPER BUNTING VINTAGE PAISLEY,8668.2,3135,419,2.9282242990654206,20.687828162291172,509.99999999999994,0.05883574444521353,False
22090,PAPER BUNTING RETRO SPOTS,19664.9,7182,604,2.9144607843137256,32.55778145695364,1019.9999999999999,0.05186906620425224,False
22090,PAPER BUNTING RETROSPOT,20736.84,7560,654,2.9081790591805765,31.707706422018347,408.0,0.019675128901028315,False
22091,EMPIRE TISSUE BOX,2099.06,2996,240,0.8588749999999999,8.746083333333333,152.64000000000001,0.0727182643659543,False
22092,BLUE PAISLEY TISSUE BOX,548.05,903,133,0.7463157894736843,4.120676691729323,15.12,0.027588723656600676,False
22093,MOTORING TISSUE BOX,1300.05,2267,245,0.7877419354838711,5.306326530612245,140.4,0.10799584631360333,False
22094,RED POLKA DOT TISSUE BOX,1042.4,916,60,1.2436666666666667,17.373333333333335,534.24,0.5125095932463545,False
22094,RED RETROSPOT TISSUE BOX,1154.07,2400,169,0.6343604651162791,6.828816568047337,140.4,0.12165639865866024,False
22095,LADS ONLY TISSUE BOX,2698.17,2785,187,0.8930769230769231,14.428716577540108,315.0,0.11674579437174085,False
22096,PINK PAISLEY SQUARE TISSUE BOX ,868.94,1628,162,0.7516167664670659,5.363827160493828,168.48000000000002,0.19389140792229614,False
22097,SWALLOW SQUARE TISSUE BOX,1165.64,2002,211,0.7829680365296804,5.52436018957346,140.4,0.12044885213273394,False
22098,BOUDOIR SQUARE TISSUE BOX,1667.72,2683,230,0.8686610878661088,7.2509565217391305,140.4,0.08418679394622598,False
22099,CARAVAN SQUARE TISSUE BOX,1301.66,1995,213,0.8632882882882883,6.111079812206573,140.4,0.10786226818063088,False
22100,SKULLS SQUARE TISSUE BOX,574.1700000000001,943,81,0.9668292682926829,7.088518518518519,56.160000000000004,0.09781075291290035,False
22101,MIRROR MOSAIC VOTIVE HOLDER,886.2600000000001,763,47,1.970625,18.856595744680853,126.36,0.14257667050301265,False
22102,MIRROR MOSAIC T-LIGHT HOLDER ,742.05,1017,39,1.597179487179487,19.026923076923076,280.8,0.37841115827774413,False
22103,MIRROR MOSAIC T-LIGHT HOLDER ROUND,1161.27,1115,47,1.5891489361702127,24.70787234042553,182.52,0.15717275052313417,False
22104,MIRROR MOSAIC CANDLE PLATE,694.26,1026,41,1.3195121951219513,16.933170731707317,201.6,0.29038112522686027,False
22105,MIRROR MOSAIC GOBLET CANDLE HOLDER,705.0,372,24,3.978,29.375,228.0,0.32340425531914896,False
22106,MIRROR MOSAIC HURRICANE LAMP ,1015.9,306,35,5.930000000000001,29.025714285714287,150.0,0.1476523279850379,False
22107,PIZZA PLATE IN BOX,2851.05,812,179,3.6562295081967213,15.927653631284917,162.72,0.05707370968590519,False
22108,PING! MICROWAVE PLATE,522.89,193,48,3.1329166666666666,10.893541666666666,37.5,0.071716804681673,False
22109,FULL ENGLISH BREAKFAST PLATE,10061.55,2797,384,3.7565897435897435,26.201953125,488.16,0.048517375553468405,False
22110,BIRD HOUSE HOT WATER BOTTLE,4222.91,1862,322,2.697927927927928,13.114627329192546,225.0,0.053280794523207935,False
22111,SCOTTIE DOG HOT WATER BOTTLE,41556.1,8884,1451,4.894274028629857,28.639627842866986,2529.6,0.06087192975279201,False
22112,CHOCOLATE HOT WATER BOTTLE,45117.14,9796,1445,4.878677176148046,31.222934256055364,612.0,0.01356468960576845,False
22113,GREY HEART HOT WATER BOTTLE,20876.38,5595,910,3.8713205537806177,22.941076923076924,830.0,0.0397578507384901,False
22114,HOT WATER BOTTLE TEA AND SYMPATHY,33864.42,8676,1289,4.0249538461538465,26.271854150504264,1468.8,0.04337295604058773,False
22115,METAL SIGN EMPIRE TEA,4636.58,2708,350,2.1777903682719546,13.247371428571428,429.12,0.0925509750721437,False
22116,METAL SIGN HIS DINNER IS SERVED,896.7900000000001,717,125,1.6800800000000002,7.174320000000001,120.0,0.13381059110828622,False
22117,METAL SIGN HER DINNER IS SERVED ,5048.650000000001,1723,195,2.881025641025641,25.890512820512825,1600.0,0.31691640339496696,False
22118,JOY WOODEN BLOCK LETTERS,3456.13,763,242,4.729676113360324,14.281528925619835,927.0000000000001,0.2682190774073892,False
22119, PEACE WOODEN BLOCK LETTERS,917.15,133,47,6.937234042553191,19.51382978723404,76.19999999999999,0.08308346508204764,False
22119,PEACE WOODEN BLOCK LETTERS,4450.61,743,280,6.654390243902439,15.895035714285713,152.39999999999998,0.034242497095903705,False
22120,WELCOME  WOODEN BLOCK LETTERS,9149.9,953,314,9.863980891719745,29.139808917197453,202.60000000000002,0.022142318495284107,False
22121,NOEL WOODEN BLOCK LETTERS ,8325.34,1408,385,5.965677749360614,21.624259740259742,1177.2,0.14139963052560015,False
22122,SET OF 2 FANCY FONT TEA TOWELS,3042.3500000000004,1053,156,2.9475155279503107,19.502243589743593,408.0,0.1341068581852844,False
22123,PING MICROWAVE APRON,1233.95,557,91,2.7963043478260867,13.55989010989011,107.10000000000001,0.08679444061752908,False
22124,SET OF 2 TEA TOWELS PING MICROWAVE,422.97,179,39,2.54974358974359,10.845384615384615,70.80000000000001,0.16738775799702107,False
22125,UNION JACK HOT WATER BOTTLE ,3455.2000000000003,596,157,5.925460122699387,22.007643312101912,118.80000000000001,0.03438295901829127,False
22127,PARTY CONES CARNIVAL ASSORTED,3937.2,3396,144,1.2397297297297296,27.341666666666665,636.0,0.16153611703748857,False
22128,PARTY CONES CANDY ASSORTED,4518.65,3811,185,1.240855614973262,24.425135135135132,318.0,0.07037500138315649,False
22129,PARTY CONES CANDY DECORATION,233.27999999999997,296,8,1.4375,29.159999999999997,172.79999999999998,0.7407407407407407,False
22129,PARTY CONES CANDY TREE DECORATION,1983.2599999999998,2492,98,0.8394949494949495,20.23734693877551,207.35999999999999,0.10455512640803526,False
22130,PARTY CONE CHRISTMAS DECORATION ,5579.11,6727,355,0.8471349862258953,15.715802816901407,129.6,0.023229511517069926,False
22131,FOOD CONTAINER SET 3 LOVE HEART ,8826.67,4955,495,1.973625730994152,17.831656565656566,475.2,0.053836837674910244,False
22132,RED LOVE HEART SHAPE CUP,2511.68,3032,237,0.85,10.597805907172996,138.24,0.05503885845330616,False
22133,PINK LOVE HEART SHAPE CUP,1809.74,2186,170,0.856842105263158,10.645529411764706,138.24,0.0763866632775979,False
22134,LADLE LOVE HEART RED ,529.98,1351,72,0.4175,7.360833333333334,103.67999999999999,0.19563002377448205,False
22134,MINI LADLE LOVE HEART RED ,252.24,630,54,0.4636363636363636,4.671111111111111,103.67999999999999,0.4110371075166508,False
22135,LADLE LOVE HEART PINK,372.54,935,58,0.4179310344827586,6.423103448275862,103.67999999999999,0.2783056852955387,False
22135,MINI LADLE LOVE HEART PINK,106.56,242,45,0.46555555555555556,2.368,10.08,0.0945945945945946,False
22136,LOVE HEART SOCK HANGER,2986.9999999999995,1880,190,1.6438461538461535,15.721052631578946,139.2,0.04660194174757282,False
22137,BATHROOM SET LOVE HEART DESIGN,1399.0,580,30,2.9133333333333336,46.63333333333333,972.0,0.6947819871336669,False
22138,BAKING SET 9 PIECE RETROSPOT ,39402.560000000005,8258,1629,4.954035409035409,24.188189073050953,2121.6,0.05384421722852525,False
22139,11 PC CERAMIC TEA SET POLKADOT,14.850000000000001,3,1,4.95,14.850000000000001,14.850000000000001,1.0,False
22139,RETRO SPOT TEA SET CERAMIC 11 PC ,18225.82,3911,683,4.9019767441860465,26.68494875549048,612.0,0.03357873610076254,False
22139,RETROSPOT TEA SET CERAMIC 11 PC ,27379.480000000003,5698,1141,4.975113438045375,23.99603856266433,408.0,0.014901670886371836,False
22141,CHRISTMAS CRAFT TREE TOP ANGEL,6232.4800000000005,3052,434,2.135022522522523,14.360552995391707,185.0,0.029683207968577513,False
22142,CHRISTMAS CRAFT WHITE FAIRY ,5725.99,4079,428,1.4831818181818182,13.378481308411214,250.0,0.04366057223292392,False
22143,CHRISTMAS CRAFT HEART DECORATIONS,834.0,420,53,2.090740740740741,15.735849056603774,266.40000000000003,0.31942446043165473,False
22144,CHRISTMAS CRAFT LITTLE FRIENDS,8698.300000000001,4245,533,2.1361029411764707,16.319512195121952,222.0,0.025522228481427402,False
22145,CHRISTMAS CRAFT HEART STOCKING ,2566.0,1260,169,2.091329479768786,15.183431952662723,148.0,0.05767731878409977,False
22146,EASTER CRAFT IVY WREATH WITH CHICK,2276.85,1303,98,1.9140000000000001,23.23316326530612,264.0,0.11594966730351143,False
22147,FELTCRAFT BUTTERFLY HEARTS,16095.25,11701,1021,1.4484622641509433,15.764201762977473,1050.0,0.06523663813858126,False
22148,EASTER CRAFT 4 CHICKS ,5352.3,2954,240,1.923170731707317,22.30125,330.0,0.06165573678605459,False
22149,FELTCRAFT 6 FLOWER FRIENDS,23029.59,11522,1183,2.093777961888981,19.46710904480135,1110.0,0.0481988606831472,False
22150, 3 STRIPEY MICE FELTCRAFT,1239.1499999999999,661,112,1.9395652173913043,11.063839285714284,132.0,0.10652463382157125,False
22150,3 STRIPEY MICE FELTCRAFT,11256.699999999999,6210,712,1.9492582417582416,15.809971910112358,495.0,0.0439738111524692,False
22151,PLACE SETTING WHITE HEART,10577.85,26170,641,0.42394856278366105,16.50210608424337,252.0,0.023823366752222803,False
22152,PLACE SETTING WHITE STAR,2488.49,6118,219,0.424273127753304,11.36296803652968,155.51999999999998,0.06249573034249686,False
22153,ANGEL DECORATION STARS ON DRESS,2173.56,5223,188,0.4193939393939394,11.561489361702128,103.32,0.04753491967095456,False
22154,ANGEL DECORATION 3 BUTTONS ,2731.74,6607,223,0.41948936170212764,12.249955156950671,155.51999999999998,0.05693074743570032,False
22155,STAR DECORATION RUSTIC,2282.28,5434,220,0.42,10.374,107.1,0.04692675745307324,False
22156,HEART DECORATION WITH PEARLS ,4632.099999999999,5500,409,0.8558530805687204,11.325427872860635,103.67999999999999,0.022382936465102223,False
22157,ANGEL DECORATION WITH LACE PADDED,1338.75,1575,110,0.85,12.170454545454545,40.8,0.030476190476190473,False
22158,3 HEARTS HANGING DECORATION RUSTIC,22244.71,7905,644,2.9539143730886854,34.5414751552795,979.1999999999999,0.04401945451300556,False
22161,HEART DECORATION RUSTIC HANGING ,1562.1000000000001,5300,217,0.34771186440677965,7.198617511520738,140.8,0.09013507457909224,False
22162,HEART GARLAND RUSTIC PADDED,2635.75,913,131,2.947058823529412,20.120229007633586,367.2,0.13931518543109173,False
22163,HEART STRING MEMO HOLDER HANGING,1390.14,882,100,2.2094285714285715,13.9014,70.80000000000001,0.05093012214597092,False
22164,STRING OF STARS CARD HOLDER,812.2500000000001,303,42,2.9095238095238094,19.339285714285715,70.80000000000001,0.08716528162511541,False
22165,"DIAMANTE HEART SHAPED WALL MIRROR, ",4923.26,774,123,11.064596774193548,40.026504065040655,648.96,0.13181509812603845,False
22166,"WALL MIRROR , RECT DIAMANTE, PINK/",1077.0600000000002,174,20,7.0905000000000005,53.85300000000001,648.96,0.6025291070135368,False
22166,WALL MIRROR RECTANGLE DIAMANTE PINK,497.85,123,19,7.686842105263159,26.20263157894737,283.20000000000005,0.568846037963242,False
22167, OVAL WALL MIRROR DIAMANTE ,1189.3,134,65,9.857692307692307,18.296923076923076,94.80000000000001,0.07971075422517448,False
22167,"WALL MIRROR , DIAMANTE OVAL SHAPE",2472.45,375,94,9.280851063829788,26.302659574468084,379.20000000000005,0.15337013893101986,False
22168,ORGANISER WOOD ANTIQUE WHITE ,4993.15,603,289,8.478892733564015,17.277335640138407,540.0,0.10814816298328711,False
22168,"ORGANISER WOOD, ANTIQUE WHITE ",25.5,3,2,8.5,12.75,17.0,0.6666666666666666,False
22169,FAMILY ALBUM WHITE PICTURE FRAME,15952.74,2003,555,8.375027027027027,28.743675675675675,586.56,0.03676860526780979,False
22170,PICTURE FRAME WOOD TRIPLE PORTRAIT,14084.65,2221,499,6.687795591182365,28.225751503006013,609.84,0.04329820052326469,False
22171,3 HOOK PHOTO SHELF ANTIQUE WHITE,20264.17,2847,532,8.377142857142857,38.09054511278195,1199.52,0.059194134277397004,False
22172,METAL SHELF WITH RAIL ,2813.5,336,155,8.47275641025641,18.151612903225807,183.60000000000002,0.06525679758308157,False
22173,METAL 4 HOOK HANGER FRENCH CHATEAU,12446.76,4392,708,2.9903081232492994,17.580169491525425,448.0,0.03599330267475231,False
22174,PHOTO CUBE,6011.24,3928,303,1.6889354838709676,19.839075907590757,510.0,0.08484106440601275,False
22175,PINK OWL DECORATION,244.79999999999998,96,1,2.55,244.79999999999998,244.79999999999998,1.0,False
22175,PINK OWL SOFT TOY,4599.080000000001,1646,293,2.9366440677966104,15.69651877133106,367.2,0.07984205536759524,False
22176,BLUE OWL DECORATION,244.79999999999998,96,1,2.55,244.79999999999998,244.79999999999998,1.0,False
22176,BLUE OWL SOFT TOY,2944.4500000000003,1019,215,2.9426267281105996,13.695116279069769,122.39999999999999,0.04156973288729643,False
22177,5 HOOK BLACKBOARD ORGANISER ,2352.64,275,97,9.88639175257732,24.254020618556698,721.4399999999999,0.30665125136017407,False
22178,VICTORIAN GLASS HANGING T-LIGHT,44593.5,36278,1429,1.345818431911967,31.206088173547936,864.0,0.0193750210232433,False
22179,SET 10 LIGHTS NIGHT OWL,8766.550000000001,1365,297,6.696308724832215,29.51700336700337,428.40000000000003,0.04886757048097598,False
22179,SET 10 NIGHT OWL LIGHTS,2510.34,388,101,6.759126213592234,24.854851485148515,142.8,0.05688472477831688,False
22180,RETRO SPOT LAMP,4569.65,475,173,9.87456647398844,26.41416184971098,119.39999999999999,0.026128915781296162,False
22180,RETROSPOT LAMP,3904.7999999999997,399,174,9.916666666666666,22.441379310344825,102.0,0.026121696373693916,False
22181,SNOWSTORM PHOTO FRAME FRIDGE MAGNET,1176.6299999999999,1443,102,0.84625,11.535588235294117,138.24,0.11748808036511055,False
22182,CAKE STAND VICTORIAN FILIGREE SMALL,1214.2,356,65,4.503846153846154,18.68,94.05,0.0774584088288585,False
22183,CAKE STAND VICTORIAN FILIGREE MED,1422.3500000000001,279,61,6.329508196721312,23.3172131147541,107.10000000000001,0.07529792245227968,False
22184,CAKE STAND VICTORIAN FILIGREE LARGE,1487.45,251,66,7.5219696969696965,22.537121212121214,126.4,0.08497764630743891,False
22185,SLATE TILE NATURAL HANGING,5718.849999999999,3735,374,1.6199470899470898,15.291042780748661,104.39999999999999,0.018255418484485517,False
22186,RED STAR CARD HOLDER,4658.54,1834,282,2.674946996466431,16.51964539007092,122.39999999999999,0.02627432629106973,False
22187,GREEN CHRISTMAS TREE CARD HOLDER,5704.07,1947,287,3.376851211072664,19.874808362369336,180.0,0.031556414980882075,False
22188,BLACK HEART CARD HOLDER,27304.7,10250,484,3.8375670103092783,56.4146694214876,2328.48,0.08527762619622263,False
22189,CREAM HEART CARD HOLDER,47252.25,15905,1123,3.877783687943263,42.07680320569902,2328.48,0.049277653445074045,False
22190,LOCAL CAFE MUG,1935.93,1164,124,1.95896,15.61233870967742,177.60000000000002,0.09173885419410827,False
22191,EAU DE NIL DINER WALL CLOCK,2024.7,243,116,8.470689655172414,17.454310344827586,91.80000000000001,0.04534005037783376,False
22191,IVORY DINER WALL CLOCK,10619.050000000001,1285,469,8.463983050847459,22.641897654584223,918.0,0.08644841111022171,False
22191,IVORY WALL CLOCK,459.0,60,1,7.65,459.0,459.0,1.0,False
22192,BLUE DINER WALL CLOCK,11156.48,1348,505,8.461818181818183,22.092039603960394,275.40000000000003,0.024685205369435526,False
22193,RED DINER WALL CLOCK,14275.49,1744,547,8.480877513711151,26.09778793418647,826.2,0.057875421439123984,False
22193,RED WALL CLOCK,459.0,60,1,7.65,459.0,459.0,1.0,False
22194,BLACK DINER WALL CLOCK,2867.05,347,140,8.4575,20.478928571428572,275.40000000000003,0.09605692262081234,False
22195,HEART MEASURING SPOONS LARGE,135.29999999999998,82,5,1.65,27.059999999999995,39.599999999999994,0.2926829268292683,False
22195,LARGE HEART MEASURING SPOONS,7329.419999999999,4502,515,1.682851711026616,14.23188349514563,139.2,0.018991952978544006,False
22196,HEART MEASURING SPOONS SMALL,10.2,12,1,0.85,10.2,10.2,1.0,False
22196,SMALL HEART MEASURING SPOONS,4813.03,5728,562,0.858013698630137,8.564110320284698,115.19999999999999,0.02393502637631596,False
22197,POPCORN HOLDER,23113.12,30504,631,0.8434202453987729,36.62935023771791,1434.24,0.062053067694884986,False
22197,"POPCORN HOLDER , SMALL ",2329.3199999999997,3051,81,0.8373170731707317,28.757037037037033,360.0,0.15455154293957035,False
22197,SMALL POPCORN HOLDER,32227.26,42588,1036,0.8353503787878788,31.10739382239382,3096.0,0.09606773892661058,False
22198,LARGE POPCORN HOLDER ,8742.75,5535,409,1.6364734299516908,21.375916870415647,429.2,0.049092104886906296,False
22198,"POPCORN HOLDER , LARGE",1459.4999999999998,914,67,1.6380597014925373,21.783582089552237,145.0,0.09934909215484757,False
22199,FRYING PAN RED POLKADOT ,3517.5,880,141,4.21830985915493,24.9468085106383,990.0,0.2814498933901919,False
22199,FRYING PAN RED RETROSPOT,1802.5,500,130,3.9038461538461537,13.865384615384615,90.0,0.049930651872399444,False
22200,FRYING PAN PINK POLKADOT,2077.29,545,107,3.977222222222222,19.41392523364486,270.0,0.12997703739006108,False
22200,FRYING PAN PINK POLKADOT ,2461.75,595,120,4.229166666666667,20.514583333333334,306.0,0.12430181781253173,False
22200,FRYING PAN PINK RETROSPOT,25.5,6,2,4.25,12.75,17.0,0.6666666666666666,False
22201,FRYING PAN BLUE POLKADOT,502.0,140,53,3.900943396226415,9.471698113207546,90.0,0.17928286852589642,False
22201,FRYING PAN BLUE POLKADOT ,1058.5,266,50,4.24,21.17,540.0,0.5101558809636277,False
22201,FRYING PAN BLUE RETROSPOT,12.75,3,2,4.25,6.375,8.5,0.6666666666666666,False
22202,MILK PAN PINK POLKADOT,999.63,285,40,3.714,24.99075,284.76,0.28486540019807327,False
22202,MILK PAN PINK RETROSPOT,2288.2200000000003,634,115,3.7280869565217394,19.897565217391307,244.08,0.10666806513359729,False
22203,MILK PAN RED RETROSPOT,4337.89,1214,269,3.6768888888888887,16.125985130111527,990.0,0.22822155471899933,False
22204,MILK PAN BLUE POLKADOT,385.0,118,40,3.4451219512195124,9.625,30.0,0.07792207792207792,False
22204,MILK PAN BLUE RETROSPOT,1020.6600000000001,286,55,3.7434545454545454,18.557454545454547,488.16,0.47827876080183407,False
22207,FRYING PAN UNION FLAG,10959.11,2773,321,4.2852647975077875,34.14052959501558,1125.0,0.10265432138193703,False
22208,WOOD STAMP SET THANK YOU,2494.4599999999996,2057,309,1.224794952681388,8.072686084142394,69.6,0.027901830456291143,False
22209,WOOD STAMP SET HAPPY BIRTHDAY,1488.4599999999998,1235,190,1.2361979166666666,7.833999999999999,49.8,0.03345739892237615,False
22210,WOOD STAMP SET BEST WISHES,1684.4599999999998,1447,225,1.2139914163090129,7.486488888888888,79.67999999999999,0.047302993244125714,False
22211,WOOD STAMP SET FLOWERS,1555.6799999999998,1233,201,1.2265700483091786,7.739701492537312,79.19999999999999,0.050910212897253934,False
22212,FOUR HOOK  WHITE LOVEBIRDS,7355.610000000001,3682,607,2.1001779935275082,12.117973640856674,268.56,0.03651090800083202,False
22214,CANDLE PLATE LACE WHITE,1069.3,462,52,2.4563461538461535,20.56346153846154,100.80000000000001,0.09426727765828113,False
22215,CAKE STAND WHITE TWO TIER LACE,7554.25,974,303,8.132508250825083,24.931518151815183,183.60000000000002,0.02430419962272893,False
22216,T-LIGHT HOLDER WHITE LACE,775.5699999999999,1069,57,0.8,13.606491228070174,69.12,0.08912154931211884,False
22217,T-LIGHT HOLDER HANGING LACE,2266.02,2120,170,1.1494767441860465,13.329529411764705,101.76,0.044906929329838224,False
22218,CAKE STAND LACE WHITE,4156.0,1048,180,4.194444444444445,23.08888888888889,270.0,0.06496631376323388,False
22219,LOVEBIRD HANGING DECORATION WHITE ,6905.0,8252,723,0.8538440860215054,9.550484094052559,207.35999999999999,0.030030412744388123,False
22220,CAKE STAND LOVEBIRD 2 TIER WHITE,5829.55,669,232,9.398491379310345,25.127370689655173,306.0,0.052491187141374546,False
22221,CAKE STAND LOVEBIRD 2 TIER PINK,6259.4,876,136,9.543430656934305,46.025,1213.8,0.19391634980988592,False
22222,CAKE PLATE LOVEBIRD WHITE,4487.7,1214,295,4.615762711864407,15.212542372881355,306.0,0.06818637609465873,False
22223,CAKE PLATE LOVEBIRD PINK,2055.3,558,124,4.625396825396826,16.575000000000003,102.0,0.04962779156327543,False
22224,WHITE LOVEBIRD LANTERN,5952.05,2083,301,2.919736842105263,19.77425249169435,229.49999999999997,0.0385581438327971,False
22227,"DECORATION, HANGING HEART+MIRROR ",1668.5000000000002,2578,166,0.6482248520710059,10.05120481927711,46.800000000000004,0.028049145939466585,False
22227,HANGING HEART MIRROR DECORATION ,1690.2500000000002,2605,213,0.6617391304347827,7.935446009389673,62.400000000000006,0.036917615737316965,False
22228,BUNNY WOODEN PAINTED WITH BIRD ,1109.86,1454,174,0.7694350282485876,6.378505747126436,30.599999999999998,0.027571044996666245,False
22229,BUNNY WOODEN PAINTED WITH FLOWER ,610.52,820,112,0.7508620689655172,5.451071428571429,30.599999999999998,0.05012120815042914,False
22230,JIGSAW TREE WITH WATERING CAN,692.77,1321,120,0.6906504065040651,5.773083333333333,69.6,0.1004662442080344,False
22231,JIGSAW TREE WITH BIRDHOUSE,2194.08,1844,215,1.1920091324200914,10.205023255813954,120.0,0.05469262743382192,False
22232,3 PIECE JIGSAW TOADSTOOLS,26.4,16,2,1.65,13.2,13.2,0.5,False
22232,JIGSAW TOADSTOOLS 3 PIECE,1049.4099999999999,929,106,1.2481132075471697,9.90009433962264,92.8,0.08843064197977912,False
22233,JIGSAW RABBIT AND BIRDHOUSE,976.1099999999999,819,122,1.2514399999999999,8.000901639344262,39.599999999999994,0.04056919814365184,False
22236,CAKE STAND 3 TIER MAGIC GARDEN,11876.099999999999,982,371,12.614150943396227,32.011051212938,262.79999999999995,0.022128476520069718,False
22241,"GARLAND , WOODEN  "" HAPPY EASTER""",128.75,103,9,1.25,14.305555555555555,30.0,0.23300970873786409,False
22241,GARLAND WOODEN HAPPY EASTER,4347.0,3697,324,1.2465853658536585,13.416666666666666,305.28000000000003,0.07022774327122154,False
22242,5 HOOK HANGER MAGIC TOADSTOOL,2637.75,1715,95,1.6354166666666667,27.76578947368421,417.59999999999997,0.1583167472277509,False
22242,"HOOK, 5 HANGER , MAGIC TOADSTOOL",4535.549999999999,2887,209,1.635781990521327,21.7011961722488,139.2,0.03069087541753481,False
22243,5 HOOK HANGER RED MAGIC TOADSTOOL,6706.799999999999,4440,179,1.6326086956521737,37.468156424581004,1392.0,0.20755054571479695,False
22243,"HOOK, 5 HANGER ,MAGIC TOADSTOOL RED",4628.099999999999,3026,138,1.6342857142857141,33.53695652173913,556.8,0.1203085499449018,False
22244,3 HOOK HANGER MAGIC GARDEN,4640.849999999999,2607,140,1.9202127659574468,33.14892857142857,475.2,0.10239503539222342,False
22244,"HOOK, 3 HANGER ,MAGIC GARDEN",3447.45,1875,137,1.9302919708029196,25.163868613138686,158.39999999999998,0.04594700430753165,False
22245,"HOOK, 1 HANGER ,MAGIC GARDEN",3537.2,4340,273,0.8435611510791367,12.956776556776557,138.24,0.03908175958385164,False
22246,"GARLAND, MAGIC GARDEN 1.8M",1122.8999999999999,598,67,1.9411764705882353,16.75970149253731,118.8,0.10579748864547156,False
22246,MAGIC GARDEN FELT GARLAND ,539.5799999999999,270,37,2.1856756756756757,14.583243243243242,46.8,0.08673412654286668,False
22247,BUNNY DECORATION MAGIC GARDEN,791.35,970,102,0.8402803738317757,7.758333333333334,92.16,0.11645921526505339,False
22248,DECORATION  PINK CHICK MAGIC GARDEN,630.88,752,84,0.8456179775280898,7.51047619047619,40.8,0.06467156987065685,False
22249,DECORATION WHITE CHICK MAGIC GARDEN,1077.31,1287,142,0.8438095238095238,7.58669014084507,40.8,0.03787210737856327,False
22250,DECORATION  BUTTERFLY  MAGIC GARDEN,832.78,1014,109,0.8432173913043478,7.640183486238532,92.16,0.1106654818799683,False
22251,BIRDHOUSE DECORATION MAGIC GARDEN,1882.94,1586,184,1.2276470588235293,10.23336956521739,135.68,0.07205752705874856,False
22252,BIRDCAGE DECORATION MAGIC GARDEN,53.55,21,3,2.55,17.849999999999998,25.5,0.4761904761904762,False
22252,BIRDCAGE DECORATION TEALIGHT HOLDER,1098.26,916,108,1.2396363636363639,10.169074074074073,101.76,0.09265565530930746,False
22253,6 CROCHET STRAWBERRIES,1096.39,937,69,1.2420833333333334,15.889710144927538,203.52,0.18562737711945565,False
22254,FELT TOADSTOOL LARGE,1491.02,1222,107,1.248256880733945,13.934766355140187,203.52,0.136497163015922,False
22255,FELT TOADSTOOL  SMALL,810.05,953,84,0.85,9.64345238095238,40.8,0.05036726128016789,False
22256,FELT FARM ANIMAL CHICKEN,1010.58,834,82,1.2432941176470589,12.324146341463415,152.64000000000001,0.15104197589503057,False
22257,FELT FARM ANIMAL SHEEP,228.14,310,24,1.1861538461538461,9.505833333333333,60.48,0.26510037696151484,False
22258,FELT FARM ANIMAL RABBIT,992.02,1106,71,1.1853424657534246,13.972112676056337,152.64000000000001,0.15386786556722648,False
22259,FELT FARM ANIMAL HEN,354.71,475,33,1.155142857142857,10.748787878787878,60.48,0.1705054833525979,False
22260,FELT EGG COSY BLUE RABBIT ,959.4699999999999,1171,106,0.876936936936937,9.051603773584905,216.0,0.22512428736698387,False
22261,FELT EGG COSY WHITE RABBIT ,1411.72,1752,149,0.867875,9.474630872483221,252.0,0.1785056526790015,False
22262,FELT EGG COSY CHICKEN,1462.57,1717,183,0.858,7.992185792349726,51.0,0.03487012587431713,False
22263,FELT EGG COSY LADYBIRD ,442.68999999999994,673,42,0.8553488372093023,10.540238095238093,207.35999999999999,0.46840904470396894,False
22264,FELT FARM ANIMAL WHITE BUNNY ,865.7099999999999,1803,88,0.7605555555555555,9.837613636363635,54.72,0.06320823370412726,False
22265,EASTER DECORATION NATURAL CHICK,1129.65,1781,134,0.6486013986013986,8.430223880597016,140.8,0.12464037533749392,False
22266,EASTER DECORATION HANGING BUNNY,953.75,2469,123,0.5265151515151515,7.754065040650406,121.6,0.12749672346002622,False
22267,EASTER DECORATION EGG BUNNY ,1251.68,1454,105,1.0424770642201835,11.920761904761905,210.0,0.1677745110571392,False
22268,DECORATION SITTING BUNNY,250.20000000000002,1296,41,0.20534883720930233,6.102439024390244,18.240000000000002,0.07290167865707434,False
22268,EASTER DECORATION SITTING BUNNY,808.5899999999999,999,110,0.8455555555555555,7.350818181818181,103.67999999999999,0.12822320335398657,False
22269,EGG CUP NATURAL CHICKEN,1163.39,1375,147,1.056711409395973,7.914217687074831,135.68,0.11662469163393187,False
22270,HAPPY EASTER HANGING DECORATION,2217.63,605,127,3.7417557251908398,17.461653543307087,162.72,0.07337563074092612,False
22271,FELTCRAFT DOLL ROSIE,12405.26,4440,687,2.9461095100864556,18.057147016011644,367.2,0.02960034694960041,False
22272,FELTCRAFT DOLL MARIA,3681.9600000000005,1342,276,2.932,13.340434782608698,192.0,0.05214613955610598,False
22273,FELTCRAFT DOLL MOLLY,15787.83,5745,698,2.9485875706214686,22.618667621776503,1835.9999999999998,0.11629210600823545,False
22274,FELTCRAFT DOLL EMILY,10028.210000000001,3601,575,2.9505517241379313,17.440365217391307,357.0,0.03559957360286631,False
22275,WEEKEND BAG VINTAGE ROSE PAISLEY,7281.950000000001,898,278,8.364840989399294,26.19406474820144,527.85,0.07248745185012256,False
22276,WASH BAG VINTAGE ROSE PAISLEY,4352.099999999999,1772,302,2.517326732673267,14.410927152317878,210.0,0.04825256772592542,False
22277,COSMETIC BAG VINTAGE ROSE PAISLEY,2631.32,1302,189,2.134842105263158,13.922328042328044,185.0,0.07030691820075095,False
22278,OVERNIGHT BAG VINTAGE ROSE PAISLEY,3824.8,784,235,4.9470833333333335,16.275744680851066,340.0,0.08889353691696297,False
22279,POCKET BAG BLUE PAISLEY RED SPOT,1591.8600000000001,1037,120,1.5790243902439025,13.265500000000001,222.0,0.13945950020730466,False
22280,POCKET BAG PINK PAISELY BROWN SPOT,943.03,579,87,1.6514285714285715,10.839425287356322,222.0,0.23541138670031708,False
22281,EASTER TREE YELLOW BIRDS,2108.9500000000003,409,96,5.915104166666667,21.96822916666667,640.0,0.30346855070058554,False
22282,12 EGG HOUSE PAINTED WOOD,5151.17,473,142,12.688450704225351,36.275845070422534,1280.0,0.24848723688016508,False
22283,6 EGG HOUSE PAINTED WOOD,6746.54,906,292,7.942260273972602,23.104589041095892,936.0,0.13873778262635367,False
22284,HEN HOUSE DECORATION,3622.3499999999995,2315,231,1.6463983050847455,15.68116883116883,300.0,0.08281916435463167,False
22285,"DECORATION HEN ON NEST, HANGING",2698.6499999999996,1825,124,1.6403100775193797,21.763306451612902,417.59999999999997,0.15474403868600967,False
22285,HANGING HEN ON NEST DECORATION,1310.1,794,87,1.65,15.058620689655172,79.19999999999999,0.060453400503778336,False
22286,"DECORATION , WOBBLY RABBIT , METAL ",1561.4999999999998,1066,99,1.6414141414141414,15.77272727272727,300.0,0.1921229586935639,False
22286,DECORATION WOBBLY RABBIT METAL ,375.57,753,45,0.6699999999999999,8.346,46.800000000000004,0.12461059190031154,False
22287,"DECORATION , WOBBLY CHICKEN, METAL ",1061.55,763,60,1.6358333333333333,17.6925,300.0,0.2826056238519147,False
22287,DECORATION WOBBLY CHICKEN,251.42999999999998,509,29,0.6506896551724138,8.67,46.800000000000004,0.1861353060493975,False
22288,"DECORATION , HANGING METAL RABBIT",851.25,813,47,1.2387755102040816,18.111702127659573,210.0,0.24669603524229075,False
22288,HANGING METAL RABBIT DECORATION,565.0,452,39,1.25,14.487179487179487,60.0,0.10619469026548672,False
22289,"DECORATION , HANGING METAL CHICKEN",586.25,601,30,1.2322580645161292,19.541666666666668,210.0,0.3582089552238806,False
22289,HANGING METAL CHICKEN DECORATION,152.5,122,19,1.25,8.026315789473685,30.0,0.19672131147540983,False
22290,STANDING METAL RABBIT WITH EGG,1166.1000000000001,656,68,2.0862318840579714,17.14852941176471,420.0,0.3601749421147414,False
22291,HANGING CHICK CREAM DECORATION,1731.3,1194,90,1.45,19.236666666666665,69.6,0.04020100502512563,False
22291,"SPRING DEC , HANGING CHICK CREAM",2384.4,1848,117,1.405,20.37948717948718,255.0,0.10694514343231001,False
22292,HANGING CHICK  YELLOW DECORATION,1520.0,1088,89,1.4478494623655915,17.078651685393258,360.0,0.23684210526315788,False
22292,"SPRING DEC , HANGING CHICK  YELLOW",2009.8999999999999,1550,92,1.4413978494623654,21.84673913043478,360.0,0.17911338872580726,False
22293,HANGING CHICK GREEN DECORATION,1186.1,818,83,1.45,14.290361445783132,69.6,0.05867970660146699,False
22293,"SPRING DEC , HANGING CHICK  GREEN",1361.35,1063,70,1.4416666666666667,19.447857142857142,255.0,0.18731406324604255,False
22294,HEART FILIGREE DOVE  SMALL,19582.85,16177,704,1.2456114130434783,27.81654829545454,305.28000000000003,0.015589150710953719,False
22295,HEART FILIGREE DOVE LARGE,13124.669999999998,8123,617,1.65397476340694,21.27175040518638,313.2,0.023863457138350908,False
22296,HEART IVORY TRELLIS LARGE,15204.88,9408,739,1.650894736842105,20.574939106901216,356.4,0.023439842997774397,False
22297,HEART IVORY TRELLIS SMALL,15492.84,12664,644,1.2510692771084337,24.0572049689441,305.28000000000003,0.019704586118490866,False
22299,PIG KEYRING WITH LIGHT & SOUND ,4076.44,3738,127,1.176299212598425,32.09795275590551,254.4,0.06240739468752147,False
22300,COFFEE MUG DOG + BALL DESIGN,8868.99,3862,406,2.522365853658536,21.844802955665024,483.84000000000003,0.054554126230833506,False
22301,COFFEE MUG CAT + BIRD DESIGN,10646.94,4660,459,2.5176138828633405,23.195947712418302,483.84000000000003,0.04544404307716583,False
22302,COFFEE MUG PEARS  DESIGN,9967.51,4777,349,2.5076638176638175,28.560200573065902,588.0,0.05899166391606329,False
22303,COFFEE MUG APPLES DESIGN,11871.85,5180,474,2.5141684210526316,25.046097046413504,483.84000000000003,0.04075523191414986,False
22304,COFFEE MUG BLUE PAISLEY DESIGN,4410.56,2312,140,2.507357142857143,31.504,483.84000000000003,0.10970035551041138,False
22305,COFFEE MUG PINK PAISLEY DESIGN,4531.75,2219,125,2.53656,36.254,476.28,0.10509847189275666,False
22306,SILVER MUG BONE CHINA TREE OF LIFE,2128.28,1561,147,1.478993288590604,14.47809523809524,118.8,0.0558197229687823,False
22307,GOLD MUG BONE CHINA TREE OF LIFE,1590.61,1112,99,1.5488,16.066767676767675,118.8,0.07468832711978424,False
22308,TEA COSY BLUE STRIPE,1207.09,489,96,2.6410416666666667,12.573854166666665,126.0,0.10438326885319239,False
22309,TEA COSY RED  STRIPE,2784.63,1182,167,2.5716071428571428,16.67443113772455,210.0,0.0754139688217106,False
22310,IVORY KNITTED MUG COSY ,1477.59,943,82,1.7299999999999998,18.01939024390244,217.5,0.1471991553813981,False
22310,KNITTED MUG COSY IVORY COLOUR ,801.9,534,27,1.6203703703703705,29.7,145.0,0.18082055119092158,False
22311,OFFICE MUG WARMER BLACK+SILVER ,5541.45,1927,186,3.3740425531914897,29.79274193548387,504.9,0.09111333676203881,False
22312,OFFICE MUG WARMER POLKADOT,3186.7900000000004,995,188,3.4635449735449737,16.951010638297873,122.39999999999999,0.03840855531741971,False
22313,OFFICE MUG WARMER PINK,2252.1400000000003,700,105,3.3344859813084113,21.448952380952385,178.20000000000002,0.07912474357721988,False
22314,OFFICE MUG WARMER CHOC+BLUE,3305.6400000000003,1018,179,3.5459782608695654,18.467262569832403,122.39999999999999,0.03702762551276,False
22315,200 RED + WHITE BENDY STRAWS,2319.61,1925,296,1.2461744966442954,7.83652027027027,101.76,0.043869443570255344,False
22316,200 BENDY SKULL STRAWS,1369.15,1223,95,1.232,14.412105263157896,203.52,0.1486469707482745,False
22317,FIVE CATS HANGING DECORATION,1324.0200000000002,450,96,2.996185567010309,13.791875000000003,44.25,0.03342094530294104,False
22318,FIVE HEART HANGING DECORATION,4222.150000000001,1441,283,2.944425087108014,14.919257950530037,122.39999999999999,0.028989969565268874,False
22319,HAIRCLIPS FORTIES FABRIC ASSORTED,1590.8100000000002,2889,159,0.6181761006289308,10.005094339622643,34.2,0.021498481905444396,False
22320,BIRDS MOBILE VINTAGE DESIGN,3253.61,555,162,6.010864197530864,20.084012345679014,261.6,0.0804029985154951,False
22321,BIRD DECORATION RED RETROSPOT,902.68,1084,73,0.8482191780821918,12.365479452054794,103.67999999999999,0.11485797846412904,False
22321,BIRD DECORATION RED SPOT,966.5899999999999,1139,84,0.848452380952381,11.507023809523808,51.0,0.052762805325939646,False
22322,BIRD DECORATION GREEN  SPOT,486.2,572,47,0.8499999999999999,10.34468085106383,40.8,0.0839160839160839,False
22322,BIRD DECORATION GREEN POLKADOT,402.9,474,44,0.85,9.156818181818181,20.4,0.05063291139240506,False
22323,BAG FOR CHILDREN VINTAGE PINK ,408.0,96,1,4.25,408.0,408.0,1.0,False
22323,PINK POLKADOT KIDS BAG,952.5,462,72,2.2335616438356167,13.229166666666666,79.19999999999999,0.08314960629921259,False
22324,BAG FOR CHILDREN VINTAGE BLUE ,408.0,96,1,4.25,408.0,408.0,1.0,False
22324,BLUE POLKADOT KIDS BAG,891.2099999999999,439,66,2.258358208955224,13.503181818181817,79.19999999999999,0.08886794358232065,False
22325,MOBILE VINTAGE HEARTS ,1929.45,397,146,4.940476190476191,13.21541095890411,204.0,0.10572961206561456,False
22326,"ROUND SNACK BOXES ,SET4, WOODLAND ",185.85000000000002,63,3,2.9500000000000006,61.95000000000001,123.9,0.6666666666666666,False
22326,ROUND SNACK BOXES SET OF4 WOODLAND ,40060.520000000004,14576,1137,2.932349869451697,35.233526824978014,1224.0,0.030553772142748018,False
22327,ROUND SNACK BOXES SET OF 4 SKULLS,7387.500000000001,2610,462,2.9382352941176473,15.990259740259742,367.2,0.04970558375634517,False
22328,"ROUND SNACK BOXES ,SET 4, FRUITS ",247.8,84,5,2.95,49.56,88.5,0.35714285714285715,False
22328,ROUND SNACK BOXES SET OF 4 FRUITS ,31881.39,11665,977,2.9203959390862946,32.63192425793245,2203.2,0.06910614625021054,False
22329,ROUND CONTAINER SET OF 5 RETROSPOT,7360.9,4726,416,1.6356801909307874,17.694471153846152,278.4,0.037821462049477644,False
22329,ROUND FOOD CONTAINER S/5 RETROSPOT,59.39999999999999,36,3,1.6499999999999997,19.799999999999997,19.799999999999997,0.3333333333333333,False
22330,72 ROUND PINK DOILIES,149.35,103,14,1.45,10.667857142857143,34.8,0.23300970873786406,False
22331,WOODLAND PARTY BAG + STICKER SET,5438.21,3449,343,1.6479250720461094,15.854839650145772,208.79999999999998,0.03839498658565962,False
22332,SKULLS PARTY BAG + STICKER SET,5617.849999999999,3621,330,1.6422155688622755,17.02378787878788,835.1999999999999,0.14866897478572763,False
22333,RETRO SPORT PARTY BAG + STICKER SET,4490.799999999999,2904,217,1.639908256880734,20.694930875576034,626.4,0.13948516968023517,False
22333,RETRO SPOT PARTY BAG + STICKER SET,417.75,259,30,1.6433333333333333,13.925,69.6,0.16660682226211848,False
22333,RETROSPOT PARTY BAG + STICKER SET,8384.98,5458,346,1.6342285714285716,24.234046242774564,556.8,0.06640445176971203,False
22334,DINOSAUR PARTY BAG + STICKER SET,3440.44,2184,244,1.648548387096774,14.100163934426229,487.2,0.14160979409610397,False
22335,HEART DECORATION PAINTED ZINC ,4683.400000000001,7664,330,0.6511627906976745,14.192121212121213,158.4,0.03382158261092368,False
22336,DOVE DECORATION PAINTED ZINC ,1999.8100000000002,4419,150,0.5811392405063291,13.332066666666668,158.4,0.0792075247148479,False
22337,ANGEL DECORATION PAINTED ZINC ,1292.0500000000002,2165,82,0.6582352941176471,15.756707317073174,158.4,0.1225958747726481,False
22338,STAR DECORATION PAINTED ZINC ,1702.88,5414,177,0.42912087912087915,9.620790960451979,158.4,0.09301888565254157,False
22339,CHRISTMAS TREE PAINTED ZINC ,1169.8600000000001,3202,98,0.4443137254901961,11.937346938775512,158.4,0.13540081719180072,False
22340,NOEL GARLAND PAINTED ZINC ,1008.3599999999999,1332,94,0.8725531914893616,10.72723404255319,39.599999999999994,0.039271688682613354,False
22341,LOVE GARLAND PAINTED ZINC ,3422.45,2153,135,1.692043795620438,25.35148148148148,835.1999999999999,0.24403570541571096,False
22342,HOME GARLAND PAINTED ZINC ,1949.3999999999999,1548,111,1.3427927927927927,17.56216216216216,139.2,0.0714065866420437,False
22343,PARTY PIZZA DISH RED RETROSPOT,1345.24,2464,108,0.6725925925925926,12.455925925925927,103.67999999999999,0.07707174927893906,False
22343,PARTY PIZZA DISH RED WHITE SPOT ,394.4,464,22,0.85,17.927272727272726,244.79999999999998,0.6206896551724138,False
22343,PARTY PIZZA DISH RED+WHITE SPOT ,10.2,12,1,0.85,10.2,10.2,1.0,False
22344,PARTY PIZZA DISH PINK POLKADOT,426.28999999999996,1109,53,0.620943396226415,8.04320754716981,45.36,0.10640643693260457,False
22344,PARTY PIZZA DISH PINK RETROSPOT,131.75,155,19,0.85,6.934210526315789,30.599999999999998,0.23225806451612901,False
22344,PARTY PIZZA DISH PINK WHITE SPOT ,47.599999999999994,56,10,0.85,4.76,10.2,0.2142857142857143,False
22344,PARTY PIZZA DISH PINK+WHITE SPOT ,20.4,24,2,0.85,10.2,10.2,0.5,False
22345,PARTY PIZZA DISH BLUE POLKADOT,356.15999999999997,1014,47,0.5859183673469388,7.5778723404255315,45.36,0.12735849056603774,False
22345,PARTY PIZZA DISH BLUE RETROSPOT,171.7,202,24,0.85,7.154166666666666,30.599999999999998,0.1782178217821782,False
22345,PARTY PIZZA DISH BLUE WHITE SPOT ,34.849999999999994,41,8,0.85,4.356249999999999,10.2,0.29268292682926833,False
22345,PARTY PIZZA DISH BLUE+WHITE SPOT ,20.4,24,2,0.85,10.2,10.2,0.5,False
22346,PARTY PIZZA DISH GREEN POLKADOT,404.31,1005,39,0.6035,10.366923076923078,51.839999999999996,0.1282184462417452,False
22346,PARTY PIZZA DISH GREEN RETROSPOT,70.55,83,14,0.85,5.039285714285714,10.2,0.14457831325301204,False
22346,PARTY PIZZA DISH GREEN WHITE SPOT ,24.65,29,7,0.85,3.5214285714285714,10.2,0.41379310344827586,False
22346,PARTY PIZZA DISH GREEN+WHITE SPOT ,10.2,12,1,0.85,10.2,10.2,1.0,False
22347,PIZZA DISH SLICE ,45.0,36,2,1.25,22.5,30.0,0.6666666666666666,False
22347,PIZZA SLICE DISH,2891.4500000000003,2605,74,1.2294594594594594,39.07364864864865,546.96,0.18916460599353266,False
22348,TEA BAG PLATE RED RETROSPOT,4157.59,5017,351,0.8609550561797753,11.844985754985755,244.79999999999998,0.05888026476877229,False
22348,TEA BAG PLATE RED SPOTTY ,5434.82,6794,335,0.8450294117647059,16.22334328358209,244.79999999999998,0.04504289010491608,False
22349,"DOG BOWL , CHASING BALL DESIGN",2495.01,683,118,3.722542372881356,21.144152542372883,162.72,0.06521817547825459,False
22349,DOG BOWL CHASING BALL DESIGN,6470.62,1676,199,3.750049751243781,32.515678391959796,3160.08,0.48837360252958756,False
22350,CAT BOWL ,2055.15,861,97,2.5270408163265303,21.187113402061858,453.6,0.2207138165097438,False
22350,ILLUSTRATED CAT BOWL ,4538.3099999999995,1729,153,2.5527096774193545,29.662156862745096,2388.72,0.5263457101872724,False
22351,DOTCOMGIFTSHOP TEA TOWEL,19.799999999999997,12,1,1.65,19.799999999999997,19.799999999999997,1.0,False
22352,LUNCH BOX WITH CUTLERY RETROSPOT ,12589.99,5300,642,2.544006211180124,19.610576323987537,252.0,0.020015901521764513,False
22352,LUNCHBOX WITH CUTLERY RETROSPOT ,3188.85,1349,190,2.4683937823834197,16.783421052631578,252.0,0.07902535396773132,False
22353,LUNCH BOX WITH CUTLERY FAIRY CAKES ,3485.3999999999996,1424,217,2.537671232876712,16.061751152073732,151.20000000000002,0.043380960578412814,False
22353,LUNCHBOX WITH CUTLERY FAIRY CAKES ,3207.6,1368,154,2.526923076923077,20.82857142857143,378.0,0.11784511784511785,False
22354,RETRO SPOT PADDED SEAT CUSHION,1657.65,467,52,3.666923076923077,31.877884615384616,122.04,0.07362229662473985,False
22354,RETROSPOT PADDED SEAT CUSHION,5796.52,1610,185,3.751182795698925,31.332540540540542,203.4,0.03509001952895875,False
22355,"CHARLOTTE BAG , SUKI DESIGN",3228.01,4065,234,0.8366666666666667,13.79491452991453,72.0,0.022304763615973926,False
22355,CHARLOTTE BAG SUKI DESIGN,12139.82,15242,953,0.8466145833333333,12.738530954879328,255.0,0.02100525378465249,False
22356,"CHARLOTTE BAG , PINK/WHITE SPOTS",3140.86,3912,261,0.8430268199233717,12.033946360153257,216.0,0.06877097355501359,False
22356,CHARLOTTE BAG PINK POLKADOT,6612.2699999999995,8193,593,0.8592857142857142,11.150539629005058,144.0,0.02177769510319452,False
22356,CHARLOTTE BAG PINK WITH WHITE SPOTS,3144.4,3944,245,0.8409795918367347,12.834285714285715,288.0,0.09159140058516728,False
22357,KINGS CHOICE BISCUIT TIN,7848.59,1825,311,4.2177491961414795,25.236623794212218,3210.24,0.4090212382096656,False
22358,KINGS CHOICE TEA CADDY ,6298.2300000000005,2225,381,2.9419170984455962,16.530787401574806,244.79999999999998,0.038868062931966596,False
22359,GLASS JAR KINGS CHOICE,3535.3199999999997,1152,144,2.9629166666666666,24.55083333333333,2231.68,0.6312526164533904,False
22359,"GLASS JAR, KINGS CHOICE SOAP",123.9,42,8,2.95,15.4875,35.400000000000006,0.28571428571428575,False
22360,GLASS JAR ENGLISH CONFECTIONERY,5753.25,2103,296,2.9506711409395976,19.436655405405407,367.2,0.0638247946812671,False
22361,GLASS JAR DAISY FRESH COTTON WOOL,4007.3,1454,259,2.923846153846154,15.472200772200773,367.2,0.09163277019439522,False
22362,GLASS JAR PEACOCK BATH SALTS,1773.0300000000002,617,174,2.9757471264367816,10.189827586206897,306.0,0.17258591225190772,False
22363,GLASS JAR MARMALADE ,1633.89,583,125,2.9534375,13.07112,306.0,0.18728310963406347,False
22364,GLASS JAR DIGESTIVE BISCUITS,5253.55,1785,221,2.9551121076233184,23.771719457013575,2231.68,0.4247946626566797,False
22365,DOOR MAT RESPECTABLE HOUSE,2479.86,358,104,7.296538461538462,23.844807692307693,127.0,0.05121256845144484,False
22365,DOORMAT RESPECTABLE HOUSE,11260.04,1860,242,7.5688429752066115,46.52909090909091,1374.0,0.12202443330574313,False
22366,DOOR MAT AIRMAIL ,2988.53,427,114,7.3270175438596485,26.215175438596493,254.0,0.08499161795263892,False
22366,DOORMAT AIRMAIL ,11736.86,1914,316,7.5526582278481005,37.14196202531646,1374.0,0.11706708608605708,False
22367,CHILDRENS APRON SPACEBOY DESIGN,10040.34,5414,709,1.9612359550561795,14.161269393511988,247.5,0.024650559642402547,False
22367,CHILDS APRON SPACEBOY DESIGN,4158.75,2239,288,1.9339655172413794,14.440104166666666,82.5,0.019837691614066726,False
22371,AIRLINE BAG VINTAGE TOKYO 78,6905.03,1509,500,4.80390438247012,13.81006,189.60000000000002,0.027458244207483534,False
22372,AIRLINE BAG VINTAGE WORLD CHAMPION ,2520.13,519,224,4.9383035714285715,11.250580357142857,130.8,0.051902084416280116,False
22374,AIRLINE BAG VINTAGE JET SET RED,4249.99,889,338,4.924529411764706,12.573934911242603,94.80000000000001,0.02230593483749374,False
22375,AIRLINE BAG VINTAGE JET SET BROWN,2158.55,469,194,4.702307692307692,11.126546391752578,94.80000000000001,0.043918371128766995,False
22376,AIRLINE BAG VINTAGE JET SET WHITE,2148.09,449,191,4.868247422680412,11.246544502617802,65.4,0.030445651718503414,False
22377,BOTTLE BAG RETROSPOT ,5625.29,3152,285,2.0330069930069934,19.737859649122807,925.0,0.16443596685681983,False
22378,WALL TIDY RETROSPOT ,4820.41,3031,285,1.996188811188811,16.913719298245613,255.0,0.05290006451733359,False
22379,RECYCLING BAG RETROSPOT ,27764.83,14192,1011,2.093656862745098,27.462739861523247,1295.0,0.046641740648150916,False
22380,TOY TIDY SPACEBOY  ,8951.6,4610,545,2.089177330895795,16.42495412844037,370.0,0.04133339291299879,False
22381,TOY TIDY PINK POLKADOT,8537.33,4354,379,2.1147150259067358,22.52593667546174,925.0,0.10834769184276583,False
22381,TOY TIDY PINK RETROSPOT  ,8380.5,4273,408,2.0797323600973234,20.540441176470587,370.0,0.04415011037527594,False
22382,LUNCH BAG SPACEBOY DESIGN ,29930.6,18712,1867,1.646526818906001,16.031387252276378,290.0,0.009689080740112127,False
22382,LUNCHBAG SPACEBOY DESIGN ,931.95,583,44,1.6409090909090909,21.18068181818182,145.0,0.1555877461237191,False
22383,LUNCH BAG SUKI  DESIGN ,21952.35,13851,1070,1.6415518824609732,20.516214953271028,290.0,0.013210430773926255,False
22383,LUNCH BAG SUKI DESIGN ,15134.25,9437,896,1.6535526315789473,16.890904017857142,217.5,0.014371376183160712,False
22383,LUNCHBAG SUKI  DESIGN ,648.25,405,32,1.6437499999999998,20.2578125,145.0,0.2236791361357501,False
22384,LUNCH BAG PINK POLKADOT,17972.85,11241,1094,1.6512984670874662,16.42856489945155,290.0,0.016135448746303453,False
22384,LUNCH BAG PINK POLKADOTS,16.5,10,1,1.65,16.5,16.5,1.0,False
22384,LUNCH BAG PINK RETROSPOT,13693.85,8605,727,1.6429014844804317,18.836107290233837,238.0,0.01738006477360275,False
22384,LUNCHBAG PINK RETROSPOT,176.54999999999998,107,13,1.65,13.58076923076923,33.0,0.1869158878504673,False
22385,JUMBO BAG SPACEBOY DESIGN,29085.010000000002,15957,964,1.980605128205128,30.171172199170126,825.0,0.02836512691589241,False
22386,JUMBO BAG PINK POLKADOT,42497.03,23113,1049,2.0035875706214687,40.5119447092469,1320.0,0.031060994144767293,False
22386,JUMBO BAG PINK WITH WHITE SPOTS,24407.7,13744,711,1.9206267409470752,34.32869198312236,495.0,0.02028048525670178,False
22389,PAPERWEIGHT SAVE THE PLANET,950.16,524,79,2.2081012658227848,12.027341772151898,40.8,0.04294013639808032,False
22390,PAPERWEIGHT CHILDHOOD MEMORIES,1378.22,795,73,2.3650684931506847,18.87972602739726,122.39999999999999,0.08881020446663086,False
22391,PAPERWEIGHT HOME SWEET HOME,545.31,305,50,2.1302,10.906199999999998,30.599999999999998,0.05611487044066678,False
22393,PAPERWEIGHT VINTAGE COLLAGE,1179.8799999999999,749,88,2.1232954545454543,13.407727272727271,122.39999999999999,0.1037393633250839,False
22394,PAPERWEIGHT KINGS CHOICE ,484.04999999999995,331,46,2.1134782608695653,10.52282608695652,51.0,0.10536101642392316,False
22395,PAPERWEIGHT VINTAGE PAISLEY,313.85999999999996,214,33,1.937272727272727,9.51090909090909,20.4,0.06499713247944944,False
22396,MAGNETS PACK OF 4 RETRO PHOTO,1335.44,1824,158,0.8302515723270439,8.452151898734177,135.0,0.1010902773617684,False
22398,MAGNETS PACK OF 4 SWALLOWS,3461.45,4096,390,0.8924937027707809,8.87551282051282,135.0,0.03900099669213769,False
22399,MAGNETS PACK OF 4 CHILDHOOD MEMORY,4637.34,3978,253,1.2380314960629921,18.329407114624505,228.96,0.049373132011023564,False
22400,MAGNETS PACK OF 4 HOME SWEET HOME,1994.42,2415,223,0.8222566371681417,8.943587443946189,405.0,0.20306655569037615,False
22402,MAGNETS PACK OF 4 VINTAGE COLLAGE,2952.81,3390,238,0.8698347107438017,12.406764705882352,228.96,0.07753969947270567,False
22403,MAGNETS PACK OF 4 VINTAGE LABELS ,1033.33,1595,160,0.8955624999999999,6.4583125,50.4,0.04877435088500286,False
22405,MONEY BOX POCKET MONEY DESIGN,1837.99,1560,189,1.2104145077720208,9.724814814814815,60.0,0.03264435606287303,False
22405,TIN CAN POCKET MONEY DESIGN,30.0,24,2,1.25,15.0,15.0,0.5,False
22406,MONEY BOX KINGS CHOICE DESIGN,2887.12,2330,170,1.232732558139535,16.98305882352941,1086.8,0.3764304912854332,False
22406,TIN CAN KINGS CHOICE DESIGN,45.0,36,3,1.25,15.0,15.0,0.3333333333333333,False
22407,MONEY BOX FIRST ADE DESIGN,423.6,348,55,1.2430909090909092,7.701818181818182,60.0,0.141643059490085,False
22407,MONEY BOX FIRST AID DESIGN,34.32,43,10,1.199,3.432,7.5,0.21853146853146854,False
22408,MONEY BOX CONFECTIONERY DESIGN,686.94,577,75,1.2269736842105263,9.1592,60.0,0.08734387282732116,False
22408,TIN CAN CONFECTIONERY DESIGN,15.0,12,1,1.25,15.0,15.0,1.0,False
22409,MONEY BOX BISCUITS DESIGN,2096.6499999999996,1577,119,1.2483333333333335,17.618907563025207,1086.8,0.5183507023108292,False
22409,TIN CAN BISCUITS DESIGN,60.0,48,4,1.25,15.0,15.0,0.25,False
22410,MONEY BOX HOUSEKEEPING DESIGN,1537.73,1292,167,1.2189221556886227,9.207964071856287,60.0,0.03901855332210466,False
22410,TIN CAN HOUSEKEEPING DESIGN,30.0,24,2,1.25,15.0,15.0,0.5,False
22411,JUMBO SHOPPER VINTAGE RED PAISLEY,44291.01,23866,1672,1.9812299465240641,26.489838516746413,825.0,0.018626804852722934,False
22412,METAL SIGN NEIGHBOURHOOD WITCH ,4656.900000000001,2284,308,2.0911858974358974,15.119805194805197,266.40000000000003,0.05720543709334536,False
22413,METAL SIGN TAKE IT OR LEAVE IT ,18522.47,6685,761,2.942864583333334,24.33964520367937,3861.0,0.2084495210412002,False
22414,DOOR MAT NEIGHBOURHOOD WITCH ,565.89,79,35,7.371142857142857,16.168285714285712,63.5,0.11221262082736928,False
22414,DOORMAT NEIGHBOURHOOD WITCH ,5693.11,1041,125,7.78432,45.54488,1374.0,0.24134436186899605,False
22415,WHITE TISSUE REAM,2520.15,317,204,7.95,12.353676470588235,159.0,0.06309148264984227,False
22416,36 DOILIES SPACEBOY DESIGN ,991.9999999999999,704,52,1.4461538461538461,19.076923076923073,208.79999999999998,0.21048387096774193,False
22416,SET OF 36 DOILIES SPACEBOY DESIGN ,1628.9499999999998,1183,94,1.4436170212765955,17.329255319148935,208.79999999999998,0.12818072991804538,False
22416,SET OF 36 SPACEBOY PAPER DOILIES,72.5,50,7,1.45,10.357142857142858,17.4,0.24,False
22417,PACK OF 60 SPACEBOY CAKE CASES,10402.79,20753,908,0.5471905274488698,11.45681718061674,201.6,0.019379416483462607,False
22418,10 COLOUR SPACEBOY PEN,9707.25,11691,465,0.8599786780383795,20.875806451612902,207.35999999999999,0.021361353627443406,False
22418,"PEN, 10 COLOURS - SPACEBOY",20.4,24,1,0.85,20.4,20.4,1.0,False
22419,LIPSTICK PEN RED,2346.72,5631,287,0.432406779661017,8.176724738675958,107.64,0.045868275721006345,False
22420,LIPSTICK PEN BABY PINK,758.45,1817,149,0.45129032258064516,5.090268456375839,36.0,0.04746522513019975,False
22421,LIPSTICK PEN FUSCHIA,1507.88,3680,237,0.4376326530612245,6.3623628691983125,106.2,0.07043000769291986,False
22422,TOOTHPASTE TUBE PEN,1072.5,2056,148,0.6533333333333334,7.246621621621622,55.00000000000001,0.05128205128205129,False
22423,REGENCY CAKESTAND 3 TIER,261229.15,22682,3238,12.461751152073733,80.67608091414453,3941.9999999999995,0.015090199543197992,False
22424,ENAMEL BREAD BIN CREAM,15104.0,1257,543,12.65860294117647,27.8158379373849,1095.0,0.07249735169491525,False
22425,ENAMEL COLANDER CREAM,3239.46,667,237,4.956344537815126,13.66860759493671,136.0,0.04198230569292413,False
22425,ENAMEL COLLANDER CREAM,527.25,115,21,4.8500000000000005,25.107142857142858,119.0,0.22569938359412042,False
22426,ENAMEL WASH BOWL CREAM,3953.5,1146,269,3.678888888888889,14.697026022304833,94.4,0.02387757683065638,False
22427,ENAMEL FLOWER JUG CREAM,17188.18,2990,696,5.912400000000001,24.69566091954023,523.2,0.03043952297450923,False
22428,ENAMEL FIRE BUCKET CREAM,2813.63,407,158,6.980062893081761,17.807784810126584,83.4,0.029641424067841187,False
22429,ENAMEL MEASURING JUG CREAM,8697.29,2109,523,4.2529277566539925,16.629617590822182,675.0,0.07761038208453437,False
22430,ENAMEL WATERING CAN CREAM,5744.490000000001,1251,298,4.925351170568562,19.276812080536914,661.44,0.11514338087454239,False
22431,WATERING CAN BLUE ELEPHANT,5969.65,3161,495,1.960281124497992,12.05989898989899,158.39999999999998,0.026534218924057523,False
22432,WATERING CAN GREEN DINOSAUR,93.6,48,6,1.95,15.6,23.4,0.25,False
22432,WATERING CAN PINK BUNNY,6075.799999999999,3322,421,1.940401891252955,14.431828978622326,184.07999999999998,0.03029724480726818,False
22433,WATERING CAN GREEN DINOSAUR,4699.37,2607,346,1.938939828080229,13.581994219653179,177.0,0.037664623130334494,False
22433,WATERING CAN PINK BUNNY,105.3,54,5,1.95,21.06,46.8,0.4444444444444444,False
22434,BALLOON PUMP WITH 10 BALLOONS,4619.03,2503,261,1.946928838951311,17.69743295019157,237.6,0.051439371469767466,False
22435,SET OF 9 HEART SHAPED BALLOONS,5626.39,4577,442,1.2524168514412417,12.729389140271493,106.0,0.018839788923270515,False
22436,12 COLOURED PARTY BALLOONS,2620.95,4131,253,0.6538759689922481,10.359486166007905,110.00000000000001,0.04196951487056221,False
22437,SET OF 9 BLACK SKULL BALLOONS,5184.0,6316,357,0.8482142857142857,14.521008403361344,576.0,0.1111111111111111,False
22438,BALLOON ART MAKE YOUR OWN FLOWERS,1636.65,1323,129,1.7183823529411764,12.687209302325583,82.5,0.05040784529374026,False
22439,6 ROCKET BALLOONS ,2386.4500000000003,3629,305,0.6708333333333334,7.824426229508197,65.0,0.027237109514131868,False
22440,BALLOON WATER BOMB PACK OF 35,3206.04,8252,257,0.4179545454545454,12.474863813229572,432.0,0.13474566755249467,False
22441,GROW YOUR OWN BASIL IN ENAMEL MUG,5194.5,2505,390,2.0968274111675127,13.319230769230769,118.4,0.022793339108672636,False
22442,GROW YOUR OWN FLOWERS SET OF 3,4510.56,840,159,7.1282499999999995,28.368301886792455,1578.7199999999998,0.3500053208470788,False
22443,GROW YOUR OWN HERBS SET OF 3,4905.6900000000005,643,234,7.913446808510638,20.964487179487183,270.0,0.05503812919283525,False
22444,GROW YOUR OWN PLANT IN A CAN ,10837.81,8849,324,1.2441538461538462,33.45003086419753,407.04,0.03755740320230748,False
22445,PENCIL CASE GINGHAM FOREST,106.20000000000002,36,4,2.95,26.550000000000004,53.1,0.49999999999999994,False
22445,PENCIL CASE LIFE IS BEAUTIFUL,3311.3,1138,208,2.9947706422018348,15.91971153846154,122.39999999999999,0.036964334249388456,False
22446,PIN CUSHION BABUSHKA PINK,607.19,213,57,3.285166666666667,10.652456140350878,40.2,0.06620662395625751,False
22446,PIN CUSHION RUSSIAN DOLL PINK,381.90000000000003,114,26,3.3500000000000005,14.68846153846154,20.1,0.05263157894736842,False
22447,PIN CUSHION BABUSHKA BLUE,344.55,111,28,3.2,12.305357142857144,20.1,0.05833696125380932,False
22447,PIN CUSHION RUSSIAN DOLL BLUE,214.4,64,19,3.35,11.284210526315789,40.2,0.1875,False
22448,PIN CUSHION BABUSHKA RED,1068.76,334,69,3.2757971014492755,15.48927536231884,60.300000000000004,0.056420524720236544,False
22448,PIN CUSHION RUSSIAN DOLL RED,1220.55,393,34,3.338571428571429,35.898529411764706,708.0,0.5800663635246406,False
22449,SILK PURSE BABUSHKA PINK,2396.88,717,155,3.3361146496815284,15.463741935483872,80.4,0.033543606688695306,False
22449,SILK PURSE RUSSIAN DOLL PINK,1449.45,447,77,3.3398734177215195,18.824025974025975,177.0,0.12211528510814447,False
22450,SILK PURSE BABUSHKA BLUE,1414.65,423,100,3.346078431372549,14.146500000000001,80.4,0.056833845827589866,False
22450,SILK PURSE RUSSIAN DOLL BLUE,1208.8000000000002,368,65,3.344029850746269,18.59692307692308,177.0,0.14642620780939772,False
22451,SILK PURSE BABUSHKA RED,2167.8,660,116,3.34327731092437,18.68793103448276,177.0,0.08164959867146415,False
22451,SILK PURSE RUSSIAN DOLL RED,1854.25,575,80,3.3403614457831323,23.178125,354.0,0.1909127679654847,False
22452,MEASURING TAPE BABUSHKA PINK,2090.7000000000003,742,123,2.9096800000000003,16.99756097560976,214.2,0.10245372363323287,False
22452,MEASURING TAPE RUSSIAN DOLL PINK,430.70000000000005,146,40,2.95,10.767500000000002,35.400000000000006,0.08219178082191782,False
22453,MEASURING TAPE BABUSHKA BLUE,1633.65,579,81,2.9253086419753087,20.16851851851852,214.2,0.13111743641538884,False
22453,MEASURING TAPE RUSSIAN DOLL BLUE,297.95000000000005,101,27,2.95,11.035185185185187,17.700000000000003,0.0594059405940594,False
22454,MEASURING TAPE BABUSHKA RED,1971.95,701,105,2.923831775700935,18.78047619047619,214.2,0.10862344379928496,False
22454,MEASURING TAPE RUSSIAN DOLL RED,1755.05,647,57,2.942982456140351,30.79035087719298,979.1999999999999,0.5579328224267115,False
22456,NATURAL SLATE CHALKBOARD LARGE ,17151.96,3916,585,4.879351535836178,29.31958974358974,1475.34,0.0860158255966082,False
22457,NATURAL SLATE HEART CHALKBOARD ,39960.22,14078,1630,2.9584713763702806,24.51547239263804,1581.0,0.03956434674283575,False
22458,CAST IRON HOOK GARDEN FORK,3599.6099999999997,1487,151,2.5394039735099336,23.83847682119205,871.56,0.24212623034162034,False
22459,CAST IRON HOOK GARDEN TROWEL,3164.96,1336,148,2.5354,21.384864864864866,677.88,0.21418280167837825,False
22460,EMBOSSED GLASS TEALIGHT HOLDER,5129.84,4233,289,1.2678275862068966,17.750311418685122,203.52,0.03967375200785989,False
22461,SAVOY ART DECO CLOCK,2604.95,333,116,10.651724137931033,22.456465517241377,109.5,0.0420353557649859,False
22464,HANGING METAL HEART LANTERN,11166.71,7147,640,1.6211692307692307,17.447984374999997,208.79999999999998,0.018698434901595905,False
22465,HANGING METAL STAR LANTERN,6449.079999999999,4186,384,1.5995214105793452,16.794479166666665,139.2,0.02158447406451773,False
22466,FAIRY TALE COTTAGE NIGHT LIGHT,1689.1499999999999,895,81,1.9390243902439024,20.8537037037037,158.39999999999998,0.09377497557943344,False
22466,FAIRY TALE COTTAGE NIGHTLIGHT,7364.25,4195,226,1.9270925110132158,32.58517699115044,626.4,0.0850595783684693,False
22467,GUMBALL COAT RACK,25507.43,11169,921,2.4976205787781347,27.695363735070575,604.8000000000001,0.02371073840053663,False
22468,BABUSHKA LIGHTS STRING OF 10,9877.34,1572,332,6.664337349397591,29.751024096385542,285.6,0.028914667309214832,False
22469,HEART OF WICKER SMALL,42898.09,25912,1777,1.638272827282728,24.140737197523915,2617.08,0.06100691196274706,False
22470,HEART OF WICKER LARGE,48832.0,16708,1740,2.9448146067415735,28.064367816091956,4121.64,0.08440448885976409,False
22471,TV DINNER TRAY AIR HOSTESS ,2005.48,550,122,4.61344262295082,16.438360655737704,114.0,0.056844246763867005,False
22472,"TRAY FOR TV DINNER , DOLLY GIRL",29.700000000000003,6,1,4.95,29.700000000000003,29.700000000000003,1.0,False
22472,TV DINNER TRAY DOLLY GIRL,4589.820000000001,1038,202,4.844108910891089,22.721881188118815,816.0,0.1777847497287475,False
22473,TV DINNER TRAY VINTAGE PAISLEY,2580.44,732,166,4.595722891566265,15.544819277108434,299.20000000000005,0.11594921796282806,False
22474,SPACEBOY TV DINNER TRAY,3762.44,856,187,4.77026455026455,20.12,816.0,0.21688053497198626,False
22474,"TRAY FOR TV DINNER ,SPACEBOY",29.700000000000003,6,1,4.95,29.700000000000003,29.700000000000003,1.0,False
22475,SKULL DESIGN TV DINNER TRAY,3023.2000000000003,684,200,4.763316831683168,15.116000000000001,299.20000000000005,0.09896798094734058,False
22476,EMPIRE UNION JACK TV DINNER TRAY,4029.9700000000003,1211,187,4.943085106382979,21.550641711229947,1170.0,0.29032474187152757,False
22477,WATERING CAN GARDEN MARKER,2966.2,2242,183,1.2514754098360656,16.208743169398907,532.8,0.17962376104106265,False
22478,BIRDHOUSE GARDEN MARKER ,3334.35,2535,216,1.2521296296296296,15.436805555555555,532.8,0.1597912636645823,False
22479,DAISY GARDEN MARKER,2453.7,1832,154,1.251741935483871,15.933116883116883,532.8,0.21714145983616578,False
22480,RED TEA TOWEL CLASSIC DESIGN,2730.56,2272,245,1.245421686746988,11.145142857142856,101.76,0.037267080745341616,False
22481,BLACK TEA TOWEL CLASSIC DESIGN,1130.24,1110,166,1.1506432748538011,6.808674698795181,30.0,0.026543035107587768,False
22482,BLUE TEA TOWEL CLASSIC DESIGN,2627.09,2233,201,1.2416585365853658,13.070099502487563,101.76,0.03873487394798047,False
22483,RED GINGHAM TEDDY BEAR ,5030.530000000001,1795,299,2.948929765886288,16.824515050167225,367.2,0.07299429682359512,False
22485,SET OF 2 WOODEN MARKET CRATES,11980.5,982,337,12.63284023668639,35.55044510385757,394.2,0.032903468135720544,False
22486,PLASMATRONIC LAMP,558.64,74,21,10.356666666666667,26.601904761904763,65.69999999999999,0.11760704568237146,False
22487,WHITE WOOD GARDEN PLANT LADDER,13625.71,1449,787,9.749505703422052,17.313481575603557,272.0,0.01996226251696242,False
22488,NATURAL SLATE RECTANGLE CHALKBOARD,10204.759999999998,6404,650,1.6465084226646245,15.699630769230767,208.79999999999998,0.020461039750077417,False
22489,PACK OF 12 TRADITIONAL CRAYONS,6760.889999999999,16742,603,0.42518760195758565,11.212089552238805,207.35999999999999,0.030670518230587984,False
22491,PACK OF 12 COLOURED PENCILS,5697.08,7142,357,0.85,15.958207282913165,414.71999999999997,0.07279518630596726,False
22492,MINI PAINT SET VINTAGE ,25717.54,41226,610,0.6521639344262296,42.15990163934426,766.7,0.029812338194088548,False
22492,MINI PAINT SET VINTAGE  BOY+ GIRL,714.6,1188,17,0.6441176470588236,42.03529411764706,316.8,0.4433249370277078,False
22493, PAINT YOUR OWN CANVAS SET,724.8,480,17,1.5794117647058823,42.63529411764706,139.2,0.19205298013245034,False
22493,PAINT YOUR OWN CANVAS SET,5984.429999999999,3751,335,1.6708045977011492,17.863970149253728,522.0,0.08722635238443763,False
22494,EMERGENCY FIRST AID TIN ,3035.65,2451,292,1.2890847457627117,10.396061643835617,240.0,0.0790604977517171,False
22495,SET OF 2 ROUND TINS CAMEMBERT ,2304.63,873,188,2.818631578947369,12.258670212765958,275.4,0.11949857460850546,False
22496,SET OF 2 ROUND TINS DUTCH CHEESE,1775.7900000000002,693,174,2.8343428571428575,10.205689655172415,91.8,0.051695301809335556,False
22497,SET OF 2 TINS VINTAGE BATHROOM ,3490.25,833,204,4.245121951219512,17.10906862745098,360.0,0.10314447389155505,False
22498,WOODEN REGATTA BUNTING,5704.450000000001,991,294,5.943243243243243,19.402891156462587,712.8000000000001,0.12495507892960758,False
22499,WOODEN UNION JACK BUNTING,18209.63,3158,631,5.941354330708662,28.8583676703645,356.40000000000003,0.01957206159597971,False
22500,SET OF 2 TINS JARDIN DE PROVENCE,2364.05,549,176,4.548870056497175,13.432102272727274,102.0,0.04314629555212453,False
22501,PICNIC BASKET WICKER LARGE,17640.149999999998,1924,487,9.793983572895277,36.22207392197125,1258.0,0.07131458632721378,False
22502,PICNIC BASKET WICKER 60 PIECES,649.5,1,1,649.5,649.5,649.5,1.0,False
22502,PICNIC BASKET WICKER SMALL,14815.85,2960,562,5.2366843033509705,26.362722419928826,475.20000000000005,0.03207375884610063,False
22503,CABIN BAG VINTAGE PAISLEY,2050.1,90,33,26.88939393939394,62.124242424242425,274.45,0.13387151846251402,False
22504,CABIN BAG VINTAGE RETROSPOT,5699.099999999999,258,73,25.632191780821916,78.06986301369862,598.8,0.10506922145601938,False
22505,MEMO BOARD COTTAGE DESIGN,16515.74,3588,651,4.918328267477204,25.369800307219666,612.0,0.03705556033214376,False
22507,MEMO BOARD RETROSPOT  DESIGN,22965.34,5184,732,4.92374659400545,31.373415300546448,2121.6,0.09238269496554373,False
22508,DOORSTOP RETROSPOT HEART,10186.0,2669,574,3.778347676419965,17.745644599303137,3035.52,0.29800903200471235,False
22509,SEWING BOX RETROSPOT DESIGN ,4354.349999999999,353,169,14.379411764705882,25.765384615384612,269.09999999999997,0.06180026869682042,False
22510,DOORSTOP RUSSIAN DOLL GINGHAM,142.5,38,22,3.75,6.4772727272727275,22.5,0.15789473684210525,False
22510,GINGHAM BABUSHKA DOORSTOP,623.86,270,60,2.8263333333333334,10.397666666666668,54.24,0.08694258327188792,False
22511,DOORSTOP RUSSIAN DOLL RETROSPOT,363.48,100,34,3.7294285714285715,10.690588235294118,54.24,0.14922416639154837,False
22511,RETROSPOT BABUSHKA DOORSTOP,613.37,287,67,2.734776119402985,9.154776119402985,50.0,0.08151686583954221,False
22512,DOORSTOP RACING CAR DESIGN,888.23,375,63,3.1346031746031744,14.098888888888888,190.07999999999998,0.21399862648187967,False
22513,DOORSTOP FOOTBALL DESIGN,1675.96,556,143,3.7363888888888885,11.72,190.07999999999998,0.11341559464426357,False
22514,CHILDS GARDEN SPADE BLUE,1974.4800000000002,1020,192,2.0842187500000002,10.283750000000001,248.04000000000002,0.12562294882703293,False
22515,CHILDS GARDEN SPADE PINK,1900.0800000000002,986,166,2.081964285714286,11.446265060240965,248.04000000000002,0.13054187192118227,False
22516,CHILDS GARDEN RAKE BLUE,1484.2800000000002,783,126,2.0763281250000003,11.780000000000001,248.04000000000002,0.1671113267038564,False
22517,CHILDS GARDEN RAKE PINK,1458.18,772,125,2.0757600000000003,11.66544,248.04000000000002,0.1701024564868535,False
22518,CHILDS GARDEN BRUSH BLUE,2515.38,1304,201,2.0763366336633666,12.514328358208957,248.04000000000002,0.0986093552465234,False
22519,CHILDS GARDEN BRUSH PINK,2525.5800000000004,1306,202,2.0777941176470587,12.502871287128714,248.04000000000002,0.09821110398403535,False
22520,CHILDS GARDEN TROWEL BLUE ,1838.3899999999999,2183,327,0.8484431137724551,5.6219877675840975,69.12,0.03759811574257911,False
22521,CHILDS GARDEN TROWEL PINK,1844.62,2194,323,0.848419452887538,5.710897832817337,69.12,0.037471132265724114,False
22522,CHILDS GARDEN FORK BLUE ,1802.3799999999999,2170,305,0.8479032258064515,5.909442622950819,138.24,0.07669858742329587,False
22523,CHILDS GARDEN FORK PINK,1770.6699999999998,2107,311,0.8483596214511041,5.693472668810289,81.6,0.046084250594407766,False
22524,CHILDRENS GARDEN GLOVES BLUE,2125.41,1721,231,1.2467381974248928,9.200909090909091,106.0,0.049872730437891984,False
22525,CHILDRENS GARDEN GLOVES PINK,2128.35,1727,239,1.2468333333333335,8.905230125523012,106.0,0.04980383865435666,False
22526,WHEELBARROW FOR CHILDREN ,5982.42,506,180,12.624198895027625,33.23566666666667,985.4999999999999,0.16473266671347045,False
22528,GARDENERS KNEELING PAD,6273.58,5318,446,1.236911111111111,14.066322869955156,203.52,0.03244080732213505,False
22529,MAGIC DRAWING SLATE GO TO THE FAIR ,916.38,2295,136,0.41781021897810217,6.738088235294118,69.12,0.07542722451384798,False
22529,MAGIC SLATE GO TO THE FAIR ,40.32,96,2,0.42,20.16,20.16,0.5,False
22530,MAGIC DRAWING SLATE DOLLY GIRL ,3761.64,9390,369,0.41648,10.194146341463414,138.24,0.03674992822279644,False
22530,MAGIC SLATE DOLLY GIRL ,80.64,192,4,0.42,20.16,20.16,0.25,False
22531,MAGIC DRAWING SLATE CIRCUS PARADE  ,3053.76,7504,332,0.41964391691394654,9.198072289156627,380.15999999999997,0.12448915435397671,False
22531,MAGIC SLATE CIRCUS PARADE  ,80.64,192,4,0.42,20.16,20.16,0.25,False
22532,MAGIC DRAWING SLATE LEAP FROG ,1041.3600000000001,2740,154,0.4164150943396226,6.762077922077923,69.12,0.06637474072366904,False
22532,MAGIC SLATE LEAP FROG ,40.32,96,2,0.42,20.16,20.16,0.5,False
22533,MAGIC DRAWING SLATE BAKE A CAKE ,1669.02,4327,195,0.415929648241206,8.559076923076923,207.35999999999999,0.1242405723118956,False
22533,MAGIC SLATE BAKE A CAKE ,20.16,48,1,0.42,20.16,20.16,1.0,False
22534,MAGIC DRAWING SLATE SPACEBOY ,4778.28,11850,456,0.41771186440677965,10.478684210526316,207.35999999999999,0.043396368567769156,False
22534,MAGIC SLATE SPACEBOY ,120.96000000000001,288,6,0.42,20.16,20.16,0.16666666666666666,False
22535,MAGIC DRAWING SLATE BUNNIES ,1538.22,3875,248,0.4177290836653386,6.2025,51.84,0.033701291102703125,False
22535,MAGIC SLATE BUNNIES AT HOME ,120.96000000000001,288,6,0.42,20.16,20.16,0.16666666666666666,False
22536,MAGIC DRAWING SLATE FIDO,151.2,360,8,0.42,18.9,20.16,0.13333333333333333,False
22536,MAGIC DRAWING SLATE PURDEY,3218.76,8258,311,0.41634374999999996,10.349710610932476,207.35999999999999,0.06442232412481824,False
22536,MAGIC SLATE FIDO,120.96000000000001,288,6,0.42,20.16,20.16,0.16666666666666666,False
22537,MAGIC DRAWING SLATE DINOSAUR,2224.14,5515,281,0.4187586206896552,7.9150889679715295,138.24,0.06215436078664113,False
22537,MAGIC SLATE DINOSAUR,60.480000000000004,144,3,0.42,20.16,20.16,0.3333333333333333,False
22538,MINI JIGSAW GO TO THE FAIR,580.74,1409,62,0.41629032258064513,9.366774193548387,80.64,0.1388573199710714,False
22539,MINI JIGSAW DOLLY GIRL,2150.15,5511,169,0.41087719298245606,12.722781065088759,100.8,0.046880450201148754,False
22540,MINI JIGSAW CIRCUS PARADE ,2337.06,6063,151,0.4154304635761589,15.477218543046357,380.15999999999997,0.1626659135837334,False
22541,MINI JIGSAW LEAP FROG,471.56,1192,40,0.4214634146341464,11.789,86.39999999999999,0.18322164729832893,False
22543,MINI JIGSAW BAKE A CAKE ,1242.25,3198,87,0.39954022988505744,14.278735632183908,172.79999999999998,0.13910243509760514,False
22544,MINI JIGSAW SPACEBOY,3575.18,9118,260,0.4150191570881226,13.750692307692306,172.79999999999998,0.048333230774394574,False
22545,MINI JIGSAW BUNNIES,1157.67,2921,122,0.41203252032520327,9.489098360655738,100.8,0.0870714452305061,False
22545,MINI JIGSAW BUNNIES AT HOME,161.28,384,8,0.42,20.16,20.16,0.125,False
22546,MINI JIGSAW FIDO,282.24,672,10,0.42000000000000004,28.224,100.8,0.3571428571428571,False
22546,MINI JIGSAW PURDEY,1424.77,3636,124,0.40943999999999997,11.49008064516129,172.79999999999998,0.12128273335345353,False
22547,MINI JIGSAW DINOSAUR ,751.59,1862,109,0.42803571428571424,6.895321100917432,20.16,0.026823134953897737,False
22548,HEADS AND TAILS SPORTING FUN,3873.1,3315,375,1.2533419689119172,10.328266666666666,183.6,0.04740388835816271,False
22549,PICTURE DOMINOES,8812.289999999999,6221,540,1.4769090909090907,16.319055555555554,180.0,0.020426018662572386,False
22550,HOLIDAY FUN LUDO,6542.75,1834,342,3.79,19.130847953216374,732.24,0.11191624316992091,False
22551,PLASTERS IN TIN SPACEBOY,22759.8,14336,1150,1.6506872852233676,19.79113043478261,556.8,0.024464186855772018,False
22553,PLASTERS IN TIN SKULLS,11756.999999999998,7268,900,1.6473799126637554,13.06333333333333,278.4,0.023679510079101813,False
22554,PLASTERS IN TIN WOODLAND ANIMALS,20231.829999999998,12667,1095,1.6482687105500449,18.476557077625568,417.59999999999997,0.020640742829491944,False
22555,PLASTERS IN TIN MR STRONG ,357.0,228,11,1.6318181818181818,32.45454545454545,139.2,0.38991596638655457,False
22555,PLASTERS IN TIN STRONGMAN,17600.089999999997,11009,854,1.6477393310265283,20.609004683840745,1270.2,0.07217008549388101,False
22556,PLASTERS IN TIN CIRCUS PARADE ,20773.609999999997,13005,1096,1.6515770609318996,18.954023722627735,1270.2,0.061144885265488294,False
22557,PLASTERS IN TIN VINTAGE PAISLEY ,15502.389999999998,9759,987,1.661231527093596,15.70657548125633,870.0,0.05612037885771163,False
22558,CLOTHES PEGS RETROSPOT PACK 24 ,18299.71,13331,1012,1.460156555772994,18.082717391304346,208.79999999999998,0.011410016880048918,False
22559,SEASIDE FLYING DISC,1335.85,1103,114,1.2835344827586206,11.71798245614035,101.76,0.07617621738967699,False
22559,SEASIDE FRISBEE ,360.51,303,21,1.231904761904762,17.167142857142856,50.88,0.14113339435799285,False
22560,TRADITIONAL MODELLING CLAY,16660.25,14218,652,1.2518373493975905,25.552530674846626,848.0,0.050899596344592665,False
22561,WOODEN SCHOOL COLOURING SET,17249.519999999997,10748,830,1.6496698113207546,20.782554216867467,522.0,0.030261711630236672,False
22562,MONSTERS STENCIL CRAFT,4600.54,3938,362,1.2526575342465753,12.70867403314917,534.24,0.11612549831106783,False
22563,HAPPY STENCIL CRAFT,6752.650000000001,5854,481,1.2477235772357724,14.03877338877339,534.24,0.07911560646560979,False
22564,ALPHABET STENCIL CRAFT,4422.1900000000005,3852,310,1.2531189710610933,14.265129032258066,534.24,0.12080892046700842,False
22565,FELTCRAFT HAIRBANDS PINK + WHITE ,60.349999999999994,71,6,0.85,10.058333333333332,10.2,0.16901408450704225,False
22565,FELTCRAFT HAIRBANDS PINK AND WHITE ,1549.6899999999998,1825,214,0.8851834862385322,7.241542056074765,103.67999999999999,0.06690370332130943,False
22566,FELTCRAFT HAIRBAND PINK AND PURPLE,2170.1,2654,242,0.871578947368421,8.967355371900826,544.3199999999999,0.2508271508225427,False
22566,"FELTCRAFT HAIRBAND S/2, PINK/PURPLE",81.6,96,8,0.85,10.2,10.2,0.125,False
22567,20 DOLLY PEGS RETROSPOT,6530.37,5354,426,1.2776744186046511,15.329507042253521,615.0,0.09417536831756854,False
22568,FELTCRAFT CUSHION OWL,18402.97,5100,765,3.7608463541666666,24.056169934640526,813.6,0.04421025519250425,False
22569,FELTCRAFT CUSHION BUTTERFLY,17702.44,5014,677,3.731326530612245,26.148360413589362,900.0,0.050840449113229595,False
22570,FELTCRAFT CUSHION RABBIT,17818.22,4989,671,3.7336053412462906,26.554724292101344,813.6,0.045661126644524534,False
22571,ROCKING HORSE RED CHRISTMAS ,4266.84,5196,378,0.8463144329896908,11.287936507936509,138.24,0.03239868380347048,False
22572,ROCKING HORSE GREEN CHRISTMAS ,2557.8399999999997,3112,264,0.846690909090909,9.688787878787878,69.12,0.02702280048791168,False
22573,STAR WOODEN CHRISTMAS DECORATION,3739.3399999999997,4502,290,0.8800680272108844,12.894275862068964,414.71999999999997,0.11090727240636049,False
22574,HEART WOODEN CHRISTMAS DECORATION,3760.7799999999997,4396,307,0.8741666666666666,12.250097719869705,138.24,0.036758332048138956,False
22575,METAL MERRY CHRISTMAS WREATH,5160.75,2713,297,1.9451456310679611,17.376262626262626,316.79999999999995,0.06138642639151285,False
22576,SWALLOW WOODEN CHRISTMAS DECORATION,2451.67,2899,243,0.87,10.08917695473251,138.24,0.05638605521950344,False
22577,WOODEN HEART CHRISTMAS SCANDINAVIAN,6041.799999999999,12868,725,0.5784993359893758,8.33351724137931,75.64999999999999,0.012521102982554868,False
22577,WOODEN HEART CHRISTMAS SCANDISPOT,30.599999999999998,36,1,0.85,30.599999999999998,30.599999999999998,1.0,False
22578,WOODEN STAR CHRISTMAS SCANDINAVIAN,5220.79,12047,661,0.5440719424460432,7.898320726172466,90.47999999999999,0.01733071048634402,False
22578,WOODEN STAR CHRISTMAS SCANDISPOT,61.199999999999996,72,2,0.85,30.599999999999998,30.599999999999998,0.5,False
22579,WOODEN TREE CHRISTMAS SCANDINAVIAN,3079.54,6470,456,0.5824947589098531,6.753377192982456,40.8,0.01324873195347357,False
22579,WOODEN TREE CHRISTMAS SCANDISPOT,81.6,96,3,0.85,27.2,30.599999999999998,0.375,False
22580,ADVENT CALENDAR GINGHAM SACK,10012.380000000001,1722,386,6.005297157622739,25.938808290155443,237.60000000000002,0.023730621490594645,False
22581,WOOD STOCKING CHRISTMAS SCANDISPOT,2280.58,2996,263,0.8076470588235294,8.671406844106464,172.79999999999998,0.07577019880907487,False
22582,PACK OF 6 SWEETIE GIFT BOXES,5831.5599999999995,2383,250,2.545369649805447,23.32624,734.4,0.1259354272270199,False
22583,PACK OF 6 HANDBAG GIFT BOXES,4215.9,1670,280,2.547431506849315,15.056785714285713,244.79999999999998,0.05806589340354373,False
22584,PACK OF 6 PANETTONE GIFT BOXES,513.91,226,14,2.69,36.707857142857144,302.40000000000003,0.5884298807184138,False
22584,PACK OF 6 PANNETONE GIFT BOXES,11287.93,4596,496,2.547051792828685,22.757923387096774,734.4,0.06506064442284812,False
22585,PACK OF 6 BIRDY GIFT TAGS,19507.940000000002,16390,941,1.2486122448979593,20.731073326248673,305.28000000000003,0.015649012658435487,False
22586,FELTCRAFT HAIRBAND PINK AND BLUE,1658.33,1973,233,0.849453781512605,7.117296137339055,103.67999999999999,0.06252072868488177,False
22587,FELTCRAFT HAIRBAND RED AND BLUE,1503.6299999999999,1791,239,0.8494736842105263,6.291338912133891,103.67999999999999,0.06895313341713054,False
22587,"FELTCRAFT HAIRBAND, S/2, RED/BLUE",154.67999999999998,204,6,0.8283333333333333,25.779999999999998,103.67999999999999,0.6702870442203259,False
22588,CARD HOLDER GINGHAM HEART,6454.099999999999,2508,397,2.680545905707196,16.257178841309823,201.60000000000002,0.031235958537983614,False
22588,CARDHOLDER GINGHAM HEART,216.90000000000003,102,2,2.325,108.45000000000002,201.60000000000002,0.929460580912863,False
22589,CARDHOLDER GINGHAM STAR,3151.49,1207,196,2.7252020202020204,16.079030612244896,201.60000000000002,0.06396974129697382,False
22591,CARDHOLDER GINGHAM CHRISTMAS TREE,3275.44,1208,171,2.967441860465116,19.154619883040937,252.0,0.07693622841511369,False
22592,CARDHOLDER HOLLY WREATH METAL,6723.1,1812,251,3.8062450592885377,26.785258964143427,1620.0,0.24096027130341657,False
22593,CHRISTMAS GINGHAM STAR,4142.429999999999,4923,310,0.8758333333333334,13.362677419354837,103.67999999999999,0.02502878745084407,False
22594,CHRISTMAS GINGHAM TREE,3660.2699999999995,4353,290,0.8803780068728523,12.62162068965517,103.67999999999999,0.028325779245793346,False
22595,CHRISTMAS GINGHAM HEART,4896.65,5981,308,0.8462379421221865,15.898214285714285,207.35999999999999,0.04234731908549723,False
22595,GINGHAM HEART DECORATION,4817.33,5951,331,0.86,14.553867069486405,1244.1599999999999,0.258267546545493,False
22596,CHRISTMAS STAR WISH LIST CHALKBOARD,5819.8,6051,401,1.030735294117647,14.513216957605986,150.0,0.025774081583559573,False
22597,CHRISTMAS MUSICAL ZINC HEART ,1327.59,1683,92,0.8361702127659574,14.430326086956521,103.67999999999999,0.07809640024405125,False
22597,MUSICAL ZINC HEART DECORATION ,914.7399999999999,2464,111,0.48043478260869565,8.2409009009009,51.839999999999996,0.05667184117891423,False
22598,CHRISTMAS MUSICAL ZINC TREE,876.6199999999999,1556,92,0.6370212765957446,9.528478260869564,103.67999999999999,0.11827245556797701,False
22599,CHRISTMAS MUSICAL ZINC STAR,1354.34,2538,130,0.6445454545454545,10.418,103.67999999999999,0.07655389340933591,False
22600,CHRISTMAS RETROSPOT STAR WOOD,3769.56,4566,343,0.8653160919540229,10.98997084548105,103.67999999999999,0.027504536338458598,False
22601,CHRISTMAS RETROSPOT ANGEL WOOD,4012.6699999999996,4919,330,0.8705671641791044,12.159606060606059,414.71999999999997,0.10335263054275583,False
22602,CHRISTMAS RETROSPOT HEART WOOD,3343.97,4169,239,0.8442105263157894,13.991506276150627,103.67999999999999,0.03100506284446332,False
22602,RETROSPOT WOODEN HEART DECORATION,1548.82,1846,164,0.8615384615384615,9.444024390243902,103.67999999999999,0.06694128433258868,False
22603,CHRISTMAS RETROSPOT TREE WOOD,3228.6,3936,301,0.8647249190938511,10.726245847176079,207.35999999999999,0.06422598030105928,False
22604,SET OF 4 NAPKIN CHARM CUTLERY,30.599999999999998,12,2,2.55,15.299999999999999,15.299999999999999,0.5,False
22604,SET OF 4 NAPKIN CHARMS CUTLERY,4420.81,1888,216,2.536409090909091,20.466712962962966,537.6,0.12160667389007897,False
22605,WOODEN CROQUET GARDEN SET,20652.26,1697,545,13.357637362637362,37.89405504587155,1723.9999999999998,0.08347754676727874,False
22606,WOODEN SKITTLES GARDEN SET,13285.89,991,329,15.164954682779454,40.38264437689969,2198.0,0.16543867215519623,False
22607,WOODEN ROUNDERS GARDEN SET ,20854.87,2391,642,9.095627906976743,32.48422118380062,816.0,0.03912755150235892,False
22608,PENS ASSORTED FUNKY JEWELED ,1374.36,5358,97,0.2943298969072165,14.168659793814433,136.8,0.09953723915131409,False
22609,PENS ASSORTED SPACEBALL,2122.46,6614,148,0.3951006711409396,14.340945945945947,60.48,0.028495236659348114,False
22610,PENS ASSORTED FUNNY FACE,4734.38,12134,222,0.370762331838565,21.326036036036037,829.4399999999999,0.175195062500264,False
22611,VINTAGE UNION JACK SHOPPING BAG,4207.8,892,184,4.907936507936508,22.868478260869566,204.0,0.048481391701126475,False
22612,TEA COSY VINTAGE UNION JACK,3870.93,984,95,3.7469072164948454,40.746631578947365,1689.12,0.4363602545124815,False
22613,PACK OF 20 SPACEBOY NAPKINS,2293.98,2952,226,0.8442241379310345,10.150353982300885,138.24,0.060262077263097326,False
22614,PACK OF 12 SPACEBOY TISSUES,1633.8799999999999,5294,295,0.3218666666666667,5.53857627118644,18.72,0.011457389771586652,False
22615,PACK OF 12 CIRCUS PARADE TISSUES ,1079.4099999999999,3631,135,0.31073529411764705,7.9956296296296285,108.0,0.10005465948990654,False
22616,PACK OF 12 LONDON TISSUES ,10497.279999999999,37012,631,0.31120743034055726,16.63594294770206,360.0,0.03429459821972931,False
22617,BAKING SET SPACEBOY DESIGN,18616.21,3931,850,4.9861331775700934,21.901423529411765,1377.0,0.07396779473372937,False
22618,COOKING SET RETROSPOT,5483.2699999999995,575,204,9.864536585365853,26.878774509803918,407.52,0.07432061525330688,False
22619, SET Of 6 SOLDIER SKITTLES,60.0,16,3,3.75,20.0,30.0,0.5,False
22619,SET OF 6 SOLDIER SKITTLES,13913.35,3752,571,3.817564766839378,24.366637478108583,542.4,0.03898414113064071,False
22620,4 TRADITIONAL SPINNING TOPS,9753.28,7551,652,1.349790104947526,14.959018404907976,400.0,0.04101184422061091,False
22621,TRADITIONAL KNITTING NANCY,12684.119999999999,8292,717,1.5828065395095368,17.690543933054393,276.95,0.021834388195633596,False
22622,BOX OF VINTAGE ALPHABET BLOCKS,26691.91,2772,506,10.410530451866405,52.75081027667984,1326.0,0.049677973588252024,False
22623,BOX OF VINTAGE JIGSAW BLOCKS ,10774.37,2116,495,5.320945674044266,21.76640404040404,356.40000000000003,0.03307850018144912,False
22624,IVORY KITCHEN SCALES,23924.13,2890,1059,8.530990566037737,22.591246458923514,367.20000000000005,0.015348520510463705,False
22625,RED KITCHEN SCALES,18859.78,2324,776,8.439922680412371,24.303840206185566,367.20000000000005,0.01947000442210885,False
22626,BLACK KITCHEN SCALES,6508.93,789,300,8.4846,21.696433333333335,367.20000000000005,0.05641480243296518,False
22627,MINT KITCHEN SCALES,12086.54,1460,554,8.45774368231047,21.816859205776176,275.40000000000003,0.022785677290605915,False
22628,PICNIC BOXES SET OF 3 RETROSPOT ,6917.6,1488,246,4.927327935222672,28.120325203252033,680.0,0.09829998843529547,False
22629,SPACEBOY LUNCH BOX ,36025.14,20200,1107,1.9303577817531306,32.5430352303523,1056.0,0.029312863183876593,False
22630,DOLLY GIRL LUNCH BOX,30471.64,17080,995,1.9443111992071358,30.624763819095477,1056.0,0.034655174450735175,False
22631,CIRCUS PARADE LUNCH BOX ,10723.58,5836,468,1.940675105485232,22.91363247863248,422.4,0.03938983063491856,False
22632,HAND WARMER RED POLKA DOT,4860.900000000001,2584,46,1.9858695652173914,105.6717391304348,3707.4,0.7626982657532555,False
22632,HAND WARMER RED RETROSPOT,15243.62,7564,674,2.0912320916905447,22.616646884273,353.35,0.023180189482550732,False
22633,HAND WARMER UNION JACK,16775.460000000003,8325,788,2.0868154402895054,21.28865482233503,355.20000000000005,0.021173785994542026,False
22634,CHILDS BREAKFAST SET SPACEBOY ,14145.15,1535,453,9.739670329670329,31.22549668874172,544.0,0.03845841154035129,False
22635,CHILDS BREAKFAST SET DOLLY GIRL ,13687.349999999999,1475,442,9.78671171171171,30.966855203619907,544.0,0.039744727796103704,False
22636,CHILDS BREAKFAST SET CIRCUS PARADE,12371.28,1523,456,8.418257080610022,27.130000000000003,641.28,0.051836188332977665,False
22637,PIGGY BANK RETROSPOT ,10209.32,4211,494,2.5311313131313127,20.66663967611336,1860.0,0.18218647275234787,False
22638,SET OF 4 NAPKIN CHARMS CROWNS ,637.5699999999999,356,59,2.3466101694915253,10.806271186440677,67.2,0.10540019135153789,False
22639,SET OF 4 NAPKIN CHARMS HEARTS,3760.92,1592,247,2.501581027667984,15.226396761133604,73.94999999999999,0.019662742095019302,False
22640,SET OF 4 NAPKIN CHARMS 3 KEYS ,629.8199999999999,298,69,2.450285714285714,9.12782608695652,30.599999999999998,0.04858531008859674,False
22641,SET OF 4 NAPKIN CHARMS INSTRUMENT,576.17,255,51,2.473333333333333,11.297450980392156,67.2,0.11663224395577695,False
22641,SET OF 4 NAPKIN CHARMS INSTUMENT   ,30.599999999999998,12,2,2.55,15.299999999999999,15.299999999999999,0.5,False
22642,SET OF 4 NAPKIN CHARMS STARS   ,2230.7,959,130,2.4238518518518517,17.159230769230767,86.10000000000001,0.038597749585331964,False
22643,SET OF 4 NAPKIN CHARMS LEAVES   ,882.99,405,76,2.3596052631578943,11.61828947368421,67.2,0.076105052152346,False
22644,CERAMIC CHERRY CAKE MONEY BANK,5764.88,4478,458,1.4004329004329004,12.58707423580786,90.0,0.015611773358682227,False
22645,CERAMIC HEART CAKE MONEY BANK,137.85,105,4,1.4,34.4625,90.0,0.6528835690968444,False
22645,CERAMIC HEART FAIRY CAKE MONEY BANK,6137.49,4491,546,1.42959927140255,11.240824175824175,90.0,0.014663975012586579,False
22646,CERAMIC STRAWBERRY CAKE MONEY BANK,11032.01,8405,691,1.4199857346647646,15.965282199710565,312.5,0.028326660327537775,False
22647,CERAMIC LOVE HEART MONEY BANK,831.6999999999999,1018,65,1.1558461538461537,12.795384615384615,90.0,0.10821209570758687,False
22649,STRAWBERRY CAKE TEAPOT,39.6,8,3,4.95,13.200000000000001,19.8,0.5,False
22649,STRAWBERRY FAIRY CAKE TEAPOT,10279.5,2142,404,4.917639902676399,25.44430693069307,272.0,0.02646043095481298,False
22650,CERAMIC PIRATE CHEST MONEY BANK,2349.7999999999997,1652,217,1.445433789954338,10.828571428571427,135.0,0.05745169801685251,False
22651,GENTLEMAN SHIRT REPAIR KIT ,2356.6299999999997,2923,150,0.8756578947368421,15.710866666666664,207.35999999999999,0.08799005359347883,False
22652,TRAVEL SEWING KIT,14767.41,9297,713,1.6529201101928375,20.71165497896213,1160.0,0.07855135057535478,False
22653,BUTTON BOX ,4072.56,2154,228,1.9429870129870128,17.862105263157893,330.0,0.0810301137368142,False
22654,DELUXE SEWING KIT ,11304.87,1993,432,5.99605504587156,26.168680555555557,396.0,0.03502915115344095,False
22655,VINTAGE RED KITCHEN CABINET,10325.0,64,44,175.6818181818182,234.6590909090909,590.0,0.05714285714285714,False
22656,VINTAGE BLUE KITCHEN CABINET,7020.0,35,29,210.3448275862069,242.06896551724137,590.0,0.08404558404558404,False
22657,HEN & 2 CHICKS IN BASKET,50.15,59,7,0.85,7.164285714285714,20.4,0.4067796610169491,False
22659,LUNCH BOX I LOVE LONDON,26023.719999999998,14820,758,1.925951156812339,34.33208443271767,660.0,0.02536147791322686,False
22660,DOORMAT I LOVE LONDON,5088.97,825,147,7.579795918367347,34.61884353741497,1007.6,0.19799684415510407,False
22661,CHARLOTTE BAG DOLLY GIRL DESIGN,6352.5,8018,535,0.8435239852398524,11.873831775700934,216.0,0.03400236127508855,False
22662,LUNCH BAG DOLLY GIRL DESIGN,15222.99,9659,871,1.651111111111111,17.47760045924225,290.0,0.019050134040684518,False
22663,JUMBO BAG DOLLY GIRL DESIGN,10140.48,5333,525,2.0077756653992394,19.3152,330.0,0.032542838208842184,False
22664,TOY TIDY DOLLY GIRL DESIGN,2449.18,1292,177,2.1019774011299437,13.837175141242938,166.0,0.06777778685110936,False
22665,RECIPE BOX BLUE SKETCHBOOK DESIGN,7042.460000000001,2490,503,2.955049309664694,14.000914512922467,306.0,0.04345072602471295,False
22666,RECIPE BOX PANTRY YELLOW DESIGN,26562.570000000003,9363,1265,2.9531821735731043,20.998079051383403,1600.0,0.06023513538034911,False
22667,RECIPE BOX RETRO SPOT DESIGN,2579.6000000000004,920,171,2.938372093023256,15.085380116959067,612.0,0.237246084664289,False
22667,RECIPE BOX RETROSPOT ,10403.050000000001,3735,638,2.92403400309119,16.3057210031348,1040.3999999999999,0.10000913193726838,False
22668,PINK BABY BUNTING,9059.21,3223,377,2.957851458885942,24.029734748010608,254.99999999999997,0.028148149783480018,False
22669,RED BABY BUNTING ,6124.5,2110,332,2.944029850746269,18.447289156626507,127.49999999999999,0.02081802596130296,False
22670,FRENCH WC SIGN BLUE METAL,3795.8,3123,313,1.2595625,12.127156549520768,610.5600000000001,0.1608514674113494,False
22671,FRENCH LAUNDRY SIGN BLUE METAL,2592.8599999999997,1614,190,1.681204188481675,13.646631578947368,278.4,0.1073717825104325,False
22672,FRENCH BATHROOM SIGN BLUE METAL,4357.919999999999,2708,297,1.652112211221122,14.67313131313131,278.4,0.06388368763079635,False
22673,FRENCH GARDEN SIGN BLUE METAL,1459.33,1171,166,1.2622155688622754,8.791144578313252,30.0,0.020557379071217616,False
22674,FRENCH TOILET SIGN BLUE METAL,2723.98,2253,242,1.2510612244897958,11.256115702479338,203.52,0.07471420495010977,False
22675,FRENCH KITCHEN SIGN BLUE METAL,2564.91,2118,224,1.277797356828194,11.450491071428571,203.52,0.07934781337356867,False
22676,FRENCH BLUE METAL DOOR SIGN 1,1388.64,1108,152,1.2734868421052632,9.135789473684211,75.0,0.05400967853439336,False
22676,"FRENCH BLUE METAL DOOR SIGN, 1",700.0,560,67,1.25,10.447761194029852,62.5,0.08928571428571429,False
22677,FRENCH BLUE METAL DOOR SIGN 2,1163.76,931,122,1.2594262295081968,9.539016393442623,87.5,0.07518732384684128,False
22677,"FRENCH BLUE METAL DOOR SIGN, 2",616.25,493,65,1.25,9.48076923076923,62.5,0.10141987829614604,False
22678,FRENCH BLUE METAL DOOR SIGN 3,987.43,788,112,1.2710714285714286,8.816339285714285,62.5,0.06329562601905958,False
22678,"FRENCH BLUE METAL DOOR SIGN, 3",607.5,486,59,1.25,10.296610169491526,62.5,0.102880658436214,False
22679,FRENCH BLUE METAL DOOR SIGN 4,858.07,685,101,1.2733663366336636,8.495742574257426,37.5,0.04370272821564674,False
22679,"FRENCH BLUE METAL DOOR SIGN, 4",573.75,459,54,1.25,10.625,62.5,0.10893246187363835,False
22680,FRENCH BLUE METAL DOOR SIGN 5,932.47,745,105,1.2720560747663552,8.880666666666666,52.5,0.056302079423466704,False
22680,"FRENCH BLUE METAL DOOR SIGN, 5",581.25,465,56,1.25,10.379464285714286,62.5,0.10752688172043011,False
22681,FRENCH BLUE METAL DOOR SIGN 6,801.82,640,85,1.277126436781609,9.433176470588236,25.0,0.031179067621161856,False
22681,"FRENCH BLUE METAL DOOR SIGN, 6",525.0,420,46,1.25,11.41304347826087,62.5,0.11904761904761904,False
22682,FRENCH BLUE METAL DOOR SIGN 7,809.36,647,84,1.263529411764706,9.635238095238096,25.0,0.030888603340911338,False
22682,"FRENCH BLUE METAL DOOR SIGN, 7",547.5,438,53,1.25,10.330188679245284,62.5,0.1141552511415525,False
22683,FRENCH BLUE METAL DOOR SIGN 8,734.32,586,82,1.278780487804878,8.955121951219512,25.0,0.034045102952391326,False
22683,"FRENCH BLUE METAL DOOR SIGN, 8",558.75,447,54,1.25,10.347222222222221,62.5,0.11185682326621924,False
22684,FRENCH BLUE METAL DOOR SIGN 9,594.4,476,65,1.249076923076923,9.144615384615385,25.0,0.042059219380888295,False
22684,"FRENCH BLUE METAL DOOR SIGN, 9",552.5,442,49,1.25,11.275510204081632,62.5,0.11312217194570136,False
22685,FRENCH BLUE METAL DOOR SIGN 0,695.65,557,73,1.2491780821917808,9.52945205479452,50.0,0.07187522461007691,False
22685,"FRENCH BLUE METAL DOOR SIGN, 0",575.0,460,53,1.25,10.849056603773585,62.5,0.10869565217391304,False
22686,FRENCH BLUE METAL DOOR SIGN No,1044.7,897,80,1.2550000000000001,13.05875,101.76,0.09740595386235283,False
22686,"FRENCH BLUE METAL DOOR SIGN, No",406.25,325,34,1.25,11.948529411764707,45.0,0.11076923076923077,False
22687,DOORMAT CHRISTMAS VILLAGE,4966.929999999999,837,113,8.035929203539823,43.955132743362824,2061.0,0.4149444425429793,False
22688,DOORMAT PEACE ON EARTH BLUE,4621.360000000001,856,85,7.836705882352941,54.36894117647059,2748.0,0.5946301521629995,False
22689,DOORMAT MERRY CHRISTMAS RED ,6817.64,952,209,8.253238095238096,32.62028708133971,916.0,0.1343573435969045,False
22690,DOORMAT HOME SWEET HOME BLUE ,15281.27,2487,398,7.724360902255639,38.395150753768846,1374.0,0.08991399275060254,False
22691,DOORMAT WELCOME SUNRISE,3937.21,575,179,7.768379888268156,21.99558659217877,458.0,0.11632602782173163,False
22692,DOORMAT WELCOME TO OUR HOME,12438.76,1792,458,7.829170305676857,27.15886462882096,1374.0,0.11046117137077972,False
22693,GROW A FLYTRAP OR SUNFLOWER IN TIN,18708.98,17170,279,1.2355,67.05727598566308,2256.0,0.12058380521011836,False
22694,WICKER STAR ,8767.800000000001,4248,715,2.096206896551724,12.262657342657343,111.0,0.012659960309313623,False
22695,WICKER WREATH SMALL,1822.02,1378,184,1.3874603174603175,9.902282608695652,60.0,0.03293048374880627,False
22696,WICKER WREATH LARGE,2577.2599999999998,1360,245,1.9676190476190476,10.51942857142857,79.19999999999999,0.030730310484778405,False
22697,GREEN REGENCY TEACUP AND SAUCER,23027.54,8326,924,2.9291025641025645,24.921580086580086,489.59999999999997,0.021261498188690584,False
22697,TEACUP AND SAUCER REGENCY GREEN,451.3,166,13,2.8576923076923078,34.715384615384615,168.29999999999998,0.3729226678484378,False
22698,PINK REGENCY TEACUP AND SAUCER,19801.14,7218,733,2.9257859078590784,27.01383356070941,748.8,0.03781600453307234,False
22698,TEACUP AND SAUCER REGENCY PINK,368.7,138,9,2.816666666666667,40.96666666666667,168.29999999999998,0.4564686737184703,False
22699,ROSES REGENCY TEACUP AND SAUCER ,31634.9,11626,1046,2.916203966005666,30.24369024856597,1958.3999999999999,0.06190631233226594,False
22699,TEACUP AND SAUCER REGENCY ROSES,551.4,204,14,2.835714285714286,39.385714285714286,168.29999999999998,0.30522306855277476,False
22700,BLACK AND WHITE DOG BOWL,3082.97,1355,90,2.6333333333333333,34.25522222222222,1788.48,0.5801159271741211,False
22701,PINK DOG BOWL,911.7800000000001,536,83,2.5011904761904766,10.985301204819278,119.52,0.13108425278027594,False
22702,BLACK AND WHITE CAT BOWL,3093.8499999999995,1571,82,1.9385542168674699,37.72987804878048,2131.2,0.6888504613992276,False
22703,PINK CAT BOWL,547.9200000000001,310,74,1.8358108108108107,7.4043243243243255,72.0,0.13140604467805517,False
22704,WRAP RED APPLES ,3532.0,8600,291,0.41890034364261164,12.137457044673539,136.0,0.03850509626274066,False
22705,WRAP GREEN PEARS ,1543.5,3675,146,0.42,10.571917808219178,21.0,0.013605442176870748,False
22706,WRAP COWBOYS  ,1669.3,4165,122,0.41737704918032786,13.682786885245902,136.0,0.08147127538489188,False
22707,WRAP MONSTER FUN ,903.0,2150,81,0.41999999999999993,11.148148148148149,21.0,0.023255813953488372,False
22708,WRAP DOLLY GIRL,2119.5,5275,157,0.41847133757961785,13.5,272.0,0.12833215380986082,False
22709,WRAP WEDDING DAY,1079.0,2750,75,0.4149333333333333,14.386666666666667,72.0,0.06672845227062095,False
22710,WRAP I LOVE LONDON ,2745.68,7004,164,0.41573170731707315,16.741951219512195,216.0,0.07866903644998689,False
22711,WRAP CIRCUS PARADE,2168.34,5277,177,0.4190960451977401,12.250508474576272,136.0,0.0627207910198585,False
22712,CARD DOLLY GIRL ,2762.19,6972,342,0.4277777777777777,8.076578947368422,129.6,0.04691929230067446,False
22713,CARD I LOVE LONDON ,2205.88,5605,239,0.41916666666666663,9.229623430962343,172.79999999999998,0.07833608355848912,False
22714,CARD BIRTHDAY COWBOY,1975.8899999999999,4989,249,0.41871485943775094,7.935301204819277,180.0,0.09109818866434873,False
22715,CARD WEDDING DAY,1081.08,2646,168,0.41785714285714287,6.435,51.839999999999996,0.04795204795204795,False
22716,CARD CIRCUS PARADE,2061.39,5008,340,0.4220294117647058,6.062911764705882,51.839999999999996,0.025148079693798845,False
22717,CARD DOG AND BALL ,944.28,2310,151,0.4188079470198675,6.2535099337748346,103.67999999999999,0.10979794128860083,False
22718,CARD CAT AND TREE ,1005.12,2424,168,0.41892857142857143,5.982857142857143,25.919999999999998,0.025787965616045842,False
22719,"GUMBALL COATHOOK., BLACK & WHITE ",25.0,20,4,1.25,6.25,17.5,0.7,False
22719,GUMBALL MONOCHROME COAT RACK,1315.1100000000001,1167,105,1.210566037735849,12.524857142857144,76.32000000000001,0.05803316832812464,False
22720,SET OF 3 CAKE TINS PANTRY DESIGN ,32572.45,6857,1134,4.953675438596492,28.723500881834216,3170.16,0.09732642156177997,False
22721,SET OF 3 CAKE TINS SKETCHBOOK,3942.82,908,246,4.831295546558704,16.027723577235772,408.0,0.10347923567395924,False
22722,SET OF 6 SPICE TINS PANTRY DESIGN,20365.100000000002,5330,649,3.9167678300455235,31.379198767334366,3621.0,0.17780418460994543,False
22723,SET OF 6 HERB TINS SKETCHBOOK,3678.2400000000002,1052,234,3.7463713080168777,15.71897435897436,331.20000000000005,0.09004306407412241,False
22725,ALARM CLOCK BAKELIKE CHOCOLATE,8199.09,2221,414,3.786626794258373,19.804565217391303,339.0,0.04134605181794565,False
22726,ALARM CLOCK BAKELIKE GREEN,24696.46,6659,1038,3.781248808388942,23.792350674373797,1017.0,0.04117999097846412,False
22727,ALARM CLOCK BAKELIKE RED ,30399.91,8430,1140,3.76143598615917,26.666587719298246,1853.8000000000002,0.060980443692103044,False
22728,ALARM CLOCK BAKELIKE PINK,21171.23,5780,766,3.777909677419355,27.63868146214099,1695.0,0.08006147965895227,False
22729,ALARM CLOCK BAKELIKE ORANGE,10184.19,2766,495,3.7612175648702593,20.574121212121213,1017.0,0.09986066638583922,False
22730,ALARM CLOCK BAKELIKE IVORY,12767.75,3402,613,3.7518993506493508,20.828303425774877,1020.0,0.0798887822834877,False
22731,3D CHRISTMAS STAMPS STICKERS ,2175.18,1742,169,1.3111046511627906,12.870887573964495,114.48,0.052630127161890056,False
22731,3D STICKERS CHRISTMAS STAMPS,1112.0,920,33,1.2384848484848483,33.696969696969695,106.0,0.09532374100719425,False
22732,3D STICKERS VINTAGE CHRISTMAS,1268.0,1060,38,1.24,33.36842105263158,212.0,0.167192429022082,False
22732,3D VINTAGE CHRISTMAS STICKERS ,2995.59,2407,205,1.3051674641148323,14.612634146341463,114.48,0.03821617778133857,False
22733,3D STICKERS TRADITIONAL CHRISTMAS ,1162.0,960,35,1.239142857142857,33.2,106.0,0.09122203098106713,False
22733,3D TRADITIONAL CHRISTMAS STICKERS,2893.04,2296,217,1.3036486486486487,13.331981566820277,114.48,0.03957083206592374,False
22734,SET OF 6 RIBBONS VINTAGE CHRISTMAS,21403.47,8819,595,2.728202614379085,35.97221848739496,2073.6,0.09688148697384115,False
22735,RIBBON REEL SOCKS AND MITTENS,2146.38,1318,159,1.698447204968944,13.499245283018869,174.0,0.08106672630195957,False
22736,RIBBON REEL MAKING SNOWMEN ,3697.31,2251,289,1.6880756013745704,12.793460207612457,174.0,0.0470612418217569,False
22736,"RIBBON REEL, MAKING SNOWMEN ",99.0,60,5,1.65,19.8,33.0,0.3333333333333333,False
22737,RIBBON REEL CHRISTMAS PRESENT ,4859.54,2958,379,1.6911458333333333,12.822005277044855,174.0,0.0358058581676455,False
22738,RIBBON REEL SNOWY VILLAGE,6224.68,3872,349,1.6735428571428572,17.835759312320917,174.0,0.027953244182833493,False
22739,RIBBON REEL CHRISTMAS SOCK BAUBLE,4877.34,2934,379,1.6995584415584413,12.868970976253298,174.0,0.035675183604177686,False
22739,"RIBBON REEL, XMAS SOCK/BAUBLE",957.0,580,45,1.65,21.266666666666666,99.0,0.10344827586206896,False
22740,POLKA DOT PEN,1060.8,1248,24,0.85,44.199999999999996,81.6,0.07692307692307693,False
22740,POLKADOT PEN,9276.83,11303,180,0.8442222222222223,51.53794444444444,829.4399999999999,0.08940985228790438,False
22740,POLKADOT PENS,40.8,48,1,0.85,40.8,40.8,1.0,False
22741,FUNKY DIVA PEN,8628.76,10246,195,0.8526666666666666,44.25005128205128,414.71999999999997,0.0480625257858603,False
22742,MAKE YOUR OWN PLAYTIME CARD KIT,2221.5400000000004,958,160,2.7741975308641975,13.884625000000003,122.39999999999999,0.0550969147528291,False
22743,MAKE YOUR OWN FLOWERPOWER CARD KIT,3316.8100000000004,1303,262,2.8713382899628255,12.659580152671758,122.39999999999999,0.036902927813169874,False
22744,MAKE YOUR OWN MONSOON CARD KIT,3325.7900000000004,1329,251,2.7960937500000003,13.250159362549802,122.39999999999999,0.036803285835846515,False
22745,POPPY'S PLAYHOUSE BEDROOM ,6792.85,3317,554,2.1068449197860963,12.261462093862816,555.0,0.08170355594485378,False
22746,POPPY'S PLAYHOUSE LIVINGROOM ,5266.820000000001,2577,458,2.1137284482758623,11.499606986899565,555.0,0.10537667890681662,False
22747,POPPY'S PLAYHOUSE BATHROOM,3789.0000000000005,1870,327,2.0954682779456193,11.587155963302754,555.0,0.14647664291369752,False
22748,POPPY'S PLAYHOUSE KITCHEN,7164.710000000001,3485,613,2.1130818619582663,11.687944535073411,555.0,0.07746300966822103,False
22749,FELTCRAFT PRINCESS CHARLOTTE DOLL,12404.08,3406,621,3.7497784810126586,19.974363929146538,488.16,0.03935479293909746,False
22750,FELTCRAFT PRINCESS LOLA DOLL,11057.01,3029,595,3.75775,18.583210084033613,488.16,0.04414936768620088,False
22751,FELTCRAFT PRINCESS OLIVIA DOLL,7942.79,2189,412,3.7752884615384614,19.27861650485437,813.6,0.10243252056267382,False
22752,SET 7 BABUSHKA NESTING BOXES,23912.49,3054,561,8.414956063268892,42.62475935828877,734.4000000000001,0.03071198357009245,False
22753,SMALL YELLOW BABUSHKA NOTEBOOK ,1651.8899999999999,2164,330,0.8095522388059702,5.005727272727272,51.839999999999996,0.031382234894575305,False
22754,SMALL RED BABUSHKA NOTEBOOK ,2625.6099999999997,3659,378,0.806036745406824,6.9460582010582,155.51999999999998,0.0592319499087831,False
22755,SMALL PURPLE BABUSHKA NOTEBOOK ,2614.3999999999996,3531,394,0.8189552238805969,6.635532994923857,69.12,0.02643818849449205,False
22756,LARGE YELLOW BABUSHKA NOTEBOOK ,1216.21,1115,171,1.1712280701754385,7.11233918128655,90.0,0.07400037822415537,False
22757,LARGE RED BABUSHKA NOTEBOOK ,2702.48,2531,223,1.1777433628318585,12.118744394618835,381.6,0.1412036351795388,False
22758,LARGE PURPLE BABUSHKA NOTEBOOK  ,2277.14,2274,220,1.1677578475336323,10.350636363636363,305.28000000000003,0.13406290346662922,False
22759,SET OF 3 NOTEBOOKS IN PARCEL,14095.499999999998,8834,632,1.6666666666666667,22.30300632911392,974.4,0.06912844524848356,False
22760,"TRAY, BREAKFAST IN BED",3915.45,327,101,12.518316831683167,38.76683168316831,591.3,0.1510171244684519,False
22761,CHEST 7 DRAWER MA CAMPAGNE,1039.85,43,31,24.562903225806448,33.54354838709677,87.8,0.08443525508486802,False
22762,CUPBOARD 3 DRAWER MA CAMPAGNE,2286.85,159,103,14.800485436893203,22.202427184466018,102.0,0.0446028379648862,False
22763,KEY CABINET MA CAMPAGNE,5019.9400000000005,638,116,9.885172413793102,43.27534482758621,2766.2400000000002,0.5510504109610872,True
22764,"RUSTIC WOODEN CABINET, GLASS DOORS",3268.77,177,23,23.465652173913046,142.1204347826087,1688.0,0.516402194097474,False
22765,NEWSPAPER STAND,3195.35,299,41,14.46,77.93536585365854,1028.56,0.32189275040292925,False
22766,PHOTO FRAME CORNICE,12129.730000000001,4195,578,2.9519449225473324,20.985692041522494,1331.2,0.10974687812506956,False
22767,TRIPLE PHOTO FRAME CORNICE ,8667.48,940,272,9.862600732600733,31.865735294117645,860.16,0.09923991748466683,False
22768,FAMILY PHOTO FRAME CORNICE,9944.939999999999,1077,308,9.900485436893204,32.28876623376623,860.16,0.08649222619744314,False
22769,CHALKBOARD KITCHEN ORGANISER,2804.65,147,29,24.257241379310347,96.71206896551725,1686.0,0.6011445278376981,False
22770,MIRROR CORNICE,1372.75,93,59,14.912711864406779,23.266949152542374,102.0,0.07430340557275542,False
22771,CLEAR DRAWER KNOB ACRYLIC EDWARDIAN,7880.86,6518,381,1.2461953727506425,20.684671916010497,203.52,0.025824592747492027,False
22771,DRAWER KNOB ACRYLIC EDWARDIAN CLEAR,30.0,24,1,1.25,30.0,30.0,1.0,False
22772,DRAWER KNOB ACRYLIC EDWARDIAN PINK,15.0,12,1,1.25,15.0,15.0,1.0,False
22772,PINK DRAWER KNOB ACRYLIC EDWARDIAN,4463.16,3773,213,1.2488317757009346,20.95380281690141,203.52,0.04559997849057619,False
22773,DRAWER KNOB ACRYLIC EDWARDIAN GREEN,15.0,12,1,1.25,15.0,15.0,1.0,False
22773,GREEN DRAWER KNOB ACRYLIC EDWARDIAN,2561.46,2106,170,1.2504597701149427,15.067411764705883,163.2,0.06371366330139841,False
22774,RED DRAWER KNOB ACRYLIC EDWARDIAN,2883.71,2455,134,1.2435555555555555,21.520223880597015,203.52,0.07057575137583183,False
22775,DRAWERKNOB ACRYLIC EDWARDIAN PURPLE,15.0,12,1,1.25,15.0,15.0,1.0,False
22775,PURPLE DRAWERKNOB ACRYLIC EDWARDIAN,3517.56,2891,181,1.2572727272727273,19.43403314917127,203.52,0.05785828813154573,False
22776,"CAKESTAND, 3 TIER, LOVEHEART",283.6,32,6,9.466666666666667,47.26666666666667,102.0,0.35966149506346967,False
22776,SWEETHEART 3 TIER CAKE STAND ,2022.35,205,119,9.937916666666666,16.99453781512605,102.0,0.05043637352584864,False
22776,SWEETHEART CAKESTAND 3 TIER,11233.6,1194,448,9.830245535714285,25.075,204.0,0.018159806295399514,False
22777,GLASS BELL JAR LARGE,17.0,2,1,8.5,17.0,17.0,1.0,False
22777,GLASS CLOCHE LARGE,3275.9,414,74,8.385135135135135,44.26891891891892,833.85,0.2545407368967307,False
22778,GLASS BELL JAR SMALL,7.9,2,1,3.95,7.9,7.9,1.0,False
22778,GLASS CLOCHE SMALL,3012.79,821,142,3.885675675675676,21.216830985915493,162.72,0.05400973848160675,False
22779,WOODEN OWLS LIGHT GARLAND ,6542.1,1714,189,4.197708333333334,34.614285714285714,674.0,0.10302502254627718,False
22780,LIGHT GARLAND BUTTERFILES PINK,6052.84,1596,174,4.1951136363636365,34.7864367816092,674.0,0.11135268733354921,False
22781,GUMBALL MAGAZINE RACK,5266.79,717,217,7.663899082568808,24.270921658986175,162.0,0.03075877337049702,False
22782,SET 3 WICKER STORAGE BASKETS ,3712.2999999999997,254,84,19.985714285714284,44.194047619047616,318.4,0.08576893031274412,False
22783,SET 3 WICKER OVAL BASKETS W LIDS,6277.17,481,44,15.383181818181818,142.66295454545454,2496.0,0.3976314167052987,False
22784,LANTERN CREAM GAZEBO ,6686.62,1422,318,4.955919003115265,21.027106918238992,204.0,0.030508687498317536,False
22785,CUSHION COVER PINK UNION FLAG,643.35,101,22,6.713636363636363,29.24318181818182,285.6,0.44392632315224995,False
22785,SQUARECUSHION COVER PINK UNION FLAG,725.8,108,44,6.7318181818181815,16.495454545454546,40.5,0.05580049600440893,False
22785,SQUARECUSHION COVER PINK UNION JACK,382.14,150,29,6.103793103448275,13.177241379310344,60.0,0.15701051970482022,False
22786,CUSHION COVER PINK UNION JACK,903.89,163,58,5.940666666666667,15.584310344827585,49.5,0.05476330084412927,False
22786,PILLOWCUSHION COVER PINK UNION JACK,303.45,51,17,5.95,17.849999999999998,35.7,0.11764705882352942,False
22788,BROCANTE COAT RACK,3553.15,453,65,9.785538461538462,54.66384615384616,1356.0,0.38163319871100293,False
22789,T-LIGHT HOLDER SWEETHEART HANGING,2290.14,1200,180,1.9741304347826087,12.722999999999999,59.4,0.025937278943645368,False
22790,"MIRROR, ARCHED GEORGIAN",3884.0000000000005,200,1,19.42,3884.0000000000005,3884.0000000000005,1.0,False
22791,T-LIGHT GLASS FLUTED ANTIQUE,9776.630000000001,8508,329,1.234151515151515,29.71620060790274,152.64000000000001,0.015612741813897017,False
22792,FLUTED ANTIQUE CANDLE HOLDER,2411.0499999999997,2939,170,0.8607058823529411,14.182647058823528,103.67999999999999,0.043002011571721864,False
22794,SWEETHEART WIRE MAGAZINE RACK,2811.75,357,181,7.936740331491713,15.534530386740332,81.0,0.02880768204854628,False
22795,SWEETHEART RECIPE BOOK STAND,9311.9,1442,399,6.69044665012407,23.33809523809524,285.6,0.030670432457393232,False
22796,PHOTO FRAME 3 CLASSIC HANGING,6924.7,713,280,9.903723404255318,24.73107142857143,204.0,0.029459759989602437,False
22797,CHEST OF DRAWERS GINGHAM HEART ,3333.39,199,112,17.006607142857142,29.762410714285714,508.5,0.1525474066940862,False
22798,ANTIQUE GLASS DRESSING TABLE POT,6074.96,2120,257,2.9675875486381327,23.637976653696498,306.0,0.05037070202931377,False
22799,SWEETHEART WIRE FRUIT BOWL,1844.6000000000001,240,96,8.184375000000001,19.214583333333334,91.80000000000001,0.04976688713000109,False
22800,ANTIQUE TALL SWIRLGLASS TRINKET POT,3664.63,991,188,3.783723404255319,19.492712765957446,433.92,0.11840758821490846,False
22801,ANTIQUE GLASS PEDESTAL BOWL,4041.57,1108,225,3.7603030303030303,17.962533333333333,271.2,0.0671026358568576,False
22802,FAUX FUR CHOCOLATE THROW,1454.7,86,46,18.515217391304347,31.62391304347826,101.69999999999999,0.06991132192204577,False
22803,IVORY EMBROIDERED QUILT ,1915.65,51,30,38.41,63.855000000000004,178.75,0.09331036462819409,False
22804,CANDLEHOLDER PINK HANGING HEART,10525.75,3729,517,2.9309315589353613,20.35928433268859,933.1200000000001,0.08865116500011877,False
22804,PINK HANGING HEART T-LIGHT HOLDER,1056.3300000000002,659,65,3.195846153846154,16.251230769230773,320.0,0.3029356356441642,False
22805,BLUE DRAWER KNOB ACRYLIC EDWARDIAN,2250.43,1835,146,1.246095890410959,15.41390410958904,203.52,0.09043604999933347,False
22806,SET OF 6 T-LIGHTS WEDDING CAKE ,915.7,358,42,2.7285714285714286,21.802380952380954,122.39999999999999,0.13366823195369662,False
22807,SET OF 6 T-LIGHTS TOADSTOOLS,3205.7900000000004,1173,181,2.849677419354839,17.71154696132597,183.6,0.057271374606571224,False
22808,SET OF 6 T-LIGHTS EASTER CHICKS,1045.8000000000002,376,61,2.859836065573771,17.14426229508197,122.39999999999999,0.11703958691910496,False
22809,SET OF 6 T-LIGHTS SANTA,6939.460000000001,2410,325,3.035609756097561,21.35218461538462,183.6,0.026457390056286795,False
22810,SET OF 6 T-LIGHTS SNOWMEN,5918.530000000001,2015,279,3.045177304964539,21.213369175627243,153.0,0.025851013680761942,False
22811,SET OF 6 T-LIGHTS CACTI ,2307.98,890,68,2.9927536231884058,33.94088235294117,244.79999999999998,0.10606677700846627,False
22812,PACK 3 BOXES CHRISTMAS PANETTONE,83.97,33,11,2.5445454545454544,7.633636363636364,16.52,0.1967369298559009,False
22812,PACK 3 BOXES CHRISTMAS PANNETONE,8010.95,4257,337,1.9970317002881846,23.771364985163203,237.6,0.029659403691197673,False
22813,PACK 3 BOXES BIRD PANETTONE ,340.33,177,14,2.551428571428571,24.309285714285714,158.39999999999998,0.4654306114653424,False
22813,PACK 3 BOXES BIRD PANNETONE ,6733.999999999999,3612,276,1.9781138790035588,24.398550724637676,316.79999999999995,0.047044847044847043,False
22814,CARD PARTY GAMES ,858.36,2126,135,0.4173333333333333,6.358222222222222,51.839999999999996,0.060394240178945895,False
22815,CARD PSYCHEDELIC APPLES,1060.44,2566,165,0.41854545454545455,6.426909090909091,25.919999999999998,0.024442684168835573,False
22816,CARD MOTORBIKE SANTA,2418.24,5900,297,0.41759197324414715,8.142222222222221,51.839999999999996,0.02143707820563716,False
22817,CARD SUKI BIRTHDAY,1056.84,2578,169,0.41786982248520704,6.253491124260354,25.919999999999998,0.02452594527080731,False
22818,CARD CHRISTMAS VILLAGE,2259.0,5430,284,0.41894366197183097,7.954225352112676,30.24,0.013386454183266932,False
22819,"BIRTHDAY CARD, RETRO SPOT",1052.64,2568,168,0.41821428571428565,6.265714285714286,51.839999999999996,0.04924760601915184,False
22820,GIFT BAG BIRTHDAY,760.6800000000001,1170,76,0.6523376623376624,10.008947368421053,124.80000000000001,0.16406373244991324,False
22821,GIFT BAG PSYCHEDELIC APPLES,834.96,1284,102,0.6535294117647058,8.185882352941176,31.200000000000003,0.03736705949985628,False
22822,CREAM WALL PLANTER HEART SHAPED,3157.51,560,168,5.93526627218935,18.794702380952383,396.0,0.1254152797615843,False
22823,CHEST NATURAL WOOD 20 DRAWERS,3655.0,32,18,117.5,203.05555555555554,440.0,0.12038303693570451,False
22824,3 TIER SWEETHEART GARDEN SHELF,2118.0,60,47,35.69468085106383,45.06382978723404,131.8,0.06222851746931068,False
22825,DECORATIVE PLANT POT WITH FRIEZE,703.5,90,31,7.911290322580645,22.693548387096776,67.5,0.09594882729211088,False
22826,LOVE SEAT ANTIQUE WHITE METAL,5650.0,54,38,110.52631578947368,148.68421052631578,510.0,0.09026548672566372,False
22827,GIANT SEVENTEEN DRAWER SIDEBOARD,1075.0,7,5,157.0,215.0,290.0,0.26976744186046514,False
22827,RUSTIC  SEVENTEEN DRAWER SIDEBOARD,5415.0,35,26,158.07692307692307,208.26923076923077,290.0,0.05355493998153278,False
22828,REGENCY MIRROR WITH SHUTTERS,2275.0,15,10,155.0,227.5,290.0,0.12747252747252746,False
22829,BROCANTE SHELF WITH HOOKS,9.95,1,1,9.95,9.95,9.95,1.0,False
22829,SWEETHEART WIRE WALL TIDY,2058.45,213,101,9.878217821782178,20.38069306930693,85.0,0.041293206053098205,False
22830,UTILTY CABINET WITH HOOKS,3623.2000000000003,178,16,24.37625,226.45000000000002,1914.2400000000002,0.5283285493486422,False
22831,WHITE BROCANTE SOAP DISH,2157.8500000000004,751,118,2.9466666666666668,18.286864406779664,367.2,0.1701693815603494,False
22832,BROCANTE SHELF WITH HOOKS,1677.7,158,72,10.727777777777778,23.30138888888889,159.2,0.09489181617690885,False
22832,SWEETHEART WIRE WALL TIDY,122.6,12,3,10.483333333333333,40.86666666666667,79.6,0.6492659053833605,False
22833,HALL CABINET WITH 3 DRAWERS,4013.59,118,11,43.27090909090909,364.8718181818182,2353.68,0.5864276121875925,False
22834,HAND WARMER BABUSHKA DESIGN,9478.43,6169,474,1.9755714285714288,19.99668776371308,326.4,0.03443608276898178,False
22834,MINI HAND WARMER BABUSHKA DESIGN,214.8,108,5,2.05,42.96,88.80000000000001,0.4134078212290503,False
22835,HOT WATER BOTTLE I AM SO POORLY,19857.48,4278,808,4.771827160493827,24.57608910891089,204.0,0.01027320687217109,False
22837,HOT WATER BOTTLE BABUSHKA ,13649.6,3056,352,4.618627450980393,38.77727272727273,1836.0,0.1345094361739538,False
22837,HOT WATER BOTTLE BABUSHKA LARGE,618.0,136,14,4.621428571428572,44.142857142857146,153.0,0.24757281553398058,False
22838,3 TIER CAKE TIN RED AND CREAM,9721.029999999999,711,206,14.76766990291262,47.18946601941747,1224.0,0.1259125833373624,False
22838,"CAKE TIN, 3 TIER RED/IVORY",353.5,26,8,14.399999999999999,44.1875,102.0,0.28854314002828857,False
22839,3 TIER CAKE TIN GREEN AND CREAM,6351.46,462,176,14.904915254237288,36.08784090909091,459.0,0.07226684888198934,False
22839,"CAKE TIN, 3 TIER MINT/IVORY",176.75,13,4,14.399999999999999,44.1875,102.0,0.5770862800565771,False
22840,"CAKE TIN, ROUND, VINTAGE RED,CREAM",413.1,58,9,7.5055555555555555,45.900000000000006,83.4,0.2018881626724764,False
22840,ROUND CAKE TIN VINTAGE RED,8996.98,1206,356,7.91,25.272415730337077,1000.8000000000001,0.11123732630282607,False
22841,"CAKE TIN, ROUND, VINTAGE MINT,IVORY",190.65,27,4,7.45,47.6625,83.4,0.4374508261211644,False
22841,ROUND CAKE TIN VINTAGE GREEN,5350.030000000001,705,276,7.9455072463768115,19.38416666666667,250.20000000000002,0.04676609290041364,False
22842,BISCUIT TIN VINTAGE RED,4702.55,741,204,6.656341463414634,23.05171568627451,285.6,0.060733006560270496,False
22842,"BISCUIT TIN, RED,IVORY, VINTAGE",230.55,37,7,6.521428571428571,32.93571428571429,71.4,0.3096942094990241,False
22843,BISCUIT TIN VINTAGE GREEN,3491.28,558,156,6.694177215189874,22.380000000000003,285.6,0.08180380834536331,False
22843,"BISCUIT TIN, MINT,IVORY, VINTAGE",6.75,1,1,6.75,6.75,6.75,1.0,False
22844,"DOG FOOD CONTAINER , VINTAGE",85.0,10,3,8.5,28.333333333333332,51.0,0.6,False
22844,VINTAGE CREAM DOG FOOD CONTAINER,7888.6,961,355,8.519157303370786,22.221408450704228,459.0,0.058185229318256725,False
22844,VINTAGE DOG FOOD CONTAINER,308.64,36,6,8.61,51.44,204.0,0.6609642301710731,False
22845,"CAT FOOD CONTAINER , VINTAGE",63.49999999999999,10,3,6.349999999999999,21.166666666666664,38.099999999999994,0.6,False
22845,VINTAGE CAT FOOD CONTAINER,218.14,34,5,6.462000000000001,43.628,152.39999999999998,0.6986339048317594,False
22845,VINTAGE CREAM CAT FOOD CONTAINER,4888.04,817,286,6.363923611111111,17.09104895104895,256.2,0.052413646369505976,False
22846,BREAD BIN DINER STYLE RED ,11445.41,744,297,16.335353535353534,38.53673400673401,466.8,0.040784908535386674,False
22846,"BREAD BIN, DINER STYLE, RED ",50.849999999999994,3,2,16.95,25.424999999999997,33.9,0.6666666666666667,False
22847,BREAD BIN DINER STYLE IVORY,15706.74,1010,420,16.49304761904762,37.397,478.4,0.03045826186719841,False
22847,"BREAD BIN, DINER STYLE, IVORY",608.0,40,9,15.616666666666665,67.55555555555556,179.39999999999998,0.29506578947368417,False
22848,BREAD BIN DINER STYLE PINK,5148.55,338,125,16.17984,41.1884,348.90000000000003,0.06776665274688991,False
22848,"BREAD BIN, DINER STYLE, PINK",112.64999999999999,7,3,16.28333333333333,37.55,44.849999999999994,0.3981358189081225,False
22849,BREAD BIN DINER STYLE MINT,5550.71,361,146,16.283424657534248,38.01856164383562,372.16,0.06704727863642669,False
22849,"BREAD BIN, DINER STYLE, MINT",136.54999999999998,9,3,15.616666666666665,45.51666666666666,59.8,0.43793482240937387,False
22851,SET 20 NAPKINS FAIRY CAKES DESIGN ,3865.56,4914,448,0.8530196936542669,8.628482142857143,69.12,0.017880979728680968,False
22852,DOG BOWL VINTAGE CREAM,1857.17,439,136,4.245367647058823,13.655661764705883,90.0,0.04846083018786648,False
22852,"DOG BOWL, ENAMEL , CREAM COLOUR",34.0,8,2,4.25,17.0,17.0,0.5,False
22852,ENAMEL DOG BOWL CREAM,300.48,76,3,4.206666666666667,100.16000000000001,180.0,0.5990415335463258,False
22853,CAT BOWL VINTAGE CREAM,1706.7,530,122,3.2434426229508198,13.989344262295083,66.0,0.038671119704693266,False
22853,"CAT BOWL, ENAMEL , CREAM COLOUR",39.0,12,2,3.25,19.5,19.5,0.5,False
22853,ENAMEL CAT BOWL CREAM,157.8,52,3,3.15,52.6,78.0,0.494296577946768,False
22854,CREAM SWEETHEART EGG HOLDER,5148.25,1087,216,4.917889908256881,23.83449074074074,408.0,0.0792502306609042,False
22855,FINE WICKER HEART ,5526.56,4600,344,1.238022922636103,16.06558139534884,101.76,0.018412900610868244,False
22856,ASSORTED EASTER DECORATIONS  BELLS,954.3100000000001,851,26,1.2353846153846153,36.70423076923077,305.28000000000003,0.3198960505496118,False
22857,ASSORTED EASTER GIFT TAGS,1004.66,1226,62,0.8458064516129032,16.204193548387096,103.67999999999999,0.10319909223020723,False
22858,EASTER TIN KEEPSAKE,1710.6,1076,112,1.6446902654867257,15.273214285714285,156.6,0.09154682567520168,False
22859,EASTER TIN BUNNY BOUQUET,1842.6,1156,128,1.6453846153846152,14.3953125,156.6,0.08498860306089222,False
22860,EASTER TIN CHICKS PINK DAISY,932.2499999999999,565,87,1.65,10.71551724137931,99.0,0.10619469026548674,False
22861,EASTER TIN CHICKS IN GARDEN,481.79999999999995,292,38,1.65,12.678947368421051,79.19999999999999,0.1643835616438356,False
22862,LOVE HEART NAPKIN BOX ,2976.0,704,182,4.2472972972972975,16.35164835164835,120.0,0.04032258064516129,False
22863,SOAP DISH BROCANTE,2964.55,1057,147,2.9283783783783788,20.16700680272109,122.39999999999999,0.04128788517650233,False
22864,MUG AND COASTER SET RED CIRCLES,158.76,378,2,0.42,79.38,138.6,0.873015873015873,False
22865,HAND WARMER OWL DESIGN,27250.280000000002,13549,1051,2.1029981718464352,25.927954329210277,888.0,0.03258682112624164,False
22866,HAND WARMER SCOTTY DOG DESIGN,23202.36,11544,936,2.0899388379204895,24.788846153846155,515.52,0.02221842950458488,False
22867,HAND WARMER BIRD DESIGN,21996.13,10918,904,2.100427807486631,24.33200221238938,355.20000000000005,0.01614829517737893,False
22868,NUMBER TILE COTTAGE GARDEN 0 ,107.25,55,12,1.95,8.9375,15.6,0.14545454545454545,False
22868,"NUMBER TILE COTTAGE GARDEN, 0 ",109.19999999999999,56,2,1.95,54.599999999999994,93.6,0.8571428571428572,False
22869,NUMBER TILE COTTAGE GARDEN 1,136.5,70,20,1.95,6.825,15.6,0.11428571428571428,False
22869,"NUMBER TILE COTTAGE GARDEN, 1",120.89999999999999,62,6,1.95,20.15,93.6,0.7741935483870968,False
22870,NUMBER TILE COTTAGE GARDEN 2,134.54999999999998,69,17,1.9500000000000002,7.914705882352941,15.6,0.11594202898550726,False
22870,"NUMBER TILE COTTAGE GARDEN, 2",109.19999999999999,56,2,1.95,54.599999999999994,93.6,0.8571428571428572,False
22871,NUMBER TILE COTTAGE GARDEN 3 ,101.39999999999999,52,10,1.95,10.139999999999999,15.6,0.15384615384615385,False
22871,"NUMBER TILE COTTAGE GARDEN, 3 ",109.19999999999999,56,2,1.95,54.599999999999994,93.6,0.8571428571428572,False
22872,NUMBER TILE COTTAGE GARDEN 4,115.05,59,16,1.95,7.190625,15.6,0.13559322033898305,False
22872,"NUMBER TILE COTTAGE GARDEN, 4",109.19999999999999,56,2,1.95,54.599999999999994,93.6,0.8571428571428572,False
22873,NUMBER TILE COTTAGE GARDEN 5,97.5,50,15,1.95,6.5,15.6,0.16,False
22873,"NUMBER TILE COTTAGE GARDEN, 5",111.14999999999999,57,3,1.95,37.05,93.6,0.8421052631578948,False
22874,NUMBER TILE COTTAGE GARDEN 6,113.1,58,15,1.95,7.54,15.6,0.13793103448275862,False
22874,"NUMBER TILE COTTAGE GARDEN, 6",109.19999999999999,56,2,1.95,54.599999999999994,93.6,0.8571428571428572,False
22875,NUMBER TILE COTTAGE GARDEN 7,105.3,54,16,1.95,6.58125,15.6,0.14814814814814814,False
22875,"NUMBER TILE COTTAGE GARDEN, 7",109.19999999999999,56,2,1.95,54.599999999999994,93.6,0.8571428571428572,False
22876,NUMBER TILE COTTAGE GARDEN 8,101.39999999999999,52,11,1.95,9.218181818181817,15.6,0.15384615384615385,False
22876,"NUMBER TILE COTTAGE GARDEN, 8",109.19999999999999,56,2,1.95,54.599999999999994,93.6,0.8571428571428572,False
22877,NUMBER TILE COTTAGE GARDEN 9,117.0,60,16,1.95,7.3125,15.6,0.13333333333333333,False
22877,"NUMBER TILE COTTAGE GARDEN, 9",109.2,56,3,1.95,36.4,93.6,0.8571428571428571,False
22878,NUMBER TILE COTTAGE GARDEN No,115.50000000000001,55,13,2.1,8.884615384615385,21.0,0.1818181818181818,False
22878,"NUMBER TILE COTTAGE GARDEN, No",88.20000000000002,42,2,2.1,44.10000000000001,75.60000000000001,0.8571428571428571,False
22879,NUMBER TILE VINTAGE FONT 0,71.29,63,9,1.6344444444444444,7.921111111111112,34.72,0.4870248281666432,False
22879,"NUMBER TILE VINTAGE FONT, 0",17.36,8,1,2.17,17.36,17.36,1.0,False
22880,NUMBER TILE VINTAGE FONT 1,90.78999999999999,73,13,1.7315384615384615,6.983846153846153,34.72,0.38242097147262916,False
22880,"NUMBER TILE VINTAGE FONT, 1",17.36,8,1,2.17,17.36,17.36,1.0,False
22881,NUMBER TILE VINTAGE FONT 2,106.39,81,14,1.747142857142857,7.599285714285714,34.72,0.3263464611335652,False
22881,"NUMBER TILE VINTAGE FONT, 2",17.36,8,1,2.17,17.36,17.36,1.0,False
22882,NUMBER TILE VINTAGE FONT 3,123.94,90,24,1.8316666666666668,5.164166666666667,34.72,0.2801355494594158,False
22882,"NUMBER TILE VINTAGE FONT, 3",17.36,8,1,2.17,17.36,17.36,1.0,False
22883,NUMBER TILE VINTAGE FONT 4,98.59,77,10,1.666,9.859,34.72,0.3521655340298204,False
22883,"NUMBER TILE VINTAGE FONT, 4",17.36,8,1,2.17,17.36,17.36,1.0,False
22884,NUMBER TILE VINTAGE FONT 5,100.53999999999999,78,18,1.7922222222222222,5.585555555555555,34.72,0.34533518997413964,False
22884,"NUMBER TILE VINTAGE FONT, 5",17.36,8,1,2.17,17.36,17.36,1.0,False
22885,NUMBER TILE VINTAGE FONT 6 ,112.24,84,15,1.7606666666666666,7.482666666666666,34.72,0.30933713471133284,False
22885,"NUMBER TILE VINTAGE FONT, 6 ",17.36,8,1,2.17,17.36,17.36,1.0,False
22886,NUMBER TILE VINTAGE FONT 7,92.74,74,13,1.7315384615384615,7.133846153846154,34.72,0.37437998706059955,False
22886,"NUMBER TILE VINTAGE FONT, 7",17.36,8,1,2.17,17.36,17.36,1.0,False
22887,NUMBER TILE VINTAGE FONT 8,84.94,70,13,1.7315384615384615,6.533846153846154,34.72,0.40875912408759124,False
22887,"NUMBER TILE VINTAGE FONT, 8",17.36,8,1,2.17,17.36,17.36,1.0,False
22888,NUMBER TILE VINTAGE FONT 9 ,77.14,66,10,1.666,7.714,34.72,0.45009074410163336,False
22889,NUMBER TILE VINTAGE FONT No ,160.38,145,8,1.77125,20.0475,72.0,0.4489337822671156,False
22889,"NUMBER TILE VINTAGE FONT, No ",21.3,9,2,2.25,10.65,19.2,0.9014084507042253,False
22890,NOVELTY BISCUITS CAKE STAND 3 TIER,6697.42,717,220,9.909181818181818,30.442818181818183,408.0,0.0609189807418379,False
22891,TEA FOR ONE POLKADOT,2209.0099999999998,513,147,4.511224489795918,15.027278911564624,90.0,0.04074223294598033,False
22892,SALT AND PEPPER SHAKERS TOADSTOOLS,457.57,377,25,1.2424,18.3028,76.32000000000001,0.1667941517144918,False
22892,SET OF SALT AND PEPPER TOADSTOOLS,3638.8,2984,245,1.2445714285714287,14.852244897959185,76.32000000000001,0.020973947455205012,False
22893,MINI CAKE STAND T-LIGHT HOLDER,810.66,1985,93,0.4180851063829787,8.716774193548387,103.67999999999999,0.1278957886166827,False
22894,TABLECLOTH RED APPLES DESIGN ,4844.95,539,173,9.242285714285714,28.005491329479767,382.5,0.07894818315978494,False
22895,SET OF 2 TEA TOWELS APPLE AND PEARS,8074.04,2746,353,3.1080952380952387,22.872634560906516,275.0,0.03405977676603039,False
22896,PEG BAG APPLE DESIGN,866.6999999999999,384,28,2.4857142857142853,30.953571428571426,210.0,0.24229837313949465,False
22896,PEG BAG APPLES DESIGN,3767.77,1568,261,2.58615969581749,14.435900383141762,105.0,0.027867943106930623,False
22897,OVEN MITT APPLE DESIGN,468.65,337,30,1.4366666666666668,15.621666666666666,62.5,0.13336178384722075,False
22897,OVEN MITT APPLES DESIGN,2153.71,1507,214,1.53,10.064065420560748,83.75,0.03888638674659076,False
22898,CHILDRENS APRON APPLE DESIGN,520.5,290,25,1.9140000000000001,20.82,82.5,0.1585014409221902,False
22898,CHILDRENS APRON APPLES DESIGN,4932.65,2625,349,1.9465811965811965,14.133667621776503,165.0,0.0334505793032143,False
22899,CHILDREN'S APRON DOLLY GIRL ,5140.280000000001,2561,337,2.1173529411764704,15.25305637982196,185.0,0.035990257340067076,False
22899,CHILDRENS APRON DOLLY GIRL ,212.10000000000002,101,15,2.1,14.140000000000002,50.400000000000006,0.2376237623762376,False
22900, SET 2 TEA TOWELS I LOVE LONDON ,9327.0,3342,330,2.9914825581395346,28.263636363636362,1020.8,0.1094456952932347,False
22900,SET 2 TEA TOWELS I LOVE LONDON ,5726.0,1912,172,3.2234463276836154,33.2906976744186,550.0,0.09605309116311561,False
22902,TOTE BAG I LOVE LONDON,3041.1400000000003,1586,138,2.0589999999999997,22.037246376811595,202.79999999999998,0.06668551924607219,False
22903,CALENDAR FAMILY FAVORITES,59.0,20,4,2.95,14.75,23.6,0.4,False
22903,CALENDAR FAMILY FAVOURITES,985.88,364,48,2.814375,20.539166666666667,408.0,0.413843469793484,False
22904,CALENDAR PAPER CUT DESIGN,8224.390000000001,2873,396,2.96355,20.76866161616162,408.0,0.04960854239645736,False
22905,CALENDAR IN SEASON DESIGN,2541.6400000000003,935,143,2.852013888888889,17.773706293706297,204.0,0.0802631371870131,False
22906,12 MESSAGE CARDS WITH ENVELOPES,4629.0,2900,345,1.6434065934065931,13.417391304347825,174.0,0.037589112119248216,False
22907,PACK OF 20 NAPKINS PANTRY DESIGN,6338.469999999999,7909,672,0.8481007194244604,9.432247023809524,138.24,0.021809679623000507,False
22908,PACK OF 20 NAPKINS RED APPLES,4240.49,5423,410,0.8457894736842104,10.342658536585365,184.32,0.043466674841822525,False
22909,SET OF 20 VINTAGE CHRISTMAS NAPKINS,11790.949999999999,14906,884,0.8438833883388339,13.338178733031674,491.52,0.04168620849041002,False
22910,PAPER CHAIN KIT VINTAGE CHRISTMAS,43812.670000000006,16021,1223,2.922837510105093,35.823932951757975,816.0,0.018624749416093562,False
22911,PAPER CHAIN KIT LONDON,2263.4900000000002,807,141,2.955957446808511,16.05312056737589,204.0,0.09012630937181078,False
22912,YELLOW COAT RACK PARIS FASHION,1321.74,290,98,4.934040404040404,13.487142857142857,242.64000000000001,0.1835761950156612,False
22913,RED COAT RACK PARIS FASHION,1894.5900000000001,421,105,4.914952380952381,18.043714285714287,242.64000000000001,0.12806992541922,False
22914,BLUE COAT RACK PARIS FASHION,2404.44,524,149,4.925466666666667,16.137181208053693,242.64000000000001,0.10091331037580477,False
22915,ASSORTED BOTTLE TOP  MAGNETS ,1134.6,3000,139,0.40021428571428574,8.162589928057553,100.8,0.088841882601798,False
22916,HERB MARKER THYME,1189.8500000000001,1849,193,0.649492385786802,6.165025906735752,130.0,0.1092574694289196,False
22917,HERB MARKER ROSEMARY,1216.5,1890,197,0.6494949494949495,6.175126903553299,130.0,0.10686395396629675,False
22918,HERB MARKER PARSLEY,1140.6000000000001,1804,193,0.6489795918367347,5.909844559585493,110.00000000000001,0.09644046992810801,False
22919,HERB MARKER MINT,1091.0500000000002,1697,197,0.6494974874371859,5.538324873096448,66.0,0.060492186425919976,False
22920,HERB MARKER BASIL,1185.95,1843,193,0.6494871794871795,6.144818652849741,130.0,0.10961676293267,False
22921,HERB MARKER CHIVES ,1077.4,1676,172,0.6494219653179191,6.263953488372094,130.0,0.12066085019491367,False
22922,FRIDGE MAGNETS US DINER ASSORTED,1470.6,1806,96,0.8531249999999999,15.31875,86.39999999999999,0.05875152998776009,False
22923,FRIDGE MAGNETS LES ENFANTS ASSORTED,1070.9499999999998,1315,82,0.8452439024390244,13.060365853658535,86.39999999999999,0.08067603529576545,False
22924,FRIDGE MAGNETS LA VIE EN ROSE,1003.2499999999999,1217,79,0.8467499999999999,12.699367088607593,86.39999999999999,0.08612010964365811,False
22925,BLUE GIANT GARDEN THERMOMETER,2696.17,457,169,5.9824117647058825,15.953668639053255,178.20000000000002,0.06609375521573195,False
22926,IVORY GIANT GARDEN THERMOMETER,3688.1000000000004,638,199,5.935,18.53316582914573,178.20000000000002,0.04831756188823513,False
22927,GREEN GIANT GARDEN THERMOMETER,2415.1,418,139,5.935611510791367,17.374820143884893,178.20000000000002,0.07378576456461432,False
22928,YELLOW GIANT GARDEN THERMOMETER,1547.47,253,91,6.3682417582417585,17.005164835164834,178.20000000000002,0.11515570576489367,False
22929,SCHOOL DESK AND CHAIR ,1264.75,20,15,64.06,84.31666666666666,231.8,0.183277327535086,False
22930,BAKING MOULD HEART MILK CHOCOLATE,2311.52,944,144,2.568758620689655,16.052222222222223,201.60000000000002,0.08721533882466949,False
22931,BAKING MOULD HEART WHITE CHOCOLATE,1873.51,792,110,2.5514414414414412,17.031909090909092,302.40000000000003,0.16140826576853073,False
22932,BAKING MOULD TOFFEE CUP  CHOCOLATE,15.299999999999999,6,1,2.55,15.299999999999999,15.299999999999999,1.0,False
22932,BAKING MOULD TOFFEE CUP CHOCOLATE,1734.0,770,62,2.5064516129032253,27.967741935483872,302.40000000000003,0.17439446366782008,False
22933,BAKING MOULD EASTER EGG MILK CHOC,1934.4,720,89,2.931666666666667,21.734831460674158,306.0,0.15818858560794044,False
22934,BAKING MOULD EASTER EGG WHITE CHOC,1518.3500000000001,557,69,2.9152173913043478,22.00507246376812,183.6,0.1209207363256166,False
22935,BAKING MOULD ROSE MILK CHOCOLATE,1766.25,601,51,3.1715686274509802,34.63235294117647,198.0,0.11210191082802548,False
22936,BAKING MOULD ROSE WHITE CHOCOLATE,568.88,186,32,3.32,17.7775,198.0,0.3480523133173956,False
22937,BAKING MOULD CHOCOLATE CUP CAKES,30.599999999999998,12,2,2.55,15.299999999999999,15.299999999999999,0.5,False
22937,BAKING MOULD CHOCOLATE CUPCAKES,2325.74,902,132,2.6147407407407406,17.619242424242422,142.79999999999998,0.061399812532785265,False
22937,BAKING MOULD CUPCAKE CHOCOLATE,30.599999999999998,12,1,2.55,30.599999999999998,30.599999999999998,1.0,False
22938,CUPCAKE LACE PAPER SET 6,6612.829999999999,3571,249,1.93112,26.55755020080321,280.8,0.04246290922343385,False
22939,ADULT APRON APPLE DELIGHT,891.9300000000001,179,40,5.8085,22.298250000000003,212.5,0.23824739609610618,False
22939,APRON APPLE DELIGHT,2261.1,478,110,4.930909090909091,20.555454545454545,212.5,0.09398080580248552,False
22940,FELTCRAFT CHRISTMAS FAIRY,13317.68,3252,543,4.302072072072073,24.52611418047882,1260.0,0.0946110734001718,False
22941,CHRISTMAS LIGHTS 10 REINDEER,19006.100000000002,2416,401,8.441417910447761,47.39675810473816,2496.0,0.13132625841177303,False
22942,CHRISTMAS LIGHTS 10 SANTAS ,8308.6,1105,211,7.800236966824644,39.37725118483412,367.20000000000005,0.04419517126832439,False
22943,CHRISTMAS LIGHTS 10 VINTAGE BAUBLES,10282.83,2227,284,4.924755244755245,36.20714788732394,712.8000000000001,0.06931943832583054,False
22944,CHRISTMAS METAL POSTCARD WITH BELLS,2501.82,3884,100,0.8368571428571429,25.0182,305.28000000000003,0.12202316713432622,False
22945,CHRISTMAS METAL TAGS ASSORTED ,5880.73,7177,274,0.86725,21.46251824817518,207.35999999999999,0.035260928490170436,False
22946,WOODEN ADVENT CALENDAR CREAM,12291.6,850,207,16.293509615384615,59.379710144927536,765.0,0.062237625695596994,False
22947,WOODEN ADVENT CALENDAR RED,8280.25,759,159,12.490880503144654,52.077044025157235,357.0,0.0431146402584463,False
22948,METAL DECORATION NAUGHTY CHILDREN ,1719.2099999999998,1965,129,0.9071111111111111,13.32720930232558,122.39999999999999,0.07119549095223969,False
22949,36 DOILIES DOLLY GIRL,2655.75,1911,130,1.446923076923077,20.428846153846155,540.0,0.20333239197966677,False
22949,SET OF 36 DOLLY GIRL PAPER DOILIES,60.9,42,12,1.45,5.075,17.4,0.2857142857142857,False
22950,36 DOILIES VINTAGE CHRISTMAS,9816.75,7131,295,1.441304347826087,33.2771186440678,540.0,0.0550080220032088,False
22950,SET OF 36 DOILIES VINTAGE CHRISTMAS,557.4,444,2,1.35,278.7,540.0,0.9687836383207751,False
22950,SET OF 36 VINTAGE CHRISTMAS DOILIES,39.15,27,6,1.45,6.5249999999999995,11.6,0.2962962962962963,False
22951,60 CAKE CASES DOLLY GIRL DESIGN,4917.610000000001,9587,487,0.5585080645161291,10.09776180698152,201.6,0.040995524248567894,False
22951,72 CAKE CASES DOLLY GIRL DESIGN,471.85,943,25,0.5448000000000001,18.874000000000002,151.2,0.32044081805658575,False
22952,60 CAKE CASES VINTAGE CHRISTMAS,12416.37,24867,798,0.5425759416767922,15.55936090225564,423.35999999999996,0.03409692204726501,False
22952,72 CAKE CASES VINTAGE CHRISTMAS,2048.19,4053,98,0.5407142857142857,20.899897959183676,282.24,0.1377997158466744,False
22952,SET 72 CAKE CASES VINTAGE CHRISTMAS,291.6,672,4,0.5175000000000001,72.9,252.0,0.8641975308641975,False
22953,BIRTHDAY BANNER TAPE,60.0,48,3,1.25,20.0,30.0,0.5,False
22953,BIRTHDAY PARTY CORDON BARRIER TAPE,807.52,665,96,1.2729896907216496,8.411666666666667,152.64000000000001,0.18902318208836935,False
22954,HEN PARTY BANNER TAPE,15.0,12,1,1.25,15.0,15.0,1.0,False
22954,HEN PARTY CORDON BARRIER TAPE,233.75,187,36,1.25,6.493055555555555,28.75,0.12299465240641712,False
22955,36 FOIL STAR CAKE CASES ,2740.0400000000004,1404,156,2.0379754601226994,17.564358974358978,266.40000000000003,0.09722485803126961,False
22956,36 FOIL HEART CAKE CASES,4380.17,2286,223,2.059090909090909,19.64201793721973,266.40000000000003,0.060819557231796946,False
22957,SET 3 PAPER VINTAGE CHICK PAPER EGG,4800.400000000001,1720,196,2.92979797979798,24.49183673469388,612.0,0.12748937588534287,False
22959,WRAP CHRISTMAS VILLAGE,3803.46,9313,275,0.41804347826086957,13.830763636363637,105.0,0.02760644255493682,False
22959,"WRAPPING PAPER, XMAS VILLAGE",10.5,25,1,0.42,10.5,10.5,1.0,False
22960,JAM MAKING SET WITH JARS,32840.47,8209,890,4.181773288439955,36.899404494382026,1058.0,0.03221634769538925,False
22961,JAM MAKING SET PRINTED,21884.35,15523,896,1.4710356347438753,24.42449776785714,855.5999999999999,0.03909643192509716,False
22962,JAM JAR WITH PINK LID,3224.3399999999997,4059,255,0.84390625,12.644470588235293,276.48,0.08574778094121589,False
22963,JAM JAR WITH BLUE LID,18.98,26,2,0.7849999999999999,9.49,17.28,0.910432033719705,False
22963,JAM JAR WITH GREEN LID,2642.48,3335,216,0.8434101382488478,12.233703703703704,172.79999999999998,0.06539311555811207,False
22964,3 PIECE SPACEBOY COOKIE CUTTER SET,5261.4400000000005,2622,318,2.1317133956386294,16.54540880503145,266.40000000000003,0.05063252645663545,False
22965,3 TRADITIONAL COOKIE CUTTERS  SET,671.4000000000001,354,10,2.05,67.14000000000001,266.40000000000003,0.3967828418230563,False
22965,3 TRADITIONAl BISCUIT CUTTERS  SET,2892.32,1397,216,2.1246082949308756,13.390370370370372,266.40000000000003,0.09210599103833601,False
22966,GINGERBREAD MAN COOKIE CUTTER,9491.66,7941,609,1.2597745571658616,15.585648604269293,240.62,0.025350676277911346,False
22967,SET 3 SONG BIRD PAPER EGGS ASSORTED,3159.75,1137,130,2.928461538461539,24.30576923076923,612.0,0.1936862093520057,False
22968,ROSE COTTAGE KEEPSAKE BOX ,9177.85,1011,239,9.731589958158995,38.401046025104606,850.0,0.09261428330164471,False
22969,HOMEMADE JAM SCENTED CANDLES,20019.0,13872,574,1.4492682926829268,34.87630662020906,2427.6,0.1212647984414806,False
22970,LONDON BUS COFFEE MUG,9548.55,4197,276,2.4917266187050355,34.59619565217391,970.2,0.10160705028512183,False
22971,QUEENS GUARD COFFEE MUG,5571.0199999999995,2351,233,2.5219574468085106,23.909957081545063,516.6,0.0927298771140653,False
22972,CHILDREN'S SPACEBOY MUG,2746.16,1688,184,1.6534594594594594,14.92478260869565,69.6,0.02534448102077082,False
22972,CHILDRENS SPACEBOY MUG,118.79999999999998,72,5,1.65,23.759999999999998,39.599999999999994,0.3333333333333333,False
22973,CHILDREN'S CIRCUS PARADE MUG,1990.4799999999998,1232,115,1.6713793103448276,17.308521739130434,139.2,0.06993288051123348,False
22973,CHILDRENS CIRCUS PARADE MUG,56.099999999999994,34,3,1.6499999999999997,18.7,19.799999999999997,0.3529411764705882,False
22974,CHILDRENS DOLLY GIRL MUG,2469.5399999999995,1530,162,1.6853374233128833,15.24407407407407,278.4,0.11273354551859861,False
22975,SPACEBOY CHILDRENS EGG CUP,1452.22,1155,147,1.2743624161073825,9.879047619047618,60.0,0.04131605404139869,False
22976,CIRCUS PARADE CHILDRENS EGG CUP ,1342.34,1070,118,1.260168067226891,11.375762711864406,45.0,0.03352354843035297,False
22977,DOLLY GIRL CHILDRENS EGG CUP,1191.21,952,116,1.2603418803418804,10.269051724137931,60.0,0.050368952577631146,False
22978,PANTRY ROLLING PIN,8907.92,2331,190,3.7542631578947367,46.88378947368421,2959.4399999999996,0.33222570476609575,False
22979,PANTRY WASHING UP BRUSH,5668.16,3822,302,1.497532894736842,18.768741721854305,1132.2,0.19974736069553437,False
22980,PANTRY SCRUBBING BRUSH,3532.8899999999994,2205,239,1.675726141078838,14.78196652719665,208.79999999999998,0.059101755220230465,False
22981,PANTRY APPLE CORER,593.25,429,71,1.4472972972972973,8.355633802816902,180.0,0.3034134007585335,False
22982,PANTRY PASTRY BRUSH,1277.05,1020,144,1.3159027777777779,8.868402777777778,76.32000000000001,0.05976273442699973,False
22983,CARD BILLBOARD FONT,2054.43,4989,333,0.4271771771771772,6.169459459459459,108.0,0.05256932579839664,False
22983,"CARD, BILLBOARD FONT",514.4399999999999,1266,74,0.4176,6.951891891891891,51.839999999999996,0.10076976906927922,False
22984,CARD GINGHAM ROSE ,1088.86,2714,144,0.4215277777777777,7.561527777777777,77.75999999999999,0.07141413955880462,False
22984,"CARD, GINGHAM ROSE ",206.64,492,40,0.42000000000000004,5.1659999999999995,10.08,0.04878048780487805,False
22985,WRAP BILLBOARD FONTS DESIGN,756.0,1800,62,0.42,12.193548387096774,42.0,0.05555555555555555,False
22985,"WRAP, BILLBOARD FONTS DESIGN",1125.8,2890,71,0.41774647887323946,15.856338028169013,272.0,0.2416059690886481,False
22986,GINGHAM ROSE WRAP,1444.3,3515,121,0.41933884297520657,11.936363636363636,136.0,0.09416326248009417,False
22986,WRAP GINGHAM ROSE ,933.42,2251,81,0.4192592592592593,11.523703703703703,72.0,0.07713569454264961,False
22987,"WRAP , SUMMER ROSE DESIGN",63.0,150,6,0.42,10.5,10.5,0.16666666666666666,False
22987,WRAP SUMMER ROSE DESIGN,42.0,100,4,0.42,10.5,10.5,0.25,False
22988,SOLDIERS EGG CUP ,10282.25,8921,346,1.2571714285714286,29.71748554913295,610.5600000000001,0.059379999513725114,False
22989,SET 2 PANTRY DESIGN TEA TOWELS,8232.17,2669,307,3.2292012779552715,26.81488599348534,1180.8,0.14343727109619941,False
22990,COTTON APRON PANTRY DESIGN,2146.54,482,135,4.756911764705883,15.900296296296297,212.5,0.09899652463965265,False
22991,GIRAFFE WOODEN RULER,5642.639999999999,3000,231,2.053220338983051,24.427012987012983,712.8,0.12632384841138192,False
22992,REVOLVER WOODEN RULER ,7762.74,4204,281,1.9632871972318338,27.625409252669037,712.8,0.09182324797687415,False
22993,SET OF 4 PANTRY JELLY MOULDS,14066.42,11701,861,1.2570433789954338,16.337305458768874,337.47999999999996,0.023991889905178428,False
22994,TRAVEL CARD WALLET RETROSPOT,869.64,2074,159,0.419625,5.469433962264151,80.64,0.09272802538981648,False
22995,TRAVEL CARD WALLET SUKI,912.3,2179,181,0.4193442622950819,5.040331491712707,80.64,0.08839197632357777,False
22996,TRAVEL CARD WALLET VINTAGE TICKET,1864.2,4514,291,0.4193939393939394,6.40618556701031,172.79999999999998,0.09269391696169937,False
22997,TRAVEL CARD WALLET UNION JACK,1006.14,2399,179,0.41966666666666663,5.620893854748603,30.24,0.030055459478800166,False
22998,TRAVEL CARD WALLET KEEP CALM,4577.0599999999995,11492,431,0.427926267281106,10.619628770301622,172.79999999999998,0.03775349241652939,False
22999,TRAVEL CARD WALLET RETRO PETALS,623.1,1487,88,0.4193406593406593,7.0806818181818185,171.36,0.27501203659123735,False
22999,TRAVEL CARD WALLET VINTAGE LEAF,553.98,1319,97,0.42000000000000004,5.711134020618557,30.24,0.054586808188021224,False
23000,TRAVEL CARD WALLET TRANSPORT,1259.22,3005,204,0.4197073170731707,6.17264705882353,40.32,0.03201982179444418,False
23002,TRAVEL CARD WALLET SKULLS,806.64,1924,136,0.4195652173913043,5.931176470588235,63.0,0.07810175542993157,False
23003,TRAVEL CARD WALLET VINTAGE ROSE ,225.78,541,52,0.41886792452830185,4.341923076923077,80.64,0.35716183895827797,False
23004,TRAVEL CARD WALLET PANTRY,702.62,1669,120,0.43,5.855166666666666,20.16,0.028692607668440978,False
23005,TRAVEL CARD WALLET I LOVE LONDON,1767.3,4345,175,0.4193258426966292,10.098857142857142,172.79999999999998,0.09777626888473942,False
23006,TRAVEL CARD WALLET FLOWER MEADOW,676.86,1615,127,0.4195275590551181,5.329606299212599,30.24,0.044676890346600474,False
23007, SPACEBOY BABY GIFT SET,6946.849999999999,443,138,16.50072463768116,50.33949275362318,538.1999999999999,0.07747396301921014,False
23008,DOLLY GIRL BABY GIFT SET,6417.4,412,117,16.40299145299145,54.84957264957264,538.1999999999999,0.08386574001932245,False
23009,I LOVE LONDON BABY GIFT SET,3262.5499999999997,209,61,16.425409836065572,53.484426229508195,358.79999999999995,0.10997532604864292,False
23010,CIRCUS PARADE BABY GIFT SET,4393.9,282,88,16.472727272727273,49.93068181818182,538.1999999999999,0.12248799471995266,False
23012,GLASS APOTHECARY BOTTLE PERFUME,3733.0400000000004,1006,197,3.881356783919598,18.949441624365484,124.2,0.0332704712513126,False
23013,GLASS APOTHECARY BOTTLE TONIC,3187.3900000000003,859,179,3.8852222222222226,17.80664804469274,82.80000000000001,0.025977367062079006,False
23014,GLASS APOTHECARY BOTTLE ELIXIR,2916.2300000000005,789,158,3.9073750000000005,18.457151898734182,82.80000000000001,0.028392822239672454,False
23015,CORDIAL GLASS JUG,222.75,27,12,8.25,18.5625,57.75,0.25925925925925924,False
23015,CORDIAL JUG,16.5,2,1,8.25,16.5,16.5,1.0,False
23016,GLASS TWIST BON BON JAR,492.9,66,19,7.723684210526316,25.942105263157895,79.80000000000001,0.1618989653073646,False
23017,APOTHECARY MEASURING JAR,738.9000000000001,63,21,12.178571428571429,35.18571428571429,133.8,0.1810799837596427,False
23018,LARGE APOTHECARY MEASURING JAR ,587.2,50,20,12.2975,29.360000000000003,133.8,0.22786103542234332,False
23019,SMALL APOTHECARY MEASURING JAR ,629.0500000000001,81,28,8.078571428571427,22.466071428571432,96.85000000000001,0.15396232413957556,False
23020,GLASS  SONGBIRD STORAGE JAR,1891.65,159,65,12.333846153846155,29.102307692307694,178.4,0.09430920096212302,False
23020,GLASS SONGBIRD STORAGE JAR,126.7,11,3,12.049999999999999,42.233333333333334,89.2,0.7040252565114443,False
23021,GLASS BONNE JAM JAR,475.95000000000005,117,25,4.134,19.038,90.0,0.18909549322407815,False
23022,SMALL BONNE JAM JAR  T-LIGHT HOLDER,733.28,386,19,2.0247619047619048,38.59368421052631,171.84,0.23434431595025093,False
23023,RIDGED BONNE JAM JAR T-LIGHT HOLDER,408.14,258,23,1.7039130434782608,17.745217391304347,69.6,0.17052972019405105,False
23024,LARGE BONNE JAM JAR  T-LIGHT HOLDER,657.08,252,10,2.73,65.708,179.28000000000003,0.2728434893772448,False
23025,DRAWER KNOB VINTAGE GLASS BALL,657.13,311,45,2.1255555555555556,14.602888888888888,24.96,0.03798335184818834,False
23026,DRAWER KNOB VINTAGE GLASS STAR,987.85,489,52,2.1072222222222226,18.997115384615384,171.84,0.17395353545578782,False
23027,DRAWER KNOB VINTAGE GLASS HEXAGON,596.96,287,27,2.08,22.10962962962963,124.80000000000001,0.20905923344947736,False
23028,DOORKNOB CRACKED GLAZE BLUE,238.49999999999997,162,3,1.5833333333333333,79.49999999999999,208.79999999999998,0.8754716981132076,False
23028,DRAWER KNOB CRACKLE GLAZE BLUE,1740.2399999999998,1072,111,1.6610714285714285,15.677837837837837,139.2,0.07998896703902911,False
23029,DOORKNOB CRACKED GLAZE GREEN,19.799999999999997,12,2,1.65,9.899999999999999,9.899999999999999,0.5,False
23029,DRAWER KNOB CRACKLE GLAZE GREEN,2014.1999999999998,1244,135,1.647037037037037,14.919999999999998,139.2,0.06910932380101281,False
23031,DOORKNOB CRACKED GLAZE PINK,19.799999999999997,12,2,1.65,9.899999999999999,9.899999999999999,0.5,False
23031,DRAWER KNOB CRACKLE GLAZE PINK,1934.9999999999998,1196,136,1.6470588235294117,14.227941176470587,139.2,0.07193798449612403,False
23032,DOORKNOB CRACKED GLAZE IVORY,258.29999999999995,174,5,1.6099999999999999,51.65999999999999,208.79999999999998,0.8083623693379792,False
23032,DRAWER KNOB CRACKLE GLAZE IVORY,3272.7,2030,174,1.645505617977528,18.80862068965517,139.2,0.04253368778073151,False
23033,DRAWER KNOB CERAMIC RED,943.75,679,59,1.4398305084745764,15.995762711864407,120.0,0.1271523178807947,False
23034,DRAWER KNOB CERAMIC BLACK,1306.25,929,77,1.4424050632911394,16.964285714285715,120.0,0.09186602870813397,False
23035,DOORKNOB CERAMIC IVORY,52.199999999999996,36,1,1.45,52.199999999999996,52.199999999999996,1.0,False
23035,DRAWER KNOB CERAMIC IVORY,2850.3399999999997,2026,164,1.4538787878787878,17.38012195121951,120.0,0.04210024067304252,False
23036,T-LIGHT HOLDER SILVER PETIT FOUR ,227.5,182,15,1.25,15.166666666666666,30.0,0.13186813186813187,False
23037,CANDLE HOLDER SILVER MADELINE,315.28999999999996,193,18,1.7299999999999998,17.51611111111111,34.8,0.11037457578737037,False
23038,T-LIGHT HOLDER SILVER SAUCER,38.029999999999994,41,6,1.2299999999999998,6.338333333333332,9.959999999999999,0.2618985011832764,False
23039,T-LIGHT HOLDER SILVER HEART HANDLE,359.09999999999997,186,21,1.9363636363636365,17.099999999999998,46.8,0.13032581453634084,False
23040,PAPER LANTERN 9 POINT SNOW STAR,69.0,12,4,5.75,17.25,17.25,0.25,False
23040,PAPER LANTERN 9 POINT SNOW STAR ,1249.5,234,32,5.726470588235294,39.046875,594.0,0.47539015606242496,False
23041,PAPER LANTERN 6 POINT SNOW STAR,107.9,26,6,4.15,17.983333333333334,24.900000000000002,0.23076923076923078,False
23041,PAPER LANTERN 9 POINT SNOW STAR,871.5000000000001,210,41,4.15,21.25609756097561,99.60000000000001,0.11428571428571428,False
23042,PAPER LANTERN 7 POINT SNOW STAR,591.85,89,24,6.650000000000001,24.660416666666666,133.0,0.2247191011235955,False
23043,PAPER LANTERN 9 POINT HOLLY STAR 40,37.5,6,3,6.25,12.5,12.5,0.3333333333333333,False
23043,PAPER LANTERN 9 POINT HOLLY STAR L,431.25,69,16,6.25,26.953125,100.0,0.2318840579710145,False
23044,PAPER LANTERN 9 POINT HOLLY STAR 23,74.7,18,5,4.15,14.940000000000001,24.900000000000002,0.33333333333333337,False
23044,PAPER LANTERN 9 POINT HOLLY STAR S,340.3,82,19,4.15,17.910526315789475,83.0,0.24390243902439024,False
23045,PAPER LANTERN 5 POINT STAR MOON ,356.90000000000003,86,18,4.15,19.82777777777778,99.60000000000001,0.27906976744186046,False
23045,PAPER LANTERN 5 POINT STAR MOON 30,41.5,10,5,4.15,8.3,8.3,0.2,False
23046,PAPER LANTERN 9 POINT DELUXE STAR,2091.55,347,34,6.623529411764706,61.51617647058824,1380.0,0.6597977576438526,False
23047,PAPER LANTERN 5 POINT SEQUIN STAR,287.5,50,21,5.75,13.69047619047619,34.5,0.12,False
23047,PAPER LANTERN 5 POINT STUDDED STAR,46.0,8,4,5.75,11.5,11.5,0.25,False
23048,SET OF 10 LANTERNS FAIRY LIGHT STAR,2115.34,528,81,4.19452380952381,26.11530864197531,750.0,0.35455293238911945,False
23049,RECYCLED ACAPULCO MAT RED,3548.0,432,167,8.245209580838324,21.24550898203593,149.0,0.04199549041713641,False
23050,RECYCLED ACAPULCO MAT GREEN,3755.3,458,175,8.240857142857143,21.458857142857145,149.0,0.03967725614464889,False
23051,RECYCLED ACAPULCO MAT BLUE,2724.85,333,132,8.237878787878788,20.64280303030303,149.0,0.05468190909591354,False
23052,RECYCLED ACAPULCO MAT TURQUOISE,4686.5,570,220,8.246363636363636,21.302272727272726,149.0,0.031793449269177425,False
23053,RECYCLED ACAPULCO MAT PINK,2581.65,317,128,8.23125,20.169140625,149.0,0.05771502721127961,False
23054,RECYCLED ACAPULCO MAT LAVENDER,2181.45,265,108,8.242592592592594,20.19861111111111,82.5,0.03781888193632676,False
23055,IVORY CHANDELIER T-LIGHT HOLDER,692.0,224,32,5.955882352941177,21.625,144.0,0.20809248554913296,False
23056,CRYSTAL CHANDELIER T-LIGHT HOLDER,18.75,3,1,6.25,18.75,18.75,1.0,False
23056,FLOWERS CHANDELIER T-LIGHT HOLDER,1941.44,380,32,6.62939393939394,60.67,1293.6,0.6663095434316795,False
23057,BEADED CHANDELIER T-LIGHT HOLDER,763.24,260,30,4.871333333333334,25.441333333333333,144.0,0.18866935695194173,False
23057,GEMSTONE CHANDELIER T-LIGHT HOLDER,342.75,77,7,4.835714285714286,48.964285714285715,199.20000000000002,0.5811816192560175,False
23058,CHRISTMAS HANGING SNOWFLAKE,421.02000000000004,486,44,1.1129545454545455,9.568636363636365,29.880000000000003,0.07097050021376657,False
23060,HEART BEADED TRELLIS DECORATION,507.52000000000004,244,39,2.08,13.013333333333334,24.96,0.04918032786885246,False
23061,VINTAGE EMBOSSED HEART,1098.71,883,84,1.2475,13.079880952380952,45.0,0.04095712244359294,False
23061,VINTAGE ENGRAVED HEART,75.0,60,4,1.25,18.75,30.0,0.4,False
23064,CINDERELLA CHANDELIER ,2103.55,149,13,42.542307692307695,161.81153846153848,920.0,0.4373558983622923,False
23065,LARGE DECO JEWELLERY STAND,2965.3,245,87,12.46896551724138,34.08390804597701,535.2,0.18048764037365528,False
23065,LARGE JEWELLERY STAND,125.0,10,4,12.5,31.25,75.0,0.6,False
23066,SMALL DECO JEWELLERY STAND,1831.65,229,70,8.227142857142857,26.166428571428572,357.6,0.19523380558512818,False
23066,SMALL JEWELLERY STAND,123.75,15,6,8.25,20.625,49.5,0.4,False
23067,HANGING ENGRAVED METAL HEART,1137.1000000000001,274,71,4.15,16.01549295774648,99.60000000000001,0.0875912408759124,False
23068,ALUMINIUM HEART,74.7,30,6,2.49,12.450000000000001,14.940000000000001,0.2,False
23068,ALUMINIUM STAMPED HEART,1852.5500000000002,771,124,2.476984126984127,14.939919354838711,124.80000000000001,0.06736660279074788,False
23069,EDWARDIAN PHOTO FRAME,543.75,87,31,6.25,17.54032258064516,50.0,0.09195402298850575,False
23070,EDWARDIAN HEART PHOTO FRAME,610.0500000000001,147,33,4.15,18.486363636363638,49.800000000000004,0.08163265306122448,False
23071,MARIE ANTOIENETT TRINKET BOX GOLD,12.5,1,1,12.5,12.5,12.5,1.0,False
23071,MARIE ANTOINETTE TRINKET BOX GOLD,733.6,236,14,10.91,52.4,267.6,0.3647764449291167,False
23072,MARIE ANTOINETTE TRINKET BOX SILVER,715.0,254,20,11.375,35.75,168.0,0.23496503496503496,False
23073,GEORGIAN TRINKET BOX,1669.0,140,59,12.408474576271187,28.28813559322034,267.6,0.16033553025763933,False
23074,EMBOSSED HEART TRINKET BOX,431.54,215,34,2.0629411764705883,12.692352941176472,85.92,0.19910089447096443,False
23075,DOUBLE CERAMIC PARLOUR HOOK,70.55000000000001,17,4,4.15,17.637500000000003,24.900000000000002,0.3529411764705882,False
23075,PARLOUR CERAMIC WALL HOOK,1698.9,414,71,4.144366197183099,23.92816901408451,180.0,0.10595090941197245,False
23076,ICE CREAM SUNDAE LIP GLOSS,9603.16,7868,247,1.2448987854251012,38.87919028340081,249.60000000000002,0.02599144448285773,False
23077,DOUGHNUT LIP GLOSS ,11540.7,9582,306,1.241764705882353,37.714705882352945,416.0,0.036046340343306726,False
23078,ICE CREAM PEN LIP GLOSS ,8017.31,6559,211,1.2450236966824644,37.99672985781991,249.60000000000002,0.031132636757216572,False
23079, TOADSTOOL BEDSIDE LIGHT ,17.9,2,1,8.95,17.9,17.9,1.0,False
23079,TOADSTOOL BEDSIDE LIGHT ,2055.3999999999996,232,97,8.935714285714285,21.18969072164948,198.0,0.09633161428432424,False
23080,RED METAL BOX TOP SECRET,7830.03,987,220,8.359464285714285,35.59104545454545,720.0,0.09195367067559128,False
23081,GREEN METAL BOX ARMY SUPPLIES,3433.14,432,109,8.341834862385321,31.49669724770642,360.0,0.10486027368531432,False
23081,GREEN METAL BOX TOP SECRET,132.0,16,4,8.25,33.0,82.5,0.625,False
23082,SET 6 PAPER TABLE LANTERN HEARTS ,8007.52,2232,261,3.722434456928839,30.680153256704983,315.84000000000003,0.03944292365176734,False
23083,SET 6 PAPER TABLE LANTERN STARS ,6566.71,1808,208,3.7633649289099527,31.570721153846154,315.84000000000003,0.04809714453660966,False
23084,RABBIT NIGHT LIGHT,51046.03,27045,798,2.0125243902439025,63.967456140350876,4992.0,0.09779408898204228,False
23085,ANTIQUE SILVER BAUBLE LAMP  ,3340.15,359,71,10.064935064935066,47.0443661971831,396.0,0.11855754981063725,False
23086,ZINC  STAR T-LIGHT HOLDER ,1337.79,1167,34,1.231470588235294,39.34676470588235,299.52,0.2238916421859933,False
23086,ZINC STAR T-LIGHT HOLDER ,10.0,8,1,1.25,10.0,10.0,1.0,False
23087,ZINC  HEART T-LIGHT HOLDER,978.4300000000001,815,49,1.237142857142857,19.96795918367347,149.76,0.15306153736087402,False
23088,ZINC HEART FLOWER T-LIGHT HOLDER,947.18,760,57,1.306315789473684,16.61719298245614,33.28,0.03513587702443042,False
23089,GLASS BON BON JAR,3469.62,2120,134,1.7758394160583941,25.89268656716418,417.59999999999997,0.12035900185034672,False
23090,VINTAGE GLASS T-LIGHT HOLDER,1715.32,2120,122,0.8575999999999999,14.059999999999999,103.67999999999999,0.06044353240211739,False
23091,METAL HERB GERDEN CONTAINER,139.68,24,5,6.078,27.936,64.67999999999999,0.46305841924398616,False
23091,ZINC HERB GARDEN CONTAINER,3236.07,528,185,6.293655913978494,17.49227027027027,145.53,0.04497121508496417,False
23092,LARGE ANTIQUE WHITE PHOTO FRAME,3489.26,497,123,7.799837398373984,28.3679674796748,724.6800000000001,0.2076887362936554,False
23093,SMALL PARISIENNE HEART PHOTO FRAME ,2115.2000000000003,912,123,2.472845528455285,17.196747967479677,236.16,0.11164901664145233,False
23094,LE GRAND TRAY CHIC SET,1812.5,145,73,12.5,24.828767123287673,150.0,0.08275862068965517,False
23096,PETIT TRAY CHIC,1606.7299999999998,993,117,1.728974358974359,13.73273504273504,104.39999999999999,0.06497669179015765,False
23099,FRENCH CARRIAGE LANTERN,805.7,124,52,6.582075471698114,15.49423076923077,69.0,0.0856398163087998,False
23100,SILVER BELLS TABLE DECORATION,2560.85,2089,213,1.246164383561644,12.022769953051643,74.88,0.029240291309526132,False
23101,SILVER STARS TABLE DECORATION,1569.62,1942,190,0.8265445026178011,8.261157894736842,51.839999999999996,0.0330271021011455,False
23102,SILVER HEARTS TABLE DECORATION,995.3299999999999,1231,139,0.8268794326241135,7.160647482014388,51.839999999999996,0.05208322867792591,False
23103,BELL HEART DECORATION,385.34999999999997,251,9,1.6277777777777775,42.81666666666666,208.79999999999998,0.5418450759050214,False
23103,JINGLE BELL HEART DECORATION,6011.4,3652,306,1.6481072555205045,19.645098039215686,118.8,0.019762451342449347,False
23104,IVORY CAFE HANGING LAMP ,1330.5,114,43,12.304651162790698,30.941860465116278,249.60000000000002,0.18759864712514093,False
23104,IVORY PANTRY HANGING LAMP ,25.0,2,1,12.5,25.0,25.0,1.0,False
23106,ZINC HEARTS PLANT POT HOLDER,711.47,263,48,2.7670833333333333,14.822291666666667,46.24,0.0649921992494413,False
23106,ZINC PLANT POT HOLDER,23.12,8,1,2.89,23.12,23.12,1.0,False
23107,WHITE HEARTS WIRE PLANT POT HOLDER,873.5600000000001,324,59,2.7340677966101694,14.806101694915256,46.24,0.052932826594624297,False
23107,WHITE WIRE PLANT POT HOLDER,46.24,16,2,2.89,23.12,23.12,0.5,False
23108,SET OF 10 LED DOLLY LIGHTS,12655.13,2128,342,6.15600583090379,37.00330409356725,2704.0,0.21366829104086643,False
23109,LED TEA LIGHTS,1676.3500000000001,595,54,2.8754545454545455,31.04351851851852,239.04000000000002,0.14259552002863363,False
23109,PACK OF SIX LED TEA LIGHTS,4569.51,1619,173,2.9161363636363635,26.41335260115607,239.04000000000002,0.052311954673477025,False
23110,PARISIENNE KEY CABINET ,3386.2,612,206,5.711352657004831,16.437864077669904,158.4,0.046778099344397854,False
23111,PARISIENNE SEWING BOX,3187.9,272,116,12.284615384615384,27.481896551724137,166.4,0.05219737131026695,False
23112,PARISIENNE CURIO CABINET,3197.4500000000003,438,177,7.451977401129944,18.064689265536725,79.80000000000001,0.024957387918497553,False
23113,PANTRY CHOPPING BOARD,892.8000000000001,192,41,4.910975609756098,21.775609756097563,149.4,0.16733870967741934,False
23114,VINTAGE LEAF CHOPPING BOARD  ,669.1500000000001,141,41,4.930487804878049,16.320731707317076,149.4,0.22326832548755882,False
23115,RED APPLES CHOPPING BOARD   ,684.0,144,38,4.928947368421053,18.0,149.4,0.21842105263157896,False
23116,VEGETABLE GARDEN CHOPPING BOARD,317.70000000000005,70,17,4.902941176470589,18.68823529411765,149.4,0.4702549575070821,False
23117,POPPY FIELDS CHOPPING BOARD,415.8,84,39,4.95,10.661538461538461,29.700000000000003,0.07142857142857144,False
23118,PARISIENNE JEWELLERY DRAWER ,5219.02,741,220,7.459181818181818,23.722818181818184,510.72,0.09785745216534905,False
23119,PACK OF 6 LARGE FRUIT STRAWS ,1253.39,2119,114,0.648421052631579,10.994649122807019,152.64000000000001,0.12178172795378933,False
23120,PACK OF 6 SMALL FRUIT STRAWS,614.34,1545,77,0.41853658536585364,7.978441558441559,103.67999999999999,0.16876648110167006,False
23121,PACK OF 6 COCKTAIL PARASOL STRAWS,958.3199999999999,2460,87,0.41608695652173916,11.015172413793103,103.67999999999999,0.10818933132982719,False
23122,PARTY CHARMS 50 PIECES,1551.82,2090,94,0.8202061855670103,16.508723404255317,374.40000000000003,0.24126509517856456,False
23123,COCKTAIL SWORDS 50 PIECES,702.76,896,68,0.8235294117647058,10.33470588235294,103.67999999999999,0.1475325858045421,False
23124,18PC WOODEN CUTLERY SET DISPOSABLE,595.15,503,24,1.24125,24.797916666666666,166.4,0.27959337982021343,False
23125,6PC WOOD PLATE SET DISPOSABLE,443.25,405,16,1.236875,27.703125,312.0,0.7038917089678511,False
23126,DOLLCRAFT GIRL AMELIE,138.6,28,7,4.95,19.8,19.8,0.14285714285714288,False
23126,DOLLCRAFT GIRL AMELIE KIT,294.7,66,8,4.8500000000000005,36.8375,166.0,0.5632846963013234,False
23126,FELTCRAFT GIRL AMELIE KIT,4759.780000000001,974,254,5.0225,18.739291338582678,166.0,0.03487556147553038,False
23127,DOLLCRAFT GIRL NICOLE,297.0,60,11,4.95,27.0,59.400000000000006,0.2,False
23127,FELTCRAFT GIRL NICOLE KIT,3145.04,640,170,4.97,18.500235294117648,178.20000000000002,0.05666064660544858,False
23128,DOLLCRAFT BOY JEAN-PAUL ,354.1,78,11,4.877272727272728,32.190909090909095,166.0,0.46879412595312053,False
23128,FELTCRAFT BOY JEAN-PAUL KIT,1696.38,346,116,4.9799137931034485,14.62396551724138,59.400000000000006,0.03501573939801224,False
23129,HEART SHAPED HOLLY WREATH,3929.03,941,165,4.418727272727273,23.81230303030303,360.0,0.09162566842197692,False
23130,MISELTOE HEART WREATH ,312.8,80,5,4.07,62.56,180.0,0.5754475703324808,False
23130,MISTLETOE HEART WREATH GREEN,3398.2700000000004,829,161,4.240434782608696,21.107267080745345,180.0,0.05296812790037283,False
23131,MISELTOE HEART WREATH CREAM,996.0000000000001,240,1,4.15,996.0000000000001,996.0000000000001,1.0,False
23131,MISELTOE HEART WREATH WHITE,304.5,78,4,4.050000000000001,76.125,180.0,0.5911330049261084,False
23131,MISTLETOE HEART WREATH CREAM,2307.23,569,103,4.2142307692307694,22.400291262135923,180.0,0.07801562913103592,False
23132,SMALL IVORY HEART WALL ORGANISER,4966.08,1004,141,5.735531914893618,35.22042553191489,594.0,0.11961144403634255,False
23133,LARGE IVORY HEART WALL ORGANISER,5134.66,758,134,7.992164179104478,38.318358208955225,679.2,0.13227750230784513,False
23134,LARGE ZINC HEART WALL ORGANISER,6414.48,1064,37,7.6710810810810806,173.36432432432431,1787.52,0.2786695102330976,False
23135,SMALL ZINC HEART WALL ORGANISER,5378.8,1538,42,5.191190476190476,128.06666666666666,1354.56,0.2518331226295828,False
23136,IVORY WIRE SWEETHEART LETTER TRAY,467.05,127,44,3.7290909090909095,10.614772727272728,39.480000000000004,0.08453056417942405,False
23137,ZINC WIRE SWEETHEART LETTER TRAY,253.24,80,20,3.4539999999999997,12.662,78.96000000000001,0.31179908387300587,False
23138,SINGLE WIRE HOOK IVORY HEART,1184.5,858,74,1.444736842105263,16.006756756756758,312.5,0.2638243984803715,False
23139,SINGLE WIRE HOOK PINK HEART,484.98,394,21,1.239090909090909,23.094285714285714,312.5,0.6443564683079714,False
23140,TRIPLE WIRE HOOK IVORY HEART,608.74,148,34,4.26,17.904117647058825,90.0,0.14784637119295593,False
23141,TRIPLE WIRE HOOK PINK HEART,215.00000000000003,68,18,3.5900000000000003,11.944444444444446,49.800000000000004,0.23162790697674418,False
23142,IVORY WIRE KITCHEN ORGANISER,1118.1000000000001,114,35,10.32857142857143,31.94571428571429,430.05,0.38462570431982823,False
23143,ZINC WIRE KITCHEN ORGANISER,156.8,25,12,7.175000000000001,13.066666666666668,31.200000000000003,0.1989795918367347,False
23144,ZINC T-LIGHT HOLDER STARS SMALL,3843.4599999999996,4850,236,0.8370042194092826,16.285847457627117,155.51999999999998,0.040463540663880984,False
23145,ZINC T-LIGHT HOLDER STAR LARGE,1886.0899999999997,2019,148,0.9608724832214764,12.74385135135135,75.84,0.04021017024638274,False
23145,ZINC T-LIGHT HOLDER STARS LARGE,22.799999999999997,24,2,0.95,11.399999999999999,11.399999999999999,0.5,False
23146,TRIPLE HOOK ANTIQUE IVORY ROSE,2361.52,728,202,3.2821951219512195,11.690693069306931,69.36,0.029370913648836344,False
23147,SINGLE ANTIQUE ROSE HOOK IVORY,2648.2,1828,249,1.4492094861660079,10.635341365461846,34.8,0.013141001434936938,False
23148,MINIATURE ANTIQUE ROSE HOOK IVORY,1700.7599999999998,2052,229,0.8296186440677966,7.426899563318776,29.88,0.017568616383263954,False
23148,MINITURE ANTIQUE ROSE HOOK IVORY,40.8,48,4,0.85,10.2,10.2,0.25,False
23149,ANTIQUE IVORY WIRE BOWL SMALL,226.59000000000003,91,18,2.49,12.588333333333335,29.880000000000003,0.13186813186813187,False
23150,IVORY SWEETHEART SOAP DISH,343.62,138,40,2.49,8.5905,19.92,0.05797101449275363,False
23151,ZINC SWEETHEART SOAP DISH,104.41000000000001,59,19,1.953157894736842,5.495263157894738,14.940000000000001,0.14308974236184274,False
23152,IVORY SWEETHEART WIRE LETTER RACK ,1972.26,534,148,3.7427516778523486,13.326081081081082,162.72,0.08250433512822852,False
23153,ZINC SWEETHEART WIRE LETTER RACK,908.63,244,77,3.788831168831169,11.80038961038961,81.36,0.08954139748852669,False
23154,SET OF 4 JAM JAR MAGNETS,4795.13,2380,212,2.080967741935484,22.618537735849056,249.60000000000002,0.05205281191542253,False
23155,KNICKERBOCKERGLORY MAGNET ASSORTED ,1540.5,1926,108,0.8228703703703703,14.26388888888889,69.12,0.044868549172346645,False
23156,SET OF 5 MINI GROCERY MAGNETS,3247.3,1607,182,2.094782608695652,17.842307692307692,222.0,0.06836448742031842,False
23157,SET OF 6 NATIVITY MAGNETS ,4587.55,2290,144,2.1528,31.857986111111114,444.0,0.09678368628134842,False
23158,SET OF 5 LUCKY CAT MAGNETS ,4992.52,2476,186,2.168064516129032,26.841505376344088,222.0,0.04446652191678751,False
23159,SET OF 5 PANCAKE DAY MAGNETS,4510.7300000000005,2230,193,2.0822680412371137,23.371658031088085,249.60000000000002,0.05533472409122248,False
23160,REGENCY TEA SPOON,1644.3,1386,60,1.2289999999999999,27.404999999999998,124.80000000000001,0.07589855865717936,False
23161,REGENCY CAKE FORK,1881.6000000000001,1596,68,1.2283823529411766,27.67058823529412,124.80000000000001,0.0663265306122449,False
23162,REGENCY TEA STRAINER,4789.24,1362,142,3.7471830985915493,33.72704225352113,157.92000000000002,0.032973916529553754,False
23163,REGENCY SUGAR TONGS,3835.3,1659,133,2.4375939849624064,28.83684210526316,199.68,0.05206372382864444,False
23164,REGENCY CAKE SLICE,2574.26,563,80,4.922625,32.178250000000006,249.00000000000003,0.09672682635009673,False
23165,LARGE CERAMIC TOP STORAGE JAR,4463.799999999999,2848,217,1.6317351598173515,20.570506912442394,208.79999999999998,0.04677628926027152,False
23166,MEDIUM CERAMIC TOP STORAGE JAR,3937.09,3422,190,1.2217098445595855,20.721526315789475,360.0,0.09143809260138833,False
23167,SMALL CERAMIC TOP STORAGE JAR ,3818.99,5141,174,0.8277900552486187,21.948218390804595,931.4999999999999,0.24391265753510744,False
23168,CLASSIC CAFE SUGAR DISPENSER,2975.0299999999997,2582,207,1.229665071770335,14.372125603864733,143.52,0.048241530337509206,False
23168,CLASSIC SUGAR DISPENSER,243.57,213,12,1.1975,20.2975,37.44,0.15371351151619658,False
23169,CLASSIC GLASS COOKIE JAR,4987.650000000001,1243,243,4.113934426229508,20.52530864197531,168.75,0.03383356891522059,False
23169,CLASSIC GLASS SWEET JAR,463.65000000000003,115,14,4.092857142857143,33.11785714285715,74.7,0.1611129084438693,False
23170,REGENCY TEA PLATE ROSES ,9153.689999999999,5865,325,1.6594769230769228,28.165199999999995,556.8,0.060827928409198914,False
23171,REGENCY TEA PLATE GREEN ,9043.449999999999,5869,269,1.6734074074074075,33.61877323420074,1183.1999999999998,0.13083502424406615,False
23172,REGENCY TEA PLATE PINK,5643.78,3586,223,1.641390134529148,25.30843049327354,208.79999999999998,0.03699648108182813,False
23173,REGENCY TEAPOT ROSES ,22593.52,2610,352,9.70681690140845,64.18613636363636,4401.0,0.1947903646709322,False
23174,REGENCY SUGAR BOWL GREEN,11241.69,2869,266,4.127969924812031,42.26199248120301,2610.0,0.2321714973460396,False
23175,REGENCY MILK JUG PINK ,8769.5,2982,271,3.1964944649446494,32.359778597785976,1914.0,0.2182564570385997,False
23176,ABC TREASURE BOOK BOX ,4272.01,2043,179,2.264222222222222,23.865977653631287,585.0,0.1369378816997151,False
23177,TREASURE ISLAND BOOK BOX,4984.8,2408,211,2.241588785046729,23.624644549763033,955.5,0.19168271545498314,False
23178,JAM CLOCK MAGNET,824.0200000000001,304,54,2.8377777777777777,15.25962962962963,179.28000000000003,0.2175675347685736,False
23179,CLOCK MAGNET MUM'S KITCHEN,837.88,304,40,2.9330000000000003,20.947,179.28000000000003,0.2139685873872154,False
23180,MUM'S KITCHEN CLOCK,466.95,103,35,4.761428571428572,13.34142857142857,19.8,0.04240282685512368,False
23181,BULL DOG BOTTLE TOP WALL CLOCK,1451.25,181,68,8.183823529411764,21.341911764705884,120.0,0.082687338501292,False
23182,TOILET SIGN OCCUPIED OR VACANT,2796.18,3364,254,0.8792635658914728,11.008582677165354,102.96,0.0368216638413836,False
23183,MOTHER'S KITCHEN SPOON REST ,664.46,171,57,4.061896551724138,11.657192982456142,22.5,0.03386208349637299,False
23184,BULL DOG BOTTLE OPENER,3685.15,765,196,5.098686868686869,18.801785714285714,149.4,0.04054109059332727,False
23185,FRENCH STYLE STORAGE JAR JAM,114.55999999999999,316,30,0.3516129032258064,3.818666666666666,15.0,0.13093575418994416,False
23186,FRENCH STYLE STORAGE JAR CAFE ,810.2199999999999,1970,69,0.32799999999999996,11.742318840579708,299.52,0.36967737157808994,False
23187,FRENCH STYLE STORAGE JAR BONBONS,678.5699999999999,2301,73,0.30283783783783785,9.295479452054794,37.12,0.05470327305952223,False
23188,VINTAGE  2 METER FOLDING RULER,2879.3699999999994,1761,154,1.6789743589743586,18.697207792207788,208.79999999999998,0.07251586284499735,False
23188,VINTAGE  2 METRE FOLDING RULER,2197.6899999999996,1321,127,1.7389922480620155,17.304645669291336,118.8,0.05405675959757746,False
23189,SET OF 12 FORK CANDLES,3316.46,1214,113,2.858421052631579,29.34920353982301,239.04000000000002,0.07207685303003805,False
23190,BUNDLE OF 3 SCHOOL EXERCISE BOOKS  ,2689.49,1677,178,1.651340782122905,15.10949438202247,208.79999999999998,0.07763553684899367,False
23191,BUNDLE OF 3 RETRO EXERCISE BOOKS,98.99999999999999,60,5,1.65,19.799999999999997,19.799999999999997,0.2,False
23191,BUNDLE OF 3 RETRO NOTE BOOKS,3388.3999999999996,2096,239,1.6761224489795918,14.177405857740585,79.19999999999999,0.023373863770511157,False
23192,BUNDLE OF 3 ALPHABET EXERCISE BOOKS,5192.219999999999,3266,311,1.6541640378548896,16.695241157556268,316.79999999999995,0.06101436379814414,False
23193,BUFFALO BILL TREASURE BOOK BOX,3707.82,1828,134,2.266268656716418,27.67029850746269,756.6,0.20405521303623153,False
23194,GYMKHANA TREASURE BOOK BOX,3352.58,1601,153,2.255320512820513,21.912287581699346,585.0,0.1744924804180661,False
23194,GYMKHANNA TREASURE BOOK BOX,243.84,112,13,2.1846153846153844,18.756923076923076,33.28,0.13648293963254593,False
23196,LEAVES MAGNETIC  SHOPPING LIST,34.8,24,2,1.45,17.4,17.4,0.5,False
23196,RETO LEAVES MAGNETIC SHOPPING LIST,52.199999999999996,36,3,1.45,17.4,17.4,0.3333333333333333,False
23196,RETRO LEAVES MAGNETIC NOTEPAD,149.35,103,17,1.45,8.785294117647059,17.4,0.11650485436893203,False
23196,VINTAGE LEAF MAGNETIC NOTEPAD,2223.7999999999997,1580,211,1.4434883720930232,10.539336492890994,69.6,0.03129777857721018,False
23197,SKETCHBOOK MAGNETIC SHOPPING LIST,1864.6899999999998,1293,178,1.5460893854748603,10.475786516853931,120.0,0.06435386042720238,False
23197,VEGETABLE MAGNETIC  SHOPPING LIST,49.8,36,3,1.3833333333333335,16.599999999999998,17.4,0.3493975903614458,False
23198,PANTRY MAGNETIC  SHOPPING LIST,4248.389999999999,2999,373,1.480734908136483,11.389785522788202,120.0,0.02824599436492413,False
23199,JUMBO BAG APPLES,25117.05,13152,712,2.0638718662952646,35.27675561797753,716.0,0.028506532415231885,False
23200,JUMBO BAG PEARS,12791.29,6595,469,2.072669491525424,27.273539445628998,358.0,0.027987794819756256,False
23201,JUMBO BAG ALPHABET,23084.84,11939,745,2.0592,30.986362416107383,537.0,0.02326201957648396,False
23202,JUMBO BAG VINTAGE LEAF,20479.09,10453,768,2.0793032258064517,26.665481770833335,358.0,0.017481245504560993,False
23203,JUMBO BAG DOILEY PATTERNS,16282.2,8485,452,2.046131868131868,36.02256637168142,716.0,0.04397440149365565,False
23203,JUMBO BAG VINTAGE DOILEY ,268.44,143,6,2.0316666666666667,44.74,179.0,0.6668156757562211,False
23203,JUMBO BAG VINTAGE DOILY ,20027.0,10280,618,2.062768,32.40614886731392,716.0,0.03575173515753732,False
23204,CHARLOTTE BAG APPLES DESIGN,5493.81,6853,422,0.843254716981132,13.01850710900474,216.0,0.039316976742916114,False
23205,CHARLOTTE BAG ALPHABET  DESIGN,320.5,400,22,0.838181818181818,14.568181818181818,72.0,0.22464898595943839,False
23205,CHARLOTTE BAG VINTAGE ALPHABET ,3644.27,4559,321,0.853219814241486,11.352866043613707,144.0,0.03951408649743296,False
23206,LUNCH BAG APPLE DESIGN,18125.0,11472,862,1.641304347826087,21.026682134570766,435.0,0.024,False
23207,LUNCH BAG ALPHABET DESIGN,11334.81,7085,643,1.6529878048780486,17.62800933125972,507.5,0.04477357803086245,False
23208,LUNCH BAG VINTAGE LEAF DESIGN,9840.5,6118,596,1.6450248756218904,16.510906040268456,217.5,0.022102535440272342,False
23209,LUNCH BAG DOILEY PATTERN ,10316.45,6473,463,1.6422746781115878,22.281749460043198,290.0,0.028110444968957343,False
23209,LUNCH BAG VINTAGE DOILEY ,115.5,70,4,1.65,28.875,66.0,0.5714285714285714,False
23209,LUNCH BAG VINTAGE DOILY ,10288.46,6402,537,1.6497810218978102,19.159143389199254,290.0,0.028186920102717027,False
23210,WHITE ROCKING HORSE HAND PAINTED,3091.74,2550,151,1.2447826086956522,20.475099337748343,149.76,0.048438743231966466,False
23211,RED ROCKING HORSE HAND PAINTED,2601.5,2182,115,1.2410256410256408,22.621739130434783,149.76,0.0575667883913127,False
23212,HEART WREATH DECORATION WITH BELL,2487.63,2103,141,1.2384931506849315,17.64276595744681,149.76,0.06020187889678127,False
23212,PAINTED HEART WREATH WITH BELL,15.0,12,1,1.25,15.0,15.0,1.0,False
23213,STAR WREATH DECORATION WITH BELL,1906.94,1582,120,1.243170731707317,15.891166666666667,149.76,0.07853419614670623,False
23214,BELL HEART ANTIQUE GOLD,24.96,12,1,2.08,24.96,24.96,1.0,False
23214,JINGLE BELL HEART ANTIQUE GOLD,1599.8700000000001,760,91,2.1882608695652173,17.58098901098901,99.84,0.06240507041197097,False
23215,JINGLE BELL HEART ANTIQUE SILVER,6741.0,3424,197,2.14015,34.21827411167513,1031.04,0.1529506008010681,False
23216,LAUREL HEART ANTIQUE GOLD,613.51,518,40,1.348048780487805,15.33775,149.76,0.24410360059330735,False
23217,LAUREL HEART ANTIQUE SILVER,1567.0,1290,84,1.4022093023255815,18.654761904761905,149.76,0.09557115507338863,False
23218,LAUREL STAR ANTIQUE GOLD,465.81,372,33,1.383939393939394,14.115454545454545,90.0,0.1932118245636633,False
23219,LAUREL STAR ANTIQUE SILVER ,504.6,404,49,1.3117307692307691,10.29795918367347,45.0,0.089179548156956,False
23220,REINDEER HEART DECORATION GOLD,774.43,929,77,0.9106410256410257,10.057532467532466,103.67999999999999,0.13387911108815514,False
23221,REINDEER HEART DECORATION SILVER,1201.75,1413,107,0.9154954954954954,11.231308411214954,103.67999999999999,0.08627418348242147,False
23222,CHRISTMAS TREE HANGING GOLD,680.68,764,63,0.9636923076923076,10.804444444444444,103.67999999999999,0.1523182699653288,False
23223,CHRISTMAS TREE HANGING SILVER ,670.1099999999999,745,67,0.9460294117647059,10.001641791044774,70.08999999999999,0.10459476802316038,False
23224,CHERUB HEART DECORATION GOLD,610.49,707,58,0.934655172413793,10.525689655172414,103.67999999999999,0.169830791659159,False
23225,CHERUB HEART DECORATION SILVER ,1029.84,1224,66,0.9637878787878787,15.603636363636362,103.67999999999999,0.10067583313912841,False
23226,FILIGREE HEART DAISY WHITE,1418.59,1151,70,1.2411267605633804,20.265571428571427,60.0,0.04229551878978422,False
23227,FILIGREE HEART BUTTERFLY WHITE ,1939.56,1586,87,1.26816091954023,22.293793103448277,149.76,0.07721338860360082,False
23228,FILIGREE HEART BIRD WHITE ,1576.54,1253,77,1.397051282051282,20.474545454545453,120.0,0.07611605160668299,False
23229,DONKEY TAIL GAME ,189.54000000000002,54,4,3.66,47.385000000000005,122.04,0.6438746438746439,False
23229,VINTAGE DONKEY TAIL GAME ,6113.5,1741,213,3.7868544600938967,28.7018779342723,488.16,0.07984951337204547,False
23230,WRAP ALPHABET DESIGN,3175.5,7875,230,0.4173043478260869,13.806521739130435,102.00000000000001,0.032120925838450644,False
23231,WRAP  VINTAGE DOILEY ,42.0,100,2,0.42,21.0,21.0,0.5,False
23231,WRAP  VINTAGE DOILY ,1029.0,2450,93,0.41999999999999993,11.064516129032258,31.5,0.030612244897959183,False
23231,WRAP DOILEY DESIGN,1915.5,4675,162,0.4185185185185185,11.824074074074074,68.0,0.03549986948577395,False
23232,WRAP VINTAGE LEAF DESIGN,2098.5,5225,132,0.41729323308270677,15.897727272727273,216.0,0.10293066476054324,False
23232,WRAP VINTAGE PETALS  DESIGN,1317.0,3250,103,0.4176699029126213,12.78640776699029,68.0,0.051632498101746395,False
23233,WRAP POPPIES  DESIGN,2095.0,5150,157,0.41860759493670885,13.343949044585987,216.0,0.10310262529832935,False
23234,BISCUIT TIN VINTAGE CHRISTMAS,4521.14,1616,230,2.9263636363636363,19.65713043478261,537.84,0.1189611469673578,False
23235,BISCUIT TIN VINTAGE LEAF,64.56,24,3,2.7566666666666664,21.52,29.880000000000003,0.46282527881040897,False
23235,STORAGE TIN VINTAGE LEAF,1793.53,689,92,2.747826086956522,19.494891304347824,239.04000000000002,0.13327906419184515,False
23236,DOILEY BISCUIT TIN,327.6,120,13,2.8592307692307695,25.200000000000003,119.52000000000001,0.3648351648351648,False
23236,DOILEY STORAGE TIN,2900.3,1070,110,2.8647747747747747,26.366363636363637,358.56000000000006,0.123628590145847,False
23236,STORAGE TIN VINTAGE DOILEY ,17.34,6,1,2.89,17.34,17.34,1.0,False
23236,STORAGE TIN VINTAGE DOILY ,3441.46,1214,158,2.9887500000000005,21.78139240506329,416.16,0.12092542118751926,False
23237,SET OF 4 KNICK KNACK TINS LEAF,2943.0,732,114,4.135964912280702,25.81578947368421,360.0,0.12232415902140673,False
23237,SET OF 4 KNICK KNACK TINS LEAVES ,1195.7,294,51,4.126470588235295,23.445098039215686,180.0,0.15053943296813582,False
23238,SET OF 4 KNICK KNACK TINS LONDON ,7051.05,1759,232,4.1330508474576275,30.392456896551725,360.0,0.05105622566851745,False
23239,SET OF 4 KNICK KNACK TINS POPPIES,3026.6000000000004,784,152,3.900322580645162,19.911842105263162,360.0,0.11894535121918984,False
23240,SET OF 4 KNICK KNACK TINS  DOILEY ,24.900000000000002,6,1,4.15,24.900000000000002,24.900000000000002,1.0,False
23240,SET OF 4 KNICK KNACK TINS DOILEY ,7037.650000000001,1779,170,4.124566473988439,41.39794117647059,900.0,0.12788359750769077,False
23240,SET OF 4 KNICK KNACK TINS DOILY ,9125.650000000001,2259,312,4.137421383647799,29.24887820512821,360.0,0.039449244711335624,False
23241,TREASURE TIN GYMKHANA DESIGN,4045.44,1998,283,2.075174825174825,14.294840989399294,299.52,0.07403891789273849,False
23242,TREASURE TIN BUFFALO BILL ,2829.92,1403,186,2.073915343915344,15.214623655913979,299.52,0.10584044778650986,False
23243,SET OF TEA COFFEE SUGAR TINS PANTRY,21573.43,4543,381,4.88913612565445,56.623175853018374,7144.719999999999,0.33118145793228054,False
23244,CANNISTER VINTAGE LEAF DESIGN,23.4,12,2,1.95,11.7,11.7,0.5,False
23244,ROUND STORAGE TIN VINTAGE LEAF,1535.56,844,95,1.9769473684210526,16.16378947368421,158.39999999999998,0.10315454948031987,False
23244,STORAGE TIN VINTAGE LEAF,117.0,60,7,1.95,16.714285714285715,35.1,0.3,False
23245,SET OF 3 REGENCY CAKE TINS,26153.58,5754,714,4.933709902370991,36.62966386554622,2390.4,0.09139857717375595,False
23247,BISCUIT TIN 50'S CHRISTMAS,5641.9800000000005,2002,269,2.97364312267658,20.97390334572491,624.24,0.11064200865653546,False
23249,ENAMEL DINNER PLATE PANTRY,19.799999999999997,12,1,1.65,19.799999999999997,19.799999999999997,1.0,False
23249,VINTAGE RED ENAMEL TRIM PLATE,1167.55,723,64,1.6437499999999998,18.24296875,104.39999999999999,0.08941801207657059,False
23250,ENAMEL BOWL PANTRY,15.0,12,1,1.25,15.0,15.0,1.0,False
23250,VINTAGE RED TRIM ENAMEL BOWL ,1201.79,970,84,1.2475,14.307023809523809,60.0,0.04992552775443297,False
23251,ENAMEL MUG PANTRY,15.0,12,1,1.25,15.0,15.0,1.0,False
23251,VINTAGE RED ENAMEL TRIM MUG ,1867.95,1575,97,1.2391752577319588,19.257216494845363,99.84,0.053448968120131696,False
23252,ENAMEL JUG PANTRY,15.0,4,1,3.75,15.0,15.0,1.0,False
23252,VINTAGE RED ENAMEL TRIM JUG ,2014.5900000000001,549,120,3.7423333333333333,16.78825,157.92000000000002,0.07838815838458446,False
23253,16 PC CUTLERY SET PANTRY DESIGN,47.849999999999994,3,1,15.95,47.849999999999994,47.849999999999994,1.0,False
23253,16 PIECE CUTLERY SET PANTRY DESIGN,3002.35,209,46,15.65,65.26847826086956,300.0,0.0999217279797492,False
23254,CHILDRENS CUTLERY DOLLY GIRL ,6446.700000000001,1602,263,4.142452830188679,24.51216730038023,540.0,0.08376378612313276,False
23254,KIDS CUTLERY DOLLY GIRL ,145.25,35,8,4.15,18.15625,29.050000000000004,0.20000000000000004,False
23255,CHILDRENS CUTLERY CIRCUS PARADE,3815.09,953,140,4.165285714285715,27.250642857142857,270.0,0.07077159385492872,False
23256,CHILDRENS CUTLERY SPACEBOY ,7636.38,1894,311,4.151714285714286,24.55427652733119,270.0,0.03535706709199909,False
23256,KIDS CUTLERY SPACEBOY ,141.10000000000002,34,8,4.15,17.637500000000003,24.900000000000002,0.1764705882352941,False
23263,SET OF 3 WOODEN HEART DECORATIONS,4732.83,3670,387,1.3185060240963855,12.22953488372093,99.84,0.0210952009685537,False
23264,SET OF 3 WOODEN SLEIGH DECORATIONS,2395.45,1841,249,1.3229924242424242,9.62028112449799,60.0,0.025047485858606944,False
23265,SET OF 3 WOODEN TREE DECORATIONS,2134.96,1650,245,1.3201167315175097,8.714122448979593,45.0,0.02107767827031888,False
23266,SET OF 3 WOODEN STOCKING DECORATION,2514.64,1952,273,1.311340206185567,9.21113553113553,60.0,0.0238602742340852,False
23267,SET OF 4 SANTA PLACE SETTINGS,1367.34,1110,90,1.247741935483871,15.192666666666666,99.84,0.07301768397033657,False
23268,SET OF 2 CERAMIC CHRISTMAS REINDEER,1962.78,1422,77,1.5185714285714285,25.49064935064935,480.0,0.24455109589459847,False
23269,SET OF 2 CERAMIC CHRISTMAS TREES,1065.3999999999999,748,76,1.4474025974025975,14.018421052631577,120.0,0.11263375258119018,False
23270,SET OF 2 CERAMIC PAINTED HEARTS ,1604.1499999999999,1151,118,1.4433884297520663,13.594491525423727,240.0,0.14961194402019762,False
23271,CHRISTMAS TABLE CANDLE SILVER SPIKE,13.28,16,1,0.83,13.28,13.28,1.0,False
23271,CHRISTMAS TABLE SILVER CANDLE SPIKE,1301.05,1603,74,0.8368421052631578,17.581756756756757,88.32,0.06788363245071288,False
23272,TREE T-LIGHT HOLDER WILLIE WINKIE,522.7399999999999,352,35,1.5637142857142856,14.935428571428568,39.599999999999994,0.07575467727742281,False
23273,HEART T-LIGHT HOLDER WILLIE WINKIE,1527.2399999999998,924,97,1.6793877551020406,15.744742268041234,39.599999999999994,0.02592912705272256,False
23274,STAR T-LIGHT HOLDER WILLIE WINKIE,1865.1599999999999,1136,98,1.7453535353535352,19.03224489795918,178.2,0.09554140127388536,False
23275,SET OF 3 HANGING OWLS OLLIE BEAK,4195.76,3536,268,1.2885144927536232,15.655820895522389,199.68,0.04759090129082693,False
23280,FOLDING BUTTERFLY MIRROR HOT PINK ,1427.16,1838,128,0.8349612403100775,11.1496875,138.24,0.09686370133692088,False
23280,FOLDING MIRROR HOT PINK ,118.91999999999999,156,5,0.808,23.784,69.12,0.5812310797174572,False
23281,FOLDING BUTTERFLY MIRROR RED  ,961.28,1252,89,0.8228260869565218,10.800898876404494,138.24,0.1438082556591212,False
23281,FOLDING MIRROR RED  ,14.939999999999998,18,2,0.83,7.469999999999999,9.959999999999999,0.6666666666666667,False
23282,FOLDING BUTTERFLY MIRROR IVORY ,597.78,735,100,0.8747058823529411,5.977799999999999,69.12,0.11562782294489612,False
23282,FOLDING MIRROR IVORY ,14.939999999999998,18,2,0.83,7.469999999999999,9.959999999999999,0.6666666666666667,False
23283,DOORMAT VINTAGE LEAF,3710.32,534,120,8.090916666666667,30.919333333333334,458.0,0.12343948769917419,False
23283,DOORMAT VINTAGE LEAVES DESIGN ,2833.7000000000003,426,88,7.66625,32.201136363636365,458.0,0.16162614249920598,False
23284,DOORMAT KEEP CALM AND COME IN,34279.6,5113,643,7.912967542503863,53.311975116640745,2290.0,0.06680357997176163,False
23285,PINK VINTAGE SPOT BEAKER,4383.13,4677,132,0.8465909090909091,33.2055303030303,2099.52,0.4790001665476497,False
23286,BLUE VINTAGE SPOT BEAKER,4520.64,4892,163,0.8464417177914111,27.73398773006135,2028.2400000000002,0.4486621363346783,False
23287,RED VINTAGE SPOT BEAKER,1438.7,1766,145,0.845578231292517,9.922068965517242,81.6,0.056717870299576,False
23288,GREEN VINTAGE SPOT BEAKER,4246.719999999999,4487,132,0.8485714285714285,32.172121212121205,2099.52,0.4943862557456108,False
23289,DOLLY GIRL CHILDRENS BOWL,1839.8500000000001,1541,140,1.245744680851064,13.141785714285716,151.20000000000002,0.08218061254993614,False
23290,SPACEBOY CHILDRENS BOWL,2744.65,2357,173,1.2419075144508671,15.865028901734105,151.20000000000002,0.055088991310367444,False
23291,DOLLY GIRL CHILDRENS CUP,1867.64,1538,142,1.2697902097902098,13.152394366197184,201.60000000000002,0.10794371506286009,False
23292,SPACE BOY CHILDRENS CUP,143.3,130,5,1.21,28.660000000000004,100.80000000000001,0.7034193998604327,False
23292,SPACEBOY CHILDRENS CUP,2316.82,1930,157,1.265379746835443,14.756815286624205,201.60000000000002,0.08701582341312662,False
23293,SET OF 12 FAIRY CAKE BAKING CASES,6430.44,8196,462,0.8238362068965517,13.918701298701297,276.48,0.042995502640565814,False
23294,SET OF 6 SNACK LOAF BAKING CASES,3326.1499999999996,4251,289,0.8247440273037542,11.50916955017301,276.48,0.08312313034589541,False
23295,SET OF 12 MINI LOAF BAKING CASES,4659.84,5944,358,0.8245604395604396,13.016312849162011,276.48,0.059332509270704575,False
23296,SET OF 6 TEA TIME BAKING CASES,5650.900000000001,4850,317,1.2395327102803737,17.826182965299687,399.36,0.07067192836539311,False
23297,SET 40 HEART SHAPE PETIT FOUR CASES,6634.099999999999,4234,137,1.635611510791367,48.42408759124087,792.0,0.11938318686784946,False
23298,"BUNTING , SPOTTY ",619.85,143,6,4.683333333333334,103.30833333333334,249.00000000000003,0.40171009115108497,False
23298,SPOTTY BUNTING,35050.3,7526,1001,4.917776679841897,35.01528471528472,830.0000000000001,0.023680253806672127,False
23299,"FOOD COVER WITH BEADS , SET 2 SIZES",11.25,3,1,3.75,11.25,11.25,1.0,False
23299,FOOD COVER WITH BEADS SET 2 ,3515.17,969,119,3.794201680672269,29.53924369747899,339.0,0.09643914803551464,False
23300,GARDENERS KNEELING PAD CUP OF TEA ,9710.089999999998,6133,633,1.6658281249999998,15.339794628751973,1044.0,0.10751702610377455,False
23301,GARDENERS KNEELING PAD KEEP CALM ,12294.88,7608,753,1.6645059288537547,16.32786188579017,348.0,0.02830446494801088,False
23302,KNEELING MAT HOUSEWORK  DESIGN,1921.31,1437,185,1.5781382978723404,10.38545945945946,227.52,0.11841920356423483,False
23303,SET 4 PICNIC CUTLERY FONDANT,126.75,65,6,1.95,21.125,46.8,0.3692307692307692,False
23304,SET 4 PICNIC CUTLERY CHERRY ,138.45,71,9,1.9500000000000002,15.383333333333333,23.4,0.16901408450704225,False
23305,SET 4 PICNIC CUTLERY BLUEBERRY,159.9,82,9,1.9500000000000002,17.766666666666666,46.8,0.2926829268292683,False
23306,SET OF 36 DOILIES PANTRY DESIGN,3751.7699999999995,2646,194,1.4544615384615385,19.3390206185567,208.79999999999998,0.05565373143876091,False
23306,SET OF 36 PANTRY PAPER DOILIES,58.019999999999996,39,14,1.5479999999999998,4.144285714285714,10.15,0.17493967597380217,False
23307,SET OF 60 PANTRY DESIGN CAKE CASES ,5925.990000000001,11573,502,0.556342412451362,11.8047609561753,264.0,0.044549518308333286,False
23308,SET OF 60 VINTAGE LEAF CAKE CASES ,3091.61,5955,305,0.5637820512820513,10.136426229508197,264.0,0.08539240072324776,False
23309,SET OF 60 I LOVE LONDON CAKE CASES ,3662.5,7606,292,0.569016393442623,12.542808219178083,252.0,0.06880546075085324,False
23310,BUBBLEGUM RING ASSORTED,4894.83,11891,213,0.4292523364485981,22.980422535211268,302.4,0.0617794693584864,False
23311,VINTAGE CHRISTMAS STOCKING ,5541.299999999999,2190,280,2.5452296819787983,19.79035714285714,122.39999999999999,0.022088679551729738,False
23312,VINTAGE CHRISTMAS GIFT SACK,5518.85,1363,192,4.139795918367348,28.74401041666667,375.0,0.06794893863757848,False
23313,VINTAGE CHRISTMAS BUNTING,12895.77,2735,357,4.951318681318681,36.12260504201681,622.5,0.04827164256186331,False
23314,VINTAGE CHRISTMAS TABLECLOTH,4576.02,386,103,12.439134615384615,44.4273786407767,1039.0,0.22705320343879615,False
23315,IVORY REFECTORY CLOCK,1796.8999999999999,190,75,9.854,23.958666666666666,195.60000000000002,0.10885413768156271,False
23316,RED REFECTORY CLOCK ,2202.2999999999997,234,95,9.817368421052631,23.18210526315789,97.80000000000001,0.0444081187849067,False
23317,BLUE REFECTORY CLOCK ,1547.95,161,70,9.872857142857141,22.11357142857143,97.80000000000001,0.06318033528214737,False
23318,BOX OF 6 MINI VINTAGE CRACKERS,7976.72,3477,326,2.4578915662650607,24.468466257668712,299.52,0.03754926837095949,False
23319,BOX OF 6 MINI 50'S CRACKERS,7927.790000000001,3404,363,2.4656873315363885,21.83964187327824,499.20000000000005,0.06296836823377007,False
23320,GIANT 50'S CHRISTMAS CRACKER,6870.35,2615,309,2.6578980891719746,22.23414239482201,146.91000000000003,0.021383190084930174,False
23321,SMALL WHITE HEART OF WICKER,6733.749999999999,4223,581,1.6436134453781512,11.589931153184164,133.20000000000002,0.01978095414887693,False
23322,LARGE WHITE HEART OF WICKER,7967.650000000001,2829,510,2.9483333333333337,15.622843137254902,236.4,0.029669977973430055,False
23323,WHITE WICKER STAR ,2948.4,1419,270,2.096402877697842,10.92,111.0,0.03764753764753764,False
23324,RUSTIC STRAWBERRY JAM POT LARGE ,464.33000000000004,226,32,2.0728125,14.510312500000001,46.25,0.0996058837464734,False
23324,RUSTIC STRAWBERRY JAMPOT LARGE ,238.56,120,6,2.0416666666666665,39.76,88.80000000000001,0.37223340040241454,False
23325,RUSTIC STRAWBERRY JAM POT SMALL,613.4999999999999,390,27,1.6203703703703705,22.722222222222218,69.6,0.1134474327628362,False
23325,RUSTIC STRAWBERRY JAMPOT SMALL,59.39999999999999,36,3,1.6499999999999997,19.799999999999997,19.799999999999997,0.3333333333333333,False
23326,HANGING MINI COLOURED BOTTLES,1999.5900000000001,3369,55,0.6192727272727273,36.356181818181824,199.68,0.09986047139663631,False
23327,HANGING CLEAR MINI BOTTLE,1009.82,1706,34,0.6185714285714285,29.70058823529412,105.60000000000001,0.10457309223425958,False
23328,SET 6 SCHOOL MILK BOTTLES IN CRATE,7469.76,2056,280,3.72112676056338,26.677714285714288,813.6,0.10891916206143169,False
23329,DECORATIVE WICKER HEART LARGE,2789.7,1698,215,1.6482758620689655,12.975348837209301,99.0,0.03548768684804818,False
23330,DECORATIVE WICKER HEART MEDIUM,2181.19,1751,195,1.2489603960396038,11.185589743589745,112.5,0.05157734997868136,False
23331,DECORATIVE WICKER HEART SMALL,932.2800000000001,1492,81,0.6290697674418605,11.50962962962963,52.800000000000004,0.05663534560432488,False
23332,IVORY WICKER HEART LARGE,3252.45,1977,267,1.6485507246376812,12.181460674157302,99.0,0.030438592445694787,False
23333,IVORY WICKER HEART MEDIUM,2483.65,1997,215,1.2481333333333333,11.55186046511628,66.25,0.026674450908944495,False
23334,IVORY WICKER HEART SMALL,1345.5,2154,95,0.6284158415841584,14.163157894736843,60.480000000000004,0.04494983277591973,False
23335,EGG FRYING PAN IVORY ,697.6,346,80,2.074320987654321,8.72,88.80000000000001,0.1272935779816514,False
23336,EGG FRYING PAN PINK ,415.97,199,63,2.1120312500000002,6.602698412698413,24.96,0.06000432723513715,False
23337,EGG FRYING PAN MINT ,351.52000000000004,169,60,2.08,5.858666666666667,12.48,0.03550295857988165,False
23338,EGG FRYING PAN RED ,807.84,399,90,2.074888888888889,8.976,88.80000000000001,0.10992275698158052,False
23339,EGG FRYING PAN BLUE ,312.0,150,58,2.08,5.379310344827586,24.96,0.08,False
23340,VINTAGE CHRISTMAS CAKE FRILL,3879.45,2453,122,1.645121951219512,31.79877049180328,696.0,0.17940687468584465,False
23341,PINK DINER WALL CLOCK,2317.1,281,98,8.456632653061224,23.643877551020406,275.40000000000003,0.11885546588407926,False
23342,MINT DINER CLOCK,17.0,2,1,8.5,17.0,17.0,1.0,False
23342,MINT DINER WALL CLOCK,3026.0,362,154,8.483441558441559,19.649350649350648,275.40000000000003,0.0910112359550562,False
23343,JUMBO BAG VINTAGE CHRISTMAS ,9236.42,4634,381,2.079897172236504,24.24257217847769,358.0,0.03875960599453035,False
23344,JUMBO BAG 50'S CHRISTMAS ,17149.08,8671,581,2.071039182282794,29.51648881239243,358.0,0.02087575543411075,False
23345, DOLLY GIRL BEAKER,2747.0,2388,133,1.2437037037037038,20.654135338345863,432.0,0.15726246814706954,False
23346,SPACEBOY BEAKER,2963.25,2561,138,1.2439285714285715,21.472826086956523,432.0,0.14578587699316628,False
23347,I LOVE LONDON BEAKER,957.25,793,68,1.247536231884058,14.077205882352942,216.0,0.22564638286758945,False
23348,CHILDRENS TOY COOKING UTENSIL SET,1317.98,654,120,2.0704918032786885,10.983166666666667,71.6,0.054325558809693614,False
23349,ROLL WRAP VINTAGE CHRISTMAS,3435.39,2835,245,1.2449800796812749,14.022,149.76,0.04359330381703387,False
23350,ROLL WRAP VINTAGE SPOT ,3139.4,2572,245,1.2466533864541833,12.813877551020408,149.76,0.04770338281200229,False
23351,ROLL WRAP 50'S CHRISTMAS,3604.14,2970,269,1.2446153846153845,13.39828996282528,87.36,0.024238792055802493,False
23352,ROLL WRAP 50'S RED CHRISTMAS ,1961.01,1593,162,1.2474233128834356,12.105,74.88,0.038184404974987374,False
23353,6 GIFT TAGS VINTAGE CHRISTMAS ,3058.8599999999997,3714,252,0.8295703124999999,12.138333333333332,155.51999999999998,0.050842470724387516,False
23354,6 GIFT TAGS 50'S CHRISTMAS ,2711.0899999999997,3295,259,0.8295880149812734,10.467528957528957,155.51999999999998,0.05736438111608246,False
23355,HOT WATER BOTTLE KEEP CALM,24084.15,5265,715,4.866666666666667,33.684125874125876,1494.0000000000002,0.062032498551952225,False
23356,LOVE HOT WATER BOTTLE,12913.1,2318,448,5.890919037199125,28.82388392857143,1306.8,0.10119955703897592,False
23357,HOT WATER BOTTLE SEX BOMB,1832.0,432,88,4.479213483146068,20.818181818181817,99.60000000000001,0.05436681222707424,False
23358,HOT STUFF HOT WATER BOTTLE,1678.65,525,67,3.437761194029851,25.0544776119403,118.44,0.07055669734608166,False
23359,SET OF 12 T-LIGHTS VINTAGE DOILEY,118.94999999999999,61,6,1.95,19.825,23.4,0.19672131147540983,False
23359,SET OF 12 T-LIGHTS VINTAGE DOILY,1715.85,915,70,1.9285714285714286,24.512142857142855,118.8,0.06923682140047208,False
23360,SET 8 CANDLES VINTAGE DOILEY,216.29999999999998,122,7,1.907142857142857,30.9,118.8,0.5492371705963939,False
23360,SET 8 CANDLES VINTAGE DOILY,1932.0,1024,100,1.9441176470588233,19.32,237.6,0.12298136645962733,False
23365,SET 12 COLOUR PENCILS LOVE LONDON,991.45,1529,128,0.649236641221374,7.745703125,124.80000000000001,0.12587624186797117,False
23366,SET 12 COLOUR PENCILS DOILEY,31.200000000000003,48,3,0.65,10.4,10.4,0.3333333333333333,False
23366,SET 12 COLOURING PENCILS DOILEY,0.65,1,1,0.65,0.65,0.65,1.0,False
23366,SET 12 COLOURING PENCILS DOILY,1177.1000000000001,1870,137,0.6492857142857144,8.59197080291971,211.20000000000002,0.17942400815563672,False
23367,SET 12 COLOUR PENCILS SPACEBOY ,1792.9,2762,230,0.6495708154506438,7.795217391304348,249.60000000000002,0.1392157956383513,False
23368,SET 12 COLOUR PENCILS DOLLY GIRL ,1392.5,2146,178,0.6494505494505495,7.823033707865169,249.60000000000002,0.179245960502693,False
23369,SET 36 COLOUR PENCILS LOVE LONDON,1053.29,901,95,1.2441836734693879,11.087263157894736,135.68,0.12881542595106762,False
23370,SET 36 COLOUR PENCILS DOILEY,80.0,64,3,1.25,26.666666666666668,40.0,0.5,False
23370,SET 36 COLOURING PENCILS DOILEY,1.25,1,1,1.25,1.25,1.25,1.0,False
23370,SET 36 COLOURING PENCILS DOILY,1561.3600000000001,1288,102,1.246346153846154,15.307450980392158,160.0,0.10247476558897371,False
23371,SET 36 COLOUR PENCILS SPACEBOY ,1775.22,1498,133,1.2443283582089553,13.347518796992482,135.68,0.07642996361014409,False
23372,SET 36 COLOUR PENCILS DOLLY GIRL,1500.22,1278,98,1.242549019607843,15.308367346938775,135.68,0.09044006878991082,False
23373,VINTAGE CHRISTMAS PAPER GIFT BAG,1241.6599999999999,1563,88,0.8177272727272726,14.109772727272725,144.0,0.11597377704041366,False
23374,RED SPOT PAPER GIFT BAG,1930.9599999999998,2428,121,0.8175206611570247,15.958347107438016,164.0,0.08493184737125575,False
23375,50'S CHRISTMAS PAPER GIFT BAG,1059.12,1316,88,0.8188636363636363,12.035454545454543,144.0,0.13596193065941536,False
23376,PACK OF 12 VINTAGE CHRISTMAS TISSUE,986.0999999999999,2606,112,0.38939655172413795,8.804464285714285,138.24,0.14018862184362643,False
23377,PACK OF 12 DOLLY GIRL TISSUES,464.88,1192,80,0.39,5.811,18.72,0.040268456375838924,False
23378,PACK OF 12 50'S CHRISTMAS TISSUES,1270.59,3413,144,0.3890728476821192,8.823541666666666,138.24,0.10879984888909879,False
23379,PACK OF 12 RED APPLE TISSUES,428.01,1175,50,0.38862745098039214,8.5602,138.24,0.32298310787131146,False
23380,PACK OF 12 DOILEY TISSUES,28.08,72,2,0.39,14.04,18.72,0.6666666666666666,False
23380,PACK OF 12 VINTAGE DOILY TISSUES,769.65,2051,91,0.389247311827957,8.457692307692307,138.24,0.17961411030988114,False
23381,PACK OF 12 VINTAGE LEAF TISSUES ,544.62,1474,64,0.3889230769230769,8.5096875,138.24,0.2538283573868018,False
23382,BOX OF 6 CHRISTMAS CAKE DECORATIONS,6091.29,1695,162,3.710490797546012,37.60055555555556,900.0,0.1477519540195919,False
23388,WOODLAND MINI BACKPACK,3133.6000000000004,784,133,4.1379699248120305,23.5609022556391,375.0,0.11967066632627009,False
23388,WOODLAND MINI RUCKSACK ,20.75,5,2,4.15,10.375,16.6,0.8,False
23389,SPACEBOY MINI BACKPACK,4126.2,1028,201,4.142118226600985,20.528358208955222,375.0,0.0908826523193253,False
23389,SPACEBOY MINI RUCKSACK,53.95,13,4,4.15,13.4875,16.6,0.3076923076923077,False
23390,DOLLY GIRL MINI BACKPACK,2834.8,712,144,4.139115646258504,19.686111111111114,375.0,0.13228446451248765,False
23390,DOLLY GIRL MINI RUCKSACK,33.2,8,2,4.15,16.6,16.6,0.5,False
23391, I LOVE LONDON MINI BACKPACK,1449.8500000000001,359,68,4.138405797101449,21.321323529411767,187.5,0.1293237231437735,False
23391, I LOVE LONDON MINI RUCKSACK,4.15,1,1,4.15,4.15,4.15,1.0,False
23392,SPACEBOY ROCKET LOLLY MAKERS,1115.3600000000001,563,77,2.0725641025641024,14.485194805194807,171.84,0.15406684837182613,False
23393,HOME SWEET HOME CUSHION COVER ,2782.5,742,199,3.75,13.982412060301508,90.0,0.03234501347708895,False
23394,POSTE FRANCE CUSHION COVER,1470.0,392,119,3.75,12.352941176470589,90.0,0.061224489795918366,False
23395,BELLE JARDINIERE CUSHION COVER,2533.23,677,175,3.7473863636363633,14.4756,153.75,0.06069326512002463,False
23396,BUTTERFLY CUSHION COVER,30.0,8,2,3.75,15.0,15.0,0.5,False
23396,LA JARDIN BOTANIQUE CUSHION COVER,300.0,80,23,3.75,13.043478260869565,30.0,0.1,False
23396,LE JARDIN BOTANIQUE CUSHION COVER,1933.23,517,138,3.7467832167832165,14.00891304347826,165.0,0.08534938936391427,False
23397,FOOT STOOL HOME SWEET HOME ,4010.2,428,175,9.847142857142858,22.91542857142857,293.40000000000003,0.07316343324522469,False
23398,HANGING HEART BONHEUR,494.97999999999996,586,57,0.847936507936508,8.683859649122807,40.8,0.08242757283122551,False
23399,HOME SWEET HOME HANGING HEART,1539.6299999999999,1815,176,0.8492972972972973,8.747897727272727,40.8,0.026499873346193567,False
23400,SHELF WITH 4 HOOKS HOME SWEET HOME,2234.86,446,94,6.152315789473684,23.775106382978723,464.80000000000007,0.2079772334732377,False
23401,RUSTIC MIRROR WITH LACE HEART,2136.76,440,69,6.090869565217391,30.96753623188406,522.9000000000001,0.24471629944401807,False
23402,HOME SWEEET HOME 3 PEG HANGER ,93.75,25,4,3.75,23.4375,30.0,0.32,False
23402,HOME SWEET HOME 3 PEG HANGER ,934.1700000000001,255,51,3.7409803921568625,18.317058823529415,157.92000000000002,0.16904846013038313,False
23403,LETTER HOLDER HOME SWEET HOME,1969.06,592,110,3.7067567567567568,17.900545454545455,390.0,0.19806405086691112,False
23404,HOME SWEET HOME BLACKBOARD,3969.98,941,135,4.863037037037037,29.40725925925926,469.43999999999994,0.11824744709041354,False
23405,HOME SWEET HOME 2 DRAWER CABINET,1123.1000000000001,234,57,4.908620689655172,19.703508771929826,99.60000000000001,0.08868310925117977,False
23406,HOME SWEET HOME KEY HOLDER,2129.79,431,93,6.141182795698925,22.900967741935485,522.9000000000001,0.24551716366402326,False
23407,SET OF 2 TRAYS HOME SWEET HOME,2367.02,242,115,9.924608695652173,20.582782608695652,152.82,0.06456219212342945,False
23408,PHOTO FRAME LINEN AND LACE SMALL,615.6800000000001,296,57,2.08,10.801403508771932,24.96,0.040540540540540536,False
23409,PHOTO FRAME LINEN AND LACE LARGE,745.47,201,40,3.7270000000000003,18.63675,45.0,0.060364602197271515,False
23410,CURIO CABINET LINEN AND LACE ,281.95,35,18,8.027777777777779,15.663888888888888,48.900000000000006,0.17343500620677427,False
23411, TRELLIS COAT RACK,1011.6000000000001,216,45,4.915217391304348,22.480000000000004,199.20000000000002,0.19691577698695134,False
23412,HEART MIRROR ANTIQUE WHITE,2254.14,349,70,7.393098591549295,32.202,557.76,0.24743804732625305,False
23413,DECORATIVE VINTAGE COFFEE  BOX,208.20000000000002,44,16,4.9,13.012500000000001,49.800000000000004,0.23919308357348704,False
23413,DECROTIVEVINTAGE COFFEE GRINDER BOX,49.5,10,4,4.95,12.375,14.850000000000001,0.30000000000000004,False
23413,VINTAGE COFFEE GRINDER BOX,426.30000000000007,90,22,4.877272727272728,19.37727272727273,49.800000000000004,0.11681914144968332,False
23414,ZINC BOX SIGN HOME,1308.21,135,61,9.902131147540983,21.446065573770493,101.88,0.07787740500378379,False
23415,HOME SWEET HOME HOOK,397.34999999999997,321,45,1.3699999999999999,8.83,31.349999999999998,0.07889769724424311,False
23416,CHAMBRE HOOK,155.06999999999996,123,18,1.16,8.614999999999998,39.599999999999994,0.25536854323853747,False
23417,BATHROOM HOOK,137.76,140,21,1.1345454545454545,6.56,19.799999999999997,0.14372822299651566,False
23418,LAVENDER TOILETTE BOTTLE,1066.88,533,60,2.0655,17.781333333333336,85.92,0.08053389322135572,False
23419,HOME SWEET HOME BOTTLE ,892.96,436,60,2.0751666666666666,14.882666666666667,85.92,0.09621931553485039,False
23420,PANTRY HOOK TEA STRAINER ,330.72,159,28,2.08,11.811428571428573,24.96,0.07547169811320754,False
23421,PANTRY HOOK SPATULA,316.16,152,26,2.08,12.16,24.96,0.07894736842105263,False
23422,PANTRY HOOK BALLOON WHISK ,407.68,196,31,2.08,13.150967741935483,24.96,0.061224489795918366,False
23423,PANTRY 3 HOOK ROLLING PIN HANGER,738.75,197,51,3.75,14.485294117647058,45.0,0.06091370558375635,False
23424,GINGHAM RECIPE BOOK BOX,1962.0,408,103,4.926699029126214,19.04854368932039,99.60000000000001,0.0507645259938838,False
23425,STORAGE TIN HOME SWEET HOME,418.00000000000006,230,35,2.052857142857143,11.942857142857145,29.880000000000003,0.07148325358851675,False
23426,METAL SIGN DROP YOUR PANTS,3169.44,1224,170,2.8542441860465115,18.643764705882354,239.04,0.07542026351658336,False
23427,STOOL HOME SWEET HOME ,2613.0,225,106,12.30373831775701,24.650943396226417,613.6,0.2348258706467662,False
23428,IVORY RETRO KITCHEN WALL CLOCK,543.2,68,25,8.106,21.728,70.5,0.1297864506627393,False
23429,RED RETRO KITCHEN WALL CLOCK,358.6,44,20,8.15,17.93,48.900000000000006,0.13636363636363638,False
23430,BLUE RETRO KITCHEN WALL CLOCK,285.25,35,17,8.15,16.779411764705884,48.900000000000006,0.17142857142857146,False
23431,NATURAL HANGING QUILTED HEARTS ,1099.85,1411,66,0.8251470588235295,16.66439393939394,414.71999999999997,0.37706960040005455,False
23432,PRETTY HANGING QUILTED HEARTS,1045.1999999999998,1272,70,0.8268571428571428,14.931428571428569,99.6,0.09529276693455799,False
23433,HANGING QUILTED PATCHWORK APPLES,964.16,1168,80,0.828625,12.052,39.839999999999996,0.04132094258214404,False
23434,3 RAFFIA RIBBONS 50'S CHRISTMAS ,1616.6000000000001,1772,133,0.9055223880597015,12.154887218045113,158.0,0.0977359891129531,False
23435,3 RAFFIA RIBBONS VINTAGE CHRISTMAS,606.28,676,44,0.9072727272727273,13.77909090909091,158.0,0.2606056607508082,False
23436,GIFT BAG LARGE VINTAGE CHRISTMAS,185.0,148,9,1.25,20.555555555555557,50.0,0.2702702702702703,False
23436,VINTAGE CHRISTMAS GIFT BAG LARGE ,2047.9,1766,82,1.2397560975609756,24.97439024390244,416.0,0.20313491869720202,False
23437, 50'S CHRISTMAS GIFT BAG LARGE,2269.75,1883,109,1.2480733944954128,20.823394495412845,416.0,0.18328009692697433,False
23437,GIFT BAG LARGE 50'S CHRISTMAS,30.0,24,2,1.25,15.0,15.0,0.5,False
23438, RED SPOT GIFT BAG LARGE,2023.5,1686,92,1.247717391304348,21.994565217391305,416.0,0.20558438349394614,False
23438,GIFT BAG LARGE SPOT ,120.0,96,6,1.25,20.0,30.0,0.25,False
23439,HAND WARMER RED LOVE HEART,7574.1,3721,371,2.0941709844559586,20.415363881401618,355.20000000000005,0.046896660989424487,False
23440,PAINT YOUR OWN EGGS IN CRATE,299.36,164,5,2.022,59.872,257.76,0.8610368786745055,False
23441,HAND PAINTED HANGING EASTER EGG,9.24,22,3,0.42,3.08,4.2,0.45454545454545453,False
23442,12 HANGING EGGS HAND PAINTED,83.2,40,7,2.08,11.885714285714286,20.8,0.25,False
23444,Next Day Carriage,1185.0,78,78,15.192307692307692,15.192307692307692,30.0,0.02531645569620253,False
23445,ICE CREAM BUBBLES,2114.41,2627,93,0.8264893617021276,22.73559139784946,144.0,0.06810410469114316,False
23446,BLUE BUNNY EASTER EGG BASKET,230.24999999999997,157,3,1.5833333333333333,76.74999999999999,208.79999999999998,0.9068403908794789,False
23447,PINK BUNNY EASTER EGG BASKET,231.89999999999998,158,4,1.5999999999999999,57.974999999999994,208.79999999999998,0.9003880983182406,False
23448,CREAM BUNNY EASTER EGG BASKET,41.24999999999999,25,3,1.6499999999999997,13.749999999999998,19.799999999999997,0.48000000000000004,False
23449,SET OF 6 EASTER RAINBOW CHICKS,15.0,12,1,1.25,15.0,15.0,1.0,False
23451,SQUARE MINI PORTRAIT FRAME,519.0,268,44,1.9433333333333334,11.795454545454545,46.8,0.09017341040462427,False
23452,HEART MINI PORTRAIT FRAME,988.9499999999999,509,81,1.9462962962962964,12.209259259259259,46.8,0.04732291824662521,False
23453,OVAL  MINI PORTRAIT FRAME,611.85,315,46,1.9437499999999999,13.30108695652174,46.8,0.07648933562147585,False
23454,SET OF 3 MINI HANGING PORTRAITS,123.2,32,2,3.95,61.6,90.0,0.7305194805194805,False
23454,THREE MINI HANGING FRAMES,527.0500000000001,127,44,4.15,11.978409090909093,49.800000000000004,0.09448818897637795,False
23455,SMALL PARLOUR FRAME,106.98000000000002,42,2,2.6900000000000004,53.49000000000001,89.64000000000001,0.8379136287156478,False
23455,SMALL PARLOUR PICTURE FRAME,459.56,164,32,2.877878787878788,14.36125,89.64000000000001,0.19505614065627996,False
23456,MEDIUM PARLOUR FRAME ,84.1,22,2,3.95,42.05,67.5,0.8026159334126041,False
23456,MEDIUM PARLOUR PICTURE FRAME ,541.7,134,34,4.126470588235295,15.932352941176472,67.5,0.12460771644821857,False
23457,LARGE PARLOUR FRAME,122.85,27,2,4.725,61.425,108.0,0.8791208791208791,False
23457,LARGE PARLOUR PICTURE FRAME,375.75,77,27,4.933333333333334,13.916666666666666,54.0,0.1437125748502994,False
23458,DOLLY CABINET 3 DRAWERS ,687.6999999999999,46,29,14.95,23.713793103448275,29.9,0.043478260869565216,False
23459,DOLLY CABINET 2 DRAWERS ,375.0,30,18,12.5,20.833333333333332,25.0,0.06666666666666667,False
23460,SWEETHEART WALL TIDY ,957.3299999999999,103,41,9.898536585365854,23.34951219512195,250.88,0.26206219380986706,False
23461,SWEETHEART BIRD HOUSE,2891.95,825,82,4.135795454545455,35.267682926829266,2046.0,0.7074811113608466,False
23462,ROCOCO WALL MIROR,19.95,1,1,19.95,19.95,19.95,1.0,False
23462,ROCOCO WALL MIRROR WHITE,1112.1,58,35,19.692857142857143,31.77428571428571,101.69999999999999,0.09144861073644456,False
23463,VINTAGE ZINC WATERING CAN,119.39999999999999,12,7,9.95,17.057142857142857,19.9,0.16666666666666666,False
23464,VINTAGE ZINC WATERING CAN SMALL,79.2,16,6,4.95,13.200000000000001,19.8,0.25,False
23465,TUSCAN VILLA BIRD FEEDER,132.0,16,8,8.25,16.5,33.0,0.25,False
23465,TUSCAN VILLA FEEDING STATION,99.0,12,7,8.25,14.142857142857142,16.5,0.16666666666666666,False
23466,TUSCAN VILLA DOVECOTE,90.75,11,4,8.25,22.6875,33.0,0.36363636363636365,False
23466,TUSCAN VILLA DOVECOTE BIRD FEEDER,299.25,37,17,8.205882352941176,17.602941176470587,60.0,0.20050125313283207,False
23467,VINTAGE ZINC PLANTER  ,75.67,23,5,3.29,15.134,19.740000000000002,0.2608695652173913,False
23468,TUSCAN VILLA BIRD TABLE ,156.75,19,11,8.25,14.25,33.0,0.21052631578947367,False
23469,CARD HOLDER LOVE BIRD SMALL,1239.16,316,63,4.122698412698413,19.669206349206352,236.88,0.19116175473707994,False
23470,CARD HOLDER LOVE BIRD LARGE ,1249.26,208,73,6.214657534246576,17.113150684931508,194.04,0.15532395177945343,False
23471,SIX DRAWER OFFICE TIDY,596.0,64,26,9.753846153846153,22.923076923076923,66.0,0.11073825503355705,False
23472, NINE DRAWER OFFICE TIDY,777.9,54,30,14.786666666666665,25.93,75.0,0.09641342074816815,False
23473,WOODLAND SMALL RED FELT HEART,530.8299999999999,665,43,0.8274418604651163,12.34488372093023,138.24,0.2604223574402352,False
23474,WOODLAND SMALL BLUE FELT HEART,246.51,297,27,0.83,9.129999999999999,19.919999999999998,0.0808080808080808,False
23475,WOODLAND SMALL PINK FELT HEART,232.39999999999998,280,26,0.83,8.938461538461537,19.919999999999998,0.08571428571428572,False
23476,WOODLAND LARGE RED FELT HEART,247.5,198,18,1.25,13.75,15.0,0.06060606060606061,False
23477,WOODLAND LARGE BLUE FELT HEART,106.25,85,8,1.25,13.28125,15.0,0.1411764705882353,False
23478,WOODLAND LARGE PINK FELT HEART,307.18,278,10,1.2289999999999999,30.718,199.68,0.6500423204635719,False
23479,WIRE EGG BASKET ,819.65,109,40,7.775,20.49125,83.4,0.1017507472701763,False
23480,MINI LIGHTS WOODLAND MUSHROOMS,6050.49,1697,173,3.726477272727273,34.97393063583815,473.76,0.07830109627484716,False
23481,PEARLISED IVORY HEART SMALL ,266.21,217,27,1.2429999999999999,9.859629629629628,30.0,0.1126929867397919,False
23482,PEARLISED IVORY HEART LARGE ,651.15,415,36,1.6388888888888888,18.0875,208.79999999999998,0.32066344160331717,False
23483,HANGING  BUTTERFLY T-LIGHT HOLDER,1515.3799999999999,1300,66,1.2280597014925374,22.960303030303027,149.76,0.09882669693410234,False
23484,HEART TRELLIS TRIPLE T-LIGHT HOLDER,331.42,118,20,2.870952380952381,16.571,59.760000000000005,0.18031500814676243,False
23484,HEART TRELLISTRIPLE T-LIGHT HOLDER,152.24,56,5,2.81,30.448,59.760000000000005,0.3925380977404099,False
23485,BOTANICAL GARDENS WALL CLOCK ,5311.0,241,73,24.136986301369863,72.75342465753425,2496.0,0.469967990962154,False
23486,ANTIQUE HEART SHELF UNIT,3679.5,254,64,16.467187499999998,57.4921875,2002.5,0.544231553200163,False
23487,SWEET HEART CAKE CARRIER,666.15,69,39,9.862820512820512,17.08076923076923,59.699999999999996,0.0896194550776852,False
23489,"GARLAND, VINTAGE BELLS",265.88,92,10,2.89,26.588,57.800000000000004,0.2173913043478261,False
23489,VINTAGE BELLS GARLAND,2246.56,784,127,2.886992481203008,17.689448818897638,119.52000000000001,0.05320133893597323,False
23490,T-LIGHT HOLDER HANGING LOVE BIRD,1954.38,530,95,3.740315789473684,20.57242105263158,118.44,0.06060233936082031,False
23491,VINTAGE JINGLE BELLS HEART,1856.25,225,76,8.25,24.424342105263158,115.5,0.06222222222222222,False
23492,VINTAGE JINGLE BELLS WREATH,610.5,74,26,8.25,23.48076923076923,99.0,0.16216216216216217,False
23493,VINTAGE DOILY TRAVEL SEWING KIT,6724.8,3510,349,1.9483240223463687,19.268767908309457,330.0,0.04907209136331192,False
23494,VINTAGE DOILY DELUXE SEWING KIT ,3808.15,657,171,5.932558139534883,22.269883040935675,238.0,0.06249753817470425,False
23495,SET OF 3 PANTRY WOODEN SPOONS,240.0,192,24,1.25,10.0,30.0,0.125,False
23496,PANTRY KITCHEN THERMOMETER ,110.0,88,22,1.25,5.0,15.0,0.13636363636363635,False
23497,CLASSIC CHROME BICYCLE BELL ,3413.95,2439,169,1.4392528735632184,20.200887573964497,855.5999999999999,0.25061878469221865,False
23497,CLASSIC CROME BICYCLE BELL ,77.4,60,2,1.35,38.7,60.0,0.7751937984496123,False
23498,CLASSIC BICYCLE CLIPS ,2200.15,1587,86,1.4402247191011237,25.58313953488372,855.5999999999999,0.3888825761879871,False
23499,SET 12 VINTAGE DOILY CHALK ,522.48,1244,93,0.42,5.618064516129032,22.68,0.04340836012861736,False
23500,KEY RING BASEBALL BOOT ASSORTED ,1928.8,1580,84,1.2428409090909092,22.961904761904762,104.0,0.05391953546246371,False
23501,KEY RING BASEBALL BOOT UNION JACK,2103.3,1770,85,1.2379310344827588,24.744705882352942,208.0,0.09889221699234535,False
23502,PLAYING CARDS VINTAGE DOILEY ,16.25,13,2,1.25,8.125,15.0,0.9230769230769231,False
23502,PLAYING CARDS VINTAGE DOILY ,822.73,677,85,1.2451162790697674,9.679176470588235,104.0,0.12640842074556657,False
23503,PLAYING CARDS KEEP CALM & CARRY ON,4240.46,3430,327,1.24811377245509,12.96776758409786,104.0,0.024525641086108583,False
23504,PLAYING CARDS JUBILEE UNION JACK,2073.73,1661,190,1.2489447236180904,10.914368421052632,60.0,0.028933371268197883,False
23505,PLAYING CARDS I LOVE LONDON ,1238.5,1058,104,1.2420754716981133,11.908653846153847,104.0,0.08397254743641502,False
23506,MINI PLAYING CARDS SPACEBOY ,1106.28,2694,127,0.41909090909090907,8.710866141732284,210.0,0.18982536066818528,False
23507,MINI PLAYING CARDS BUFFALO BILL ,1128.18,2839,101,0.41834862385321103,11.17009900990099,288.0,0.25527841301919907,False
23508,MINI PLAYING CARDS DOLLY GIRL ,1012.2,2470,106,0.4189473684210526,9.549056603773586,210.0,0.20746887966804978,False
23509,MINI PLAYING CARDS FUN FAIR ,433.2,1040,54,0.4178181818181818,8.022222222222222,210.0,0.4847645429362881,False
23510,MINI PLAYING CARDS GYMKHANA,901.74,2297,95,0.41879999999999995,9.492,288.0,0.3193825271142458,False
23511,EMBROIDERED RIBBON REEL EMILY ,1036.02,519,85,2.0732558139534887,12.188470588235294,257.76,0.2487982857473794,False
23512,EMBROIDERED RIBBON REEL ROSIE,921.46,484,49,2.0622448979591836,18.80530612244898,257.76,0.279729993705641,False
23513,EMBROIDERED RIBBON REEL SUSIE ,1060.48,550,61,2.0704918032786885,17.384918032786885,257.76,0.24305974652987325,False
23514,EMBROIDERED RIBBON REEL SALLY ,896.66,452,61,2.0704918032786885,14.699344262295082,257.76,0.2874668213146566,False
23515,EMBROIDERED RIBBON REEL DAISY ,1075.3799999999999,558,59,2.0655,18.22677966101695,257.76,0.23969201584556157,False
23516,EMBROIDERED RIBBON REEL SOPHIE  ,1025.01,291,40,3.7280952380952384,25.62525,236.88,0.23110018438844498,False
23517,EMBROIDERED RIBBON REEL REBECCA ,860.88,312,51,2.8743137254901963,16.88,239.04000000000002,0.277669361583496,False
23518,EMBROIDERED RIBBON REEL RACHEL ,937.59,351,40,2.87,23.43975,239.04000000000002,0.25495152465363324,False
23519,EMBROIDERED RIBBON REEL CLAIRE,755.01,219,19,3.701578947368421,39.73736842105263,236.88,0.31374418881869115,False
23520,EMBROIDERED RIBBON REEL RUBY ,585.63,165,30,3.734666666666667,19.521,236.88,0.4044874750268941,False
23521,CAT AND BIRD WALL ART,323.64,270,4,2.005,80.91,268.8,0.8305524657026326,False
23521,WALL ART CAT AND BIRD ,324.98,118,18,2.7544444444444447,18.054444444444446,74.7,0.22986029909532893,False
23522,DOG AND BALL WALL ART,425.87999999999994,252,4,2.26,106.46999999999998,234.71999999999997,0.5511411665257819,False
23522,WALL ART DOG AND BALL ,226.29000000000002,89,17,2.6500000000000004,13.311176470588236,44.82000000000001,0.19806443059790535,False
23523,TREASURE AHOY WALL ART,810.96,264,15,3.574,54.064,319.20000000000005,0.39360757620597814,False
23523,WALL ART TREASURE AHOY ,317.97,87,22,3.708181818181818,14.45318181818182,39.480000000000004,0.12416265685442023,False
23524,HORSE & PONY WALL ART,774.8100000000001,250,16,3.585,48.425625000000004,319.20000000000005,0.41197196732102065,False
23524,WALL ART HORSE & PONY ,644.6700000000001,209,34,3.6908823529411765,18.96088235294118,319.20000000000005,0.4951370468611848,False
23525,BUFFALO BILL WALL ART ,822.72,240,14,3.684285714285714,58.76571428571429,394.8,0.4798716452742124,False
23525,WALL ART BUFFALO BILL ,932.6700000000001,321,29,3.6427586206896554,32.16103448275862,319.20000000000005,0.3422432371578372,False
23526,DOG LICENCE WALL ART,1993.6399999999999,392,27,5.752222222222223,73.83851851851851,962.9999999999999,0.48303605465379906,False
23526,WALL ART DOG LICENCE ,2265.18,474,62,5.846507936507936,36.53516129032258,491.4,0.2169364024051069,False
23527,ANIMALS AND NATURE WALL ART,901.47,261,16,3.6925,56.341875,394.8,0.43795134613464676,False
23527,WALL ART ANIMALS AND NATURE ,467.25,147,26,3.6726923076923077,17.971153846153847,191.52,0.4098876404494382,False
23528,SPACEBOY WALL ART,885.9000000000001,306,13,3.582307692307692,68.14615384615385,383.04,0.4323738570944802,False
23528,WALL ART SPACEBOY,495.48,156,21,3.654285714285714,23.594285714285714,191.52,0.3865342697989828,False
23529,DOLLY GIRL WALL ART,1055.94,318,11,3.6090909090909093,95.99454545454546,789.6,0.7477697596454344,False
23529,WALL ART DOLLY GIRL ,896.3700000000001,311,19,3.6110526315789473,47.17736842105264,319.20000000000005,0.3561029485591887,False
23530,WALL ART ONLY ONE PERSON ,4211.55,1031,73,4.749178082191781,57.69246575342466,449.82,0.10680628272251308,False
23530,"WALL ART,ONLY ONE PERSON ",29.700000000000003,6,1,4.95,29.700000000000003,29.700000000000003,1.0,False
23531,WALL ART BIG LOVE ,5319.36,960,97,6.744897959183674,54.838762886597934,801.3599999999999,0.1506497022198159,False
23532,WALL ART WORK REST AND PLAY  ,853.47,205,26,4.470769230769231,32.82576923076923,498.00000000000006,0.5835002987802735,False
23533,WALL ART GARDEN HAVEN ,936.34,210,31,5.151935483870968,30.20451612903226,279.36,0.2983531623128351,False
23534,STOP FOR TEA WALL ART,2554.85,515,40,5.7715000000000005,63.871249999999996,962.9999999999999,0.37693015245513434,False
23534,WALL ART STOP FOR TEA ,3748.1800000000003,688,153,5.909285714285714,24.497908496732027,488.88,0.13043130265889044,False
23535,BICYCLE SAFTEY WALL ART,2371.94,458,39,5.782307692307692,60.81897435897436,962.9999999999999,0.40599677900790065,False
23535,WALL ART BICYCLE SAFETY,3406.57,643,119,5.895666666666667,28.626638655462187,491.4,0.14425066856104526,False
23535,WALL ART BICYCLE SAFTEY ,114.15,21,3,5.75,38.050000000000004,96.3,0.8436268068331143,False
23536,VILLAGE SHOW WALL ART,2048.62,382,17,5.722941176470589,120.5070588235294,962.9999999999999,0.4700725366344173,False
23536,WALL ART VILLAGE SHOW ,1201.6100000000001,227,56,5.913035714285714,21.45732142857143,279.36,0.23248807849468628,False
23537,I LOVE LONDON WALL ART,59.400000000000006,12,2,4.95,29.700000000000003,29.700000000000003,0.5,False
23537,WALL ART I LOVE LONDON ,387.3,86,19,4.8236842105263165,20.38421052631579,74.7,0.19287374128582493,False
23538,WALL ART VINTAGE HEART,1273.92,326,27,4.78925925925926,47.18222222222222,773.28,0.607008289374529,False
23539,"WALL ART , LOVES' SECRET ",47.6,8,2,5.95,23.8,23.8,0.5,False
23539,WALL ART LOVES' SECRET ,1082.1100000000001,229,33,5.788181818181818,32.791212121212126,325.92,0.301189343042759,False
23540,"WALL ART , THE MAGIC FOREST ",13.9,2,1,6.95,13.9,13.9,1.0,False
23540,WALL ART THE MAGIC FOREST ,876.64,144,9,6.052222222222222,97.40444444444444,750.0,0.8555393319948896,False
23541,"WALL ART ,PUDDINGS ",44.7,6,1,7.45,44.7,44.7,1.0,False
23541,WALL ART CLASSIC PUDDINGS ,6093.49,821,118,8.114915254237287,51.63974576271186,894.0,0.14671395210298205,False
23542,70'S ALPHABET WALL ART,1026.6,148,14,7.967142857142856,73.32857142857142,520.26,0.5067796610169492,False
23542,WALL ART 70'S ALPHABET ,2369.7799999999997,330,55,8.062000000000001,43.08690909090909,800.4,0.33775287157457656,False
23543,KEEP CALM WALL ART ,2015.97,269,20,7.9465,100.7985,1341.0,0.6651884700665188,False
23543,WALL ART KEEP CALM ,4853.5,958,74,7.835921052631579,65.58783783783784,2896.7000000000003,0.596827032038735,False
23544,WALL ART MID CENTURY MODERN ,1007.53,163,19,7.484736842105264,53.02789473684211,647.52,0.6426806149692813,False
23545,WRAP RED DOILEY,157.5,375,15,0.42,10.5,10.5,0.06666666666666667,False
23545,WRAP RED VINTAGE DOILY,866.0,2100,68,0.41884057971014493,12.735294117647058,68.0,0.07852193995381063,False
23546,WRAP PAISLEY PARK ,1365.0,3250,120,0.42,11.375,21.0,0.015384615384615385,False
23547,WRAP FLOWER SHOP  ,661.5,1575,62,0.42,10.669354838709678,21.0,0.031746031746031744,False
23548,WRAP MAGIC FOREST ,451.5,1075,43,0.42,10.5,10.5,0.023255813953488372,False
23549,WRAP BIRD GARDEN ,546.0,1300,51,0.42,10.705882352941176,21.0,0.038461538461538464,False
23550,WRAP ALPHABET POSTER  ,761.0,1850,63,0.41873015873015873,12.079365079365079,68.0,0.08935611038107753,False
23551,PACK OF 12 PAISLEY PARK TISSUES ,629.4599999999999,1614,95,0.38999999999999996,6.625894736842104,18.72,0.029739776951672865,False
23552,BICYCLE PUNCTURE REPAIR KIT ,3336.7200000000003,1730,103,2.062181818181818,32.395339805825245,1153.2,0.34560886139682084,False
23553,LANDMARK FRAME CAMDEN TOWN ,6244.85,557,62,12.375,100.7233870967742,3285.0,0.5260334515640888,True
23554,LANDMARK FRAME OXFORD STREET,4730.65,419,54,12.385185185185184,87.60462962962963,3285.0,0.6944077452358556,False
23555,LANDMARK FRAME NOTTING HILL ,4730.65,419,48,12.405102040816328,98.55520833333333,3285.0,0.6944077452358556,False
23556,LANDMARK FRAME COVENT GARDEN ,4899.55,434,52,12.38076923076923,94.22211538461539,3285.0,0.6704697370166648,False
23557,LANDMARK FRAME BAKER STREET ,3867.85,347,29,12.39310344827586,133.37413793103448,3285.0,0.8493090476621379,False
23558,LANDMARK FRAME LONDON BRIDGE ,4604.2,410,47,12.401063829787235,97.96170212765956,3285.0,0.7134789974371226,False
23559,WOODLAND BUNNIES LOLLY MAKERS,1129.28,563,75,2.0722666666666667,15.057066666666666,171.84,0.15216775290450554,False
23560,SET OF 6 RIBBONS COUNTRY STYLE,447.07,163,20,2.87,22.3535,149.4,0.3341758561299126,False
23561,SET OF 6 RIBBONS PARTY,458.63,167,13,2.8592307692307695,35.27923076923077,149.4,0.32575278546976866,False
23562,SET OF 6 RIBBONS PERFECTLY PRETTY  ,678.27,243,37,2.8791891891891894,18.331621621621622,149.4,0.22026626564642401,False
23564,EGG CUP MILKMAID INGRID,703.51,587,42,1.2449999999999999,16.750238095238096,149.76,0.21287543887080496,False
23565,EGG CUP MILKMAID HELGA ,428.75,343,31,1.25,13.830645161290322,60.0,0.13994169096209913,False
23566,EGG CUP MILKMAID HEIDI,914.52,780,46,1.2408695652173913,19.88086956521739,149.76,0.16375803700301797,False
23567,EGG CUP HENRIETTA HEN PINK,232.5,186,18,1.25,12.916666666666666,30.0,0.12903225806451613,False
23568,EGG CUP HENRIETTA HEN CREAM ,663.27,579,28,1.2349999999999999,23.688214285714285,149.76,0.22579040209869283,False
23569,TRADTIONAL ALPHABET STAMP SET,4487.400000000001,924,174,4.9455056179775285,25.789655172413795,448.20000000000005,0.09987966305655836,False
23570,TRADITIONAL PICK UP STICKS GAME ,2295.0,1836,231,1.25,9.935064935064934,60.0,0.026143790849673203,False
23571,TRADITIONAL NAUGHTS & CROSSES,3300.8999999999996,2018,216,1.6490950226244343,15.281944444444443,208.79999999999998,0.06325547577933291,False
23574,PACKING CHARGE,90.0,12,12,7.5,7.5,7.5,0.08333333333333333,False
23575,SNACK TRAY PAISLEY PARK,305.4,164,22,1.9375,13.881818181818181,79.19999999999999,0.2593320235756385,False
23576,SNACK TRAY RED VINTAGE DOILY,346.34999999999997,185,29,1.94,11.943103448275862,79.19999999999999,0.22867042009527933,False
23578,SNACK TRAY RED GINGHAM,109.2,56,11,1.95,9.927272727272728,15.6,0.14285714285714285,False
23579,SNACK TRAY I LOVE LONDON,276.15,149,24,1.9375,11.50625,79.19999999999999,0.2868006518196632,False
23580,SNACK TRAY HAPPY FOREST  ,214.5,110,21,1.9499999999999997,10.214285714285714,15.6,0.07272727272727272,False
23581,JUMBO BAG PAISLEY PARK,8273.28,4236,300,2.0600325732899023,27.577600000000004,179.0,0.021635917072793377,False
23582,VINTAGE DOILY JUMBO BAG RED ,8285.54,4313,232,2.067489361702128,35.713534482758625,2685.0,0.3240585405417148,False
23583,LUNCH BAG PAISLEY PARK  ,5234.75,3295,297,1.644736842105263,17.625420875420875,290.0,0.0553990161898849,False
23597,PAPER BUNTING PAISLEY PARK,644.0,240,27,2.9055555555555554,23.85185185185185,204.0,0.3167701863354037,False
23598,PAPER BUNTING VINTAGE PARTY,1175.0,420,42,2.930952380952381,27.976190476190474,204.0,0.17361702127659576,False
23630,SET 10 CARDS HANGING BAUBLES 17080,2.99,1,1,2.99,2.99,2.99,1.0,False
23660,HENRIETTA HEN MUG ,457.04999999999995,277,30,1.65,15.234999999999998,19.799999999999997,0.04332129963898917,False
23661,MILK MAIDS MUG ,303.59999999999997,184,22,1.65,13.799999999999999,19.799999999999997,0.06521739130434782,False
23664,FLOWER SHOP DESIGN MUG,1.65,1,1,1.65,1.65,1.65,1.0,False
23681,LUNCH BAG RED VINTAGE DOILY,2432.55,1547,118,1.6415966386554621,20.61483050847458,290.0,0.1192164600933177,False
23691,KEEP CALM BIRTHDAY WRAP,21.0,50,2,0.42,10.5,10.5,0.5,False
23691,WRAP KEEP CALM BIRTHDAY,460.5,1125,36,0.4183333333333333,12.791666666666666,72.0,0.1563517915309446,False
23692,WRAP A PRETTY THANK YOU,21.0,50,2,0.42,10.5,10.5,0.5,False
23694,PAISLEY PARK CARD,141.84,348,24,0.4175,5.91,25.919999999999998,0.18274111675126903,False
23695,DOILY THANK YOU CARD,286.62,703,44,0.41727272727272724,6.51409090909091,25.919999999999998,0.0904333263554532,False
23697,A PRETTY THANK YOU CARD,179.64,438,26,0.41777777777777775,6.909230769230769,25.919999999999998,0.14428857715430862,False
23702,High Resolution Image,27.0,4,3,8.5,9.0,21.0,0.7777777777777778,False
35001B,HAND OPEN SHAPE BLACK,55.84,16,5,3.4900000000000007,11.168000000000001,20.94,0.375,False
35001G,HAND OPEN SHAPE GOLD,1717.8600000000001,596,60,3.7051612903225806,28.631000000000004,325.44,0.18944500716007123,False
35001P,HAND OPEN SHAPE PINK,3.49,1,1,3.49,3.49,3.49,1.0,False
35001W,HAND OPEN SHAPE DECO.WHITE,2111.86,736,107,3.394587155963303,19.737009345794394,230.10000000000002,0.10895608610419252,False
35004B,SET OF 3 BLACK FLYING DUCKS,4704.150000000001,1163,119,4.660833333333334,39.530672268907566,223.20000000000002,0.04744746659864162,False
35004C,SET OF 3 COLOURED  FLYING DUCKS,13162.85,2765,225,5.144222222222222,58.501555555555555,781.2,0.059348849223382474,False
35004G,SET OF 3 GOLD FLYING DUCKS,1262.97,341,64,5.229692307692308,19.73390625,93.6,0.0741110240148222,False
35004P,SET OF 3 PINK FLYING DUCKS,354.6,84,21,5.040476190476191,16.885714285714286,55.800000000000004,0.15736040609137056,False
35004S,SET OF 3 SILVER FLYING DUCKS,376.7,130,16,4.425,23.54375,46.8,0.12423679320414122,False
35015,JACOBS LADDER SMALL,123.84,2064,38,0.06,3.258947368421053,8.64,0.06976744186046512,False
35051B,PINK BEADED CONE CHRISTMAS,5.88,14,2,0.42,2.94,3.36,0.5714285714285714,False
35071,ASSORTED SANTA CHRISTMAS DECORATION,40.8,48,5,0.85,8.16,20.4,0.5,False
35085E,IVORY ROSE LAMPSHADE ,44.25,39,9,1.1666666666666667,4.916666666666667,7.5,0.1694915254237288,False
35095A,BLUE VICTORIAN FABRIC OVAL BOX,605.5699999999999,1665,78,0.415,7.7637179487179475,104.39999999999999,0.1723995574417491,False
35095B,RED VICTORIAN FABRIC OVAL BOX,659.87,1824,92,0.41434782608695647,7.1725,104.39999999999999,0.15821298134481032,False
35096A,BLUE VICTORIAN FABRIC HEART BOX,228.39,710,19,0.4131578947368421,12.020526315789473,155.73,0.6818599763562327,False
35096B,RED VICTORIAN FABRIC HEART BOX,102.63,288,21,0.4138095238095238,4.887142857142857,40.89,0.3984215141771412,False
35160,BUDDHA INCENSE HOLDER ASSORTED,1587.24,2176,53,0.8152830188679245,29.947924528301886,207.35999999999999,0.1306418689045135,False
35233,PASTA ENAMEL/BRASS CONTAINER,37.5,10,8,3.75,4.6875,7.5,0.2,False
35240,ENAMEL BLUE RIM OVAL TRAY SET/2,407.52,48,38,8.49,10.724210526315789,33.96,0.08333333333333334,False
35241,ENAMEL BLUE RIM BISCUIT BIN,1226.8000000000002,260,91,4.873076923076923,13.481318681318683,102.0,0.08314313661558526,False
35265,COLOURFUL FLOWER FRUIT BOWL,78.05,20,15,3.5533333333333332,5.203333333333333,27.8,0.356181934657271,False
35271S,GOLD PRINT PAPER BAG,84.18,414,18,0.20277777777777778,4.676666666666667,27.36,0.32501781895937276,False
35400,WOODEN BOX ADVENT CALENDAR ,10268.65,1188,323,8.882874617737002,31.791486068111453,381.6,0.037161652213289965,False
35443,RASTA IN BATH W SPLIFF ASHTRAY,12.75,15,9,0.85,1.4166666666666667,3.4,0.26666666666666666,False
35471A,SET OF 3 BIRD L.BLUE FEATHER,332.35,335,53,1.1954545454545455,6.270754716981132,31.200000000000003,0.09387693696404394,False
35471D,SET OF 3 BIRD LIGHT PINK FEATHER ,1057.5,1948,204,0.719811320754717,5.1838235294117645,18.72,0.017702127659574466,False
35537,CANDLE RING W/CLEAR BEADS,5.46,13,3,0.42,1.82,2.52,0.46153846153846156,False
35591T,TURQUOISE CHRISTMAS TREE ,21.25,17,9,1.25,2.361111111111111,5.0,0.23529411764705882,False
35594,WOODEN CHRISTMAS TREE 3 HANGING,57.96,138,21,0.42000000000000004,2.7600000000000002,5.04,0.08695652173913043,False
35596,WOOD XMAS TREE 9 FIG SHELVES,24.65,29,4,0.85,6.1625,17.0,0.6896551724137931,False
35597A,DUSTY PINK CHRISTMAS TREE 30CM,12.5,10,4,1.25,3.125,7.5,0.6,False
35597B,BLACKCHRISTMAS TREE 30CM,22.5,18,6,1.25,3.75,15.0,0.6666666666666666,False
35597D,PINK/WHITE CHRISTMAS TREE 30CM,25.28,58,7,0.5825,3.6114285714285717,9.120000000000001,0.3607594936708861,False
35598A,DUSTY PINK CHRISTMAS TREE 60CM,29.500000000000004,10,3,2.9500000000000006,9.833333333333334,17.700000000000003,0.6,False
35598B,BLACK CHRISTMAS TREE 60CM,792.85,919,48,1.7520833333333334,16.517708333333335,156.0,0.19675852935612032,False
35598C,WHITE CHRISTMAS TREE 60CM,8.850000000000001,3,3,2.9500000000000006,2.9500000000000006,2.95,0.3333333333333333,False
35598D,PINK/WHITE CHRISTMAS TREE 60CM,1098.47,1641,52,0.8001923076923076,21.124423076923076,156.0,0.14201571276411737,False
35599B,BLACK CHRISTMAS TREE 120CM,828.5699999999999,249,38,5.154736842105263,21.804473684210524,140.4,0.16944856801477245,False
35599D,PINK AND WHITE CHRISTMAS TREE 120CM,866.58,322,39,2.7664102564102566,22.220000000000002,118.0,0.13616746290013615,False
35600D,PINK AND WHITE CHRISTMAS TREE 180CM,476.00000000000006,140,12,5.866666666666666,39.66666666666667,138.65,0.291281512605042,False
35603B,S/16 BLACK SHINY/MAT BAUBLES,20.16,48,1,0.42,20.16,20.16,1.0,False
35603C,SET/16 WHITE SHINY & MATT BAUBLES,47.04,80,22,0.7121739130434782,2.138181818181818,10.5,0.22321428571428573,False
35607A,PINK FLUFFY CHRISTMAS DECORATION,103.55000000000001,545,28,0.19,3.698214285714286,13.68,0.13211009174311925,False
35607B,BLACK FEATHER CHRISTMAS DECORATION,58.900000000000006,310,16,0.19,3.6812500000000004,13.68,0.23225806451612901,False
35609A,PINK FEATHER CHRISTMAS DECORATION,82.19000000000001,427,18,0.2488888888888889,4.566111111111112,9.120000000000001,0.11096240418542401,False
35610A,PINK CHRISTMAS FLOCK DROPLET ,92.82,138,8,1.0425,11.6025,20.16,0.2171945701357466,False
35610B,BLACK CHRISTMAS FLOCK DROPLET ,144.07,179,13,1.1314285714285715,11.082307692307692,30.0,0.20823210939126816,False
35610C,WHITE CHRISTMAS FLOCK DROPLET ,73.91,91,6,1.1116666666666666,12.318333333333333,30.0,0.40589906643214724,False
35611B,BLACK ASSORTED DROPLET DECORATION,22.42,59,2,0.38000000000000006,11.21,18.240000000000002,0.8135593220338984,False
35633B,BLUE TINSEL GARLAND ,24.7,130,12,0.19000000000000003,2.058333333333333,6.84,0.27692307692307694,False
35637A,IVORY STRING CURTAIN WITH POLE ,1245.0,540,44,3.7681818181818185,28.295454545454547,468.0,0.3759036144578313,False
35637C,PINK STRING CURTAIN WITH POLE,273.34999999999997,97,16,4.11875,17.084374999999998,93.6,0.34241814523504666,False
35638A,PINK AND BLACK STRING CURTAIN,88.04999999999998,39,6,3.9499999999999997,14.674999999999997,64.35,0.7308347529812608,False
35638B,PINK/BLUE STRING CURTAIN ,268.25,115,8,3.45,33.53125,93.6,0.348928238583411,False
35644,PAIR PINK/BLACK COATHANGERS,40.95,21,7,1.95,5.8500000000000005,11.7,0.2857142857142857,False
35645,VINTAGE BEAD PINK JEWEL BOX,216.75,51,24,4.25,9.03125,17.0,0.0784313725490196,False
35646,VINTAGE BEAD PINK EVENING BAG,753.88,533,51,1.8050943396226415,14.781960784313725,30.0,0.03979413169204648,False
35647,VINTAGE BEAD PINK SHADE ,652.5,525,43,1.2329545454545454,15.174418604651162,180.0,0.27586206896551724,False
35648,VINTAGE BEAD PINK PURSE ,916.26,842,67,1.2208571428571429,13.6755223880597,70.80000000000001,0.07727064370375222,False
35649,VINTAGE BEAD COSMETIC BAG ,1195.82,1776,21,3.144090909090909,56.94380952380952,1036.8,0.8670201200849627,False
35650,VINTAGE BEAD PINK JEWEL STAND,14.850000000000001,3,3,4.95,4.95,4.95,0.3333333333333333,False
35651,VINTAGE BEAD PINK SCARF ,592.9499999999999,325,36,2.5013513513513512,16.47083333333333,39.599999999999994,0.06678472046546927,False
35652,VINTAGE BEAD CHAISE LONG JEWEL BOX,21.5,18,2,3.625,10.75,13.5,0.627906976744186,False
35653,VINTAGE BEAD NOTEBOOK,539.85,183,56,2.95,9.640178571428573,23.6,0.04371584699453552,False
35654,VINTAGE BEAD FILLED PINK CUSHION,59.400000000000006,12,5,4.95,11.88,24.75,0.41666666666666663,False
35751C,PURPLE CURRENT CANDLE RING,12.61,31,2,0.47,6.305,9.0,0.7137192704203014,False
35751D,PINK CURRENT CANDLE RING,5.32,28,1,0.19,5.32,5.32,1.0,False
35793,S/3 PUPPIES CHRISTMAS DECORATIONS,174.05,101,8,2.016666666666667,21.75625,47.2,0.2711864406779661,False
35809A,ENAMEL PINK TEA CONTAINER,1297.81,1037,110,1.6027927927927927,11.798272727272726,40.8,0.03143757560813987,False
35809B,ENAMEL BLUE RIM TEA CONTAINER,162.48000000000002,81,22,2.0422727272727275,7.385454545454547,25.200000000000003,0.155096011816839,False
35810A,ENAMEL PINK COFFEE CONTAINER,1280.26,1116,104,1.413047619047619,12.310192307692308,40.56,0.03168106478371581,False
35810B,ENAMEL BLUE RIM COFFEE CONTAINER,433.97,294,49,1.6861224489795918,8.856530612244898,25.200000000000003,0.05806853008272461,False
35811A,ENAMEL PINK SUGAR CONTAINER,577.38,389,47,1.887659574468085,12.284680851063829,40.8,0.07066403408500467,False
35815B,"ACRYLIC JEWEL SNOWFLAKE,BLUE",35.34,93,2,0.38,17.67,18.240000000000002,0.5161290322580645,False
35815P,"ACRYLIC JEWEL SNOWFLAKE, PINK",75.88000000000001,168,7,1.1171428571428572,10.840000000000002,18.240000000000002,0.24037954665260938,False
35816B,"ACRYLIC JEWEL ANGEL,BLUE",52.93,137,2,0.815,26.465,51.68,0.9763839032684678,False
35816P,"ACRYLIC JEWEL ANGEL,PINK",124.88000000000001,292,7,0.7528571428571428,17.84,57.0,0.45643818065342723,False
35817B,"ACRYLIC JEWEL SNOWFLAKE,BLUE",56.129999999999995,142,2,1.4649999999999999,28.064999999999998,53.58,0.9545697487974346,False
35817P,"ACRYLIC JEWEL SNOWFLAKE,PINK",202.02,406,9,1.3444444444444443,22.44666666666667,91.2,0.4514404514404514,False
35817P,PINK ACRYLIC JEWEL SNOWFLAKE,4.5600000000000005,12,1,0.38,4.5600000000000005,4.5600000000000005,1.0,False
35818B,"ACRYLIC JEWEL ICICLE, BLUE",168.38,403,8,0.5387500000000001,21.0475,54.72,0.3249792136833353,False
35818P,"ACRYLIC JEWEL ICICLE, PINK",208.62,549,20,0.38,10.431000000000001,54.72,0.26229508196721313,False
35819B,"ACRYLIC HANGING JEWEL,BLUE",182.19,381,29,0.543125,6.282413793103448,27.36,0.15017289642680717,False
35819P,"ACRYLIC HANGING JEWEL,PINK",66.55,95,7,0.5042857142857143,9.507142857142856,43.75,0.6574004507888805,False
35821B,"JEWELLED DECORATION,BLUE",57.0,150,3,0.38000000000000006,19.0,29.64,0.52,False
35821P,"JEWELLED DECORATION,PINK",5.9,2,2,2.95,2.95,2.95,0.5,False
35822B,"ACRYLIC BEAD CHAIN, BLUE",87.02,229,1,0.38,87.02,87.02,1.0,False
35822P,"ACRYLIC BEAD CHAIN, PINK",43.32,114,1,0.38,43.32,43.32,1.0,False
35823P,"ACRYLIC BEAD GARLAND,PINK",5.9,2,2,2.95,2.95,2.95,0.5,False
35824B,"HANGING FLOWERS+MIRROR,BLUE",200.26000000000002,527,5,0.38,40.05200000000001,136.8,0.683111954459203,False
35824C,"HANGING FLOWERS+MIRROR,CLEAR",117.05,235,8,0.935,14.63125,38.76,0.331140538231525,False
35824P,"HANGING FLOWERS+MIRROR,PINK",136.44,324,3,0.75,45.48,109.44,0.8021108179419525,False
35832,WOOLLY HAT SOCK GLOVE ADVENT STRING,4992.900000000001,1686,162,3.002439024390244,30.820370370370373,177.0,0.035450339482064525,False
35833G,4 GOLD FLOCK CHRISTMAS BALLS,198.0,126,29,1.436206896551724,6.827586206896552,47.400000000000006,0.2393939393939394,False
35833P,4 PINK FLOCK CHRISTMAS BALLS,241.75,161,43,1.3755813953488372,5.622093023255814,47.400000000000006,0.19607032057911067,False
35837,SET OF SIX SILVER+RED FLOCK BAUBLES,1.7,2,1,0.85,1.7,1.7,1.0,False
35838A,S/6 MULTICOLOUR ORNAMENETAL CANDLE,176.75,171,18,1.2111111111111112,9.819444444444445,60.0,0.33946251768033947,False
35838B,S/6 SILVER ORNAMENETAL CANDLE,82.45,97,22,0.85,3.747727272727273,17.0,0.20618556701030927,False
35840,FLAT GLASS  BAUBLE WHITE FLOCK ,50.15,35,5,1.19,10.03,30.599999999999998,0.6101694915254237,False
35909A,RABBIT EASTER DECORATION,59.00000000000001,20,5,2.95,11.8,17.700000000000003,0.3,False
35909B,PINK FLOWERS RABBIT EASTER,47.2,16,6,2.95,7.866666666666667,17.700000000000003,0.37500000000000006,False
35910A,MULTICOLOUR EASTER RABBIT ,101.39999999999999,52,12,1.95,8.45,11.7,0.11538461538461539,False
35910B,PINK FLOWERS RABBIT EASTER,52.65,27,6,1.95,8.775,11.7,0.2222222222222222,False
35911A,MULTICOLOUR RABBIT EGG WARMER,309.65,260,41,1.503809523809524,7.552439024390243,20.4,0.0658808331987728,False
35911B,PINK/FLOWER RABBIT EGG WARMER ,119.70000000000002,57,13,2.1,9.207692307692309,25.200000000000003,0.21052631578947367,False
35912B,WHITE/PINK CHICK DECORATION,326.39,283,26,1.2353846153846153,12.553461538461537,76.32000000000001,0.23383069334232057,False
35913B,WHITE/PINK CHICK EASTER DECORATION,82.45,97,19,0.8499999999999999,4.339473684210526,10.2,0.12371134020618556,False
35914,PINK CHICK EGG WARMER + EGG CUP,246.25,175,28,1.6,8.794642857142858,25.200000000000003,0.10233502538071067,False
35915A,CREAM KNITTED HEN,365.76,288,1,1.27,365.76,365.76,1.0,False
35915B,BLUE KNITTED HEN ,606.66,434,31,1.6381249999999998,19.56967741935484,365.76,0.6029077242607062,False
35915C,PEACH KNITTED HEN ,530.76,388,23,1.6334782608695653,23.076521739130435,365.76,0.689125028261361,False
35916A,YELLOW FELT HANGING HEART W FLOWER,43.349999999999994,51,7,0.85,6.192857142857142,10.2,0.23529411764705885,False
35916B,BLUE FELT HANGING HEART W FLOWER,26.349999999999998,31,4,0.85,6.5874999999999995,10.2,0.3870967741935484,False
35916B,BLUE FELT HANGING HEART WITH FLOWER,5.1,6,1,0.85,5.1,5.1,1.0,False
35916C,PINK FELT HANGING HEART W FLOWER,72.25,85,9,0.85,8.027777777777779,10.2,0.1411764705882353,False
35918B,BLUE FLORIBUNDA EGG WARMER,12.5,10,5,1.25,2.5,3.75,0.3,False
35920,FOUR RABBIT EASTER DECORATIONS,275.25,1065,20,1.1949999999999998,13.7625,144.0,0.5231607629427792,False
35921,EASTER BUNNY HANGING GARLAND,192.5,154,26,1.25,7.403846153846154,15.0,0.07792207792207792,False
35922,EASTER BUNNY WREATH,342.4,72,21,4.916666666666667,16.304761904761904,85.0,0.24824766355140188,False
35923,CANDY HEART HANGING DECORATION,862.57,1449,65,0.7621212121212121,13.270307692307693,152.64000000000001,0.17695955110889552,False
35924,HANGING FAIRY CAKE DECORATION,3209.64,1799,100,2.024368932038835,32.096399999999996,202.79999999999998,0.06318465622312783,False
35930,PINK HEART CHRISTMAS DECORATION,0.38,1,1,0.38,0.38,0.38,1.0,False
35931,PINK STAR CHRISTMAS DECORATION,78.12,156,15,0.48466666666666663,5.208,23.4,0.2995391705069124,False
35932,PINK CHRISTMAS TREE DECORATION,15.63,37,10,0.537,1.5630000000000002,4.5600000000000005,0.29174664107485604,False
35933,PINK STOCKING CHRISTMAS DECORATION,118.56,312,23,0.38,5.154782608695652,18.240000000000002,0.15384615384615385,False
35936,CERISE+GOLD CHRISTMAS TREE DEC,13.68,36,9,0.38,1.52,3.42,0.25,False
35937,CERISE+GOLD CHRISTMAS STOCKING DEC,71.44,188,17,0.38,4.20235294117647,13.68,0.19148936170212766,False
35945,GOLD CHRISTMAS STOCKING DECORATION,1.95,1,1,1.95,1.95,1.95,1.0,False
35950,FOLKART HEART CHRISTMAS DECORATIONS,1.25,1,1,1.25,1.25,1.25,1.0,False
35951,FOLKART BAUBLE CHRISTMAS DECORATION,671.51,1339,40,0.7497499999999999,16.78775,36.480000000000004,0.05432532650295603,False
35953,FOLKART STAR CHRISTMAS DECORATIONS,1606.1599999999999,3276,105,0.6288888888888889,15.296761904761903,30.0,0.01867808935597948,False
35954,SMALL FOLKART STAR CHRISTMAS DEC,621.8100000000001,1975,66,0.3410447761194029,9.421363636363637,40.32,0.06484295845997973,False
35955,SMALL FOLKART CHRISTMAS TREE DEC,34.620000000000005,135,4,0.374,8.655000000000001,32.1,0.9272097053726169,False
35957,SMALLFOLKART BAUBLE CHRISTMAS DEC,788.1,3217,61,0.33327868852459014,12.919672131147541,36.480000000000004,0.046288542063189955,False
35958,FOLKART ZINC STAR CHRISTMAS DEC,935.0,1100,69,0.85,13.55072463768116,183.6,0.19636363636363635,False
35961,FOLKART ZINC HEART CHRISTMAS DEC,8228.82,10650,397,0.8445566502463054,20.72750629722922,622.0799999999999,0.0755977163189862,False
35962,12 ASS ZINC CHRISTMAS DECORATIONS,900.9000000000001,429,45,2.1,20.020000000000003,100.80000000000001,0.11188811188811189,False
35962,SET/12 ZINC CHRISTMAS DECORATIONS,191.10000000000002,91,15,2.1,12.740000000000002,25.200000000000003,0.13186813186813187,False
35963,FOLKART ZINC CLIP ON ANGEL WINGS,38.38,101,11,0.38,3.4890909090909092,11.78,0.30693069306930687,False
35964,FOLKART CLIP ON STARS,487.53000000000003,1005,56,0.835344827586207,8.705892857142858,40.32,0.08270260291674358,False
35965,FOLKART HEART NAPKIN RINGS,694.4100000000001,351,81,2.422345679012346,8.572962962962963,35.400000000000006,0.05097852853501534,False
35966,FOLKART CHRISTMAS TREE T-LIGHT HOLD,92.72000000000001,244,20,0.38,4.636000000000001,18.240000000000002,0.19672131147540983,False
35967,FOLK ART METAL STAR T-LIGHT HOLDER,309.70000000000005,785,59,0.39610169491525427,5.249152542372882,18.240000000000002,0.05889570552147239,False
35968,FOLK ART METAL HEART T-LIGHT HOLDER,254.92000000000002,677,56,0.3768421052631579,4.552142857142857,22.8,0.08943982425859093,False
35969,FOLKART CROWN TABLE DECORATIONS,376.74,450,40,1.4594999999999998,9.4185,19.799999999999997,0.05255613951266124,False
35970,ZINC FOLKART SLEIGH BELLS,12685.1,7778,542,1.7140433212996389,23.404243542435424,429.12,0.03382866512680231,False
35971,ROSE FOLKART HEART DECORATIONS,1612.2,1819,122,1.2735658914728683,13.214754098360656,120.96,0.07502791216970599,False
35972,DAISY FOLKART HEART DECORATION,486.25,389,51,1.25,9.534313725490197,30.0,0.061696658097686374,False
35973,GERANIUM FOLKART HEART DECORATION,58.75,47,12,1.25,4.895833333333333,15.0,0.2553191489361702,False
35974,S/6 CHRISTMAS TREE PLACE SETTING,3.75,1,1,3.75,3.75,3.75,1.0,False
35976B,WHITE SCANDINAVIAN HEART CHRISTMAS,1.25,1,1,1.25,1.25,1.25,1.0,False
35979,SIX STRING SCANDINAVIAN HEART DECS,227.15000000000003,77,18,2.95,12.619444444444447,35.400000000000006,0.15584415584415584,False
35980B,RED TOP SCANDINAVIAN HEART ,1.52,4,2,0.38,0.76,0.76,0.5,False
35980C,REDWHITE STRIPE SCANDINAVIAN HEART ,125.78000000000002,331,27,0.38,4.658518518518519,18.240000000000002,0.14501510574018125,False
35981C,WHITE SNOW SCANDINAVIAN STOCKING ,266.14,563,60,0.4870769230769231,4.435666666666666,22.8,0.08566919666341025,False
35991,SET/6 BLACK SNOWFLAKE T-LIGHTS ,201.91,387,47,0.5755102040816327,4.295957446808511,20.28,0.10044079045119113,False
35995,SET/6 BLACK GLITTER REINDEER CANDLE,3.36,4,4,0.84,0.84,2.1,0.625,False
35999,S/6 SCANDINAVIAN HEART T-LIGHT,2.55,1,1,2.55,2.55,2.55,1.0,False
37112,YELLOW BIRDS FELT DES FOODCOVER,33.75,9,4,3.75,8.4375,11.25,0.3333333333333333,False
37326,FAIRY DESIGN MUGS,1.25,1,1,1.25,1.25,1.25,1.0,False
37327,ASSTD MULTICOLOUR CIRCLES MUG,758.03,1531,52,0.5814545454545454,14.577499999999999,60.96,0.08041898077912484,False
37330,BIG POLKADOT MUG,128.33999999999997,78,5,1.5779999999999998,25.667999999999996,79.19999999999999,0.6171107994389902,False
37330,SPOTS MUG,722.9999999999999,414,17,1.8441176470588234,42.52941176470588,79.19999999999999,0.10954356846473029,False
37333,"RETRO ""TEA FOR ONE"" ",545.4,120,34,4.488235294117647,16.041176470588233,204.0,0.37403740374037403,False
37340,MULTICOLOUR SPRING FLOWER MUG,2038.09,8087,94,0.5374736842105263,21.681808510638298,499.20000000000005,0.2449352089456305,False
37342,POLKADOT COFFEE CUP & SAUCER PINK,1120.21,1387,64,0.8610769230769231,17.50328125,75.84,0.06770159166584837,False
37342,SPOTTY COFFEE CUP & SAUCER,82.60000000000001,28,6,2.9500000000000006,13.766666666666667,23.6,0.2857142857142857,False
37343,POLKADOT MUG PINK ,262.85999999999996,178,22,1.5754545454545452,11.948181818181816,60.96,0.2319105227117097,False
37343,SPOTS DESIGN MUG W PINK INSIDE,1129.4399999999998,784,51,1.5978431372549018,22.14588235294117,182.88,0.16192095197620063,False
37345,ASSTD HEARTS DESIGN MUGS,536.1,318,6,1.9000000000000001,89.35000000000001,462.0,0.8617795187465025,False
37348,SET OF 4 PASTEL STACKING MUGS,30.6,12,5,2.55,6.12,12.75,0.41666666666666663,False
37351,ORANGE FLOWER MUG ,571.7099999999999,5395,7,0.9628571428571429,81.67285714285713,536.4,0.9382379178254711,False
37352,BIRD IN TREE MUG ,504.55,4643,8,1.10625,63.06875,460.8,0.9132890694678426,False
37370,RETRO COFFEE MUGS ASSORTED,7840.080000000001,6901,343,1.2205428571428572,22.857376093294462,534.24,0.06814216181467535,False
37379A,PINK CHERRY BLOSSOM CUP & SAUCER,36.25,29,5,1.25,7.25,7.5,0.20689655172413793,False
37379B,BLUE CHERRY BLOSSOM CUP & SAUCER,181.5,1122,3,0.8833333333333333,60.5,166.5,0.9173553719008265,False
37399,"ASS RETROSPOOF MUGS,SPORTS",75.0,143,6,0.9733333333333333,12.5,32.339999999999996,0.43119999999999997,False
37408,ASSORTED DESIGN GEISHA GIRL MUGS,6.25,5,1,1.25,6.25,6.25,1.0,False
37409,ASSORTED DESIGN FLOWER MUGS,5.949999999999999,7,3,0.85,1.9833333333333332,4.25,0.7142857142857144,False
37410,BLACK AND WHITE PAISLEY FLOWER MUG,3012.07,25679,17,1.0329411764705883,177.18058823529412,1915.2,0.6358417965053933,False
37413,ICON MUG REVOLUTIONARY,283.71,701,79,0.4112345679012346,3.59126582278481,37.44,0.13196573966374114,False
37422,WHITE WITH BLACK CATS BOWL,141.68,344,27,0.8181481481481482,5.247407407407407,45.6,0.32185206098249575,False
37423,WHITE WITH BLACK CATS PLATE,421.03,3139,24,0.7804166666666666,17.542916666666667,295.2,0.7011376861506307,False
37424,WHITE WITH BLACK CATS MUG,700.8499999999999,3041,46,0.8178260869565217,15.235869565217389,274.56,0.3917528715131626,False
37432,MUG PINK AND PURPLE ARABIC DESIGN,3.9000000000000004,6,1,0.65,3.9000000000000004,3.9000000000000004,1.0,False
37438,FUNKY FLOWER COFFEE POT,3.75,1,1,3.75,3.75,3.75,1.0,False
37441,ASSORTED WHITE EMBOSSED CHINA MUGS,1305.3000000000002,673,39,2.0615384615384618,33.469230769230776,333.0,0.2551137669501264,False
37444A,YELLOW BREAKFAST CUP AND SAUCER,263.12,1376,25,1.7108,10.5248,170.04,0.6462450592885375,False
37444B,BLUE BREAKFAST CUP AND SAUCER ,210.52,1012,16,2.77375,13.1575,127.92,0.6076382291468744,False
37444C,PINK BREAKFAST CUP AND SAUCER ,241.64,828,16,2.10875,15.1025,99.84,0.41317662638635994,False
37446,MINI CAKE STAND WITH HANGING CAKES,4564.2,3408,311,1.4208860759493671,14.67588424437299,200.0,0.04381928925112835,False
37447,CERAMIC CAKE DESIGN SPOTTED PLATE,3779.49,2625,262,1.477689393939394,14.425534351145037,60.0,0.015875157759380233,False
37448,CERAMIC CAKE DESIGN SPOTTED MUG,6211.65,4329,430,1.4786995515695067,14.445697674418604,120.0,0.0193185385525585,False
37449,CERAMIC CAKE STAND + HANGING CAKES,18098.079999999998,2036,395,9.574911392405063,45.817924050632904,1224.0,0.06763148356068711,False
37450,CERAMIC CAKE BOWL + HANGING CAKES,6211.5,2266,310,2.8765822784810124,20.037096774193547,91.8,0.014779038879497705,False
37451,CERAMIC CAKE TEAPOT WITH CHERRY,4.95,1,1,4.95,4.95,4.95,1.0,False
37461,FUNKY MONKEY MUG,697.9,710,66,1.2141791044776118,10.574242424242424,81.6,0.11692219515689926,False
37462B,"PET MUG, BUDGIE",49.56,118,4,0.42,12.39,20.16,0.4067796610169491,False
37462E,"PET MUG, GOLDFISH",28.27,81,9,0.3433333333333333,3.141111111111111,10.08,0.35656172621153165,False
37464,ROBOT MUG IN DISPLAY BOX,330.07,275,46,1.2419148936170212,7.175434782608695,38.160000000000004,0.11561183991274579,False
37467,PIG MUG IN TWO COLOUR DESIGNS,131.44,212,28,0.7185714285714286,4.694285714285714,10.92,0.08307973219720025,False
37468,HARDMAN MUG 3 ASSORTED,24.57,63,12,0.38999999999999996,2.0475,5.07,0.20634920634920637,False
37471,MULTICOLOUR DOTS PLATE,3.4,4,1,0.85,3.4,3.4,1.0,False
37471,MULTICOLOUR POLKADOT PLATE,78.60000000000001,696,2,0.475,39.300000000000004,68.4,0.8702290076335878,False
37474,SET/4 2 TONE EGG SHAPE MIXING BOWLS,559.5799999999999,58,39,9.876999999999999,14.348205128205127,50.94,0.09103256013438651,False
37475,SET/4 COLOURFUL MIXING BOWLS,891.5,94,51,9.806862745098039,17.480392156862745,50.94,0.0571396522714526,False
37476,CONDIMENT TRAY 4 BOWLS AND 4 SPOONS,420.28,44,27,9.84185185185185,15.565925925925924,50.94,0.12120491101170648,False
37477B,"FLOWER FAIRY MUG+COASTER,LAVENDER",37.5,10,8,3.75,4.6875,11.25,0.3,False
37477C,"FLOWER FAIRY MUG+COASTER,ROSE",22.5,6,1,3.75,22.5,22.5,1.0,False
37479B,CUBIC MUG FLOCK BLUE ON BROWN,1011.48,1240,24,1.1633333333333333,42.145,408.0,0.4033693202040574,False
37479P,CUBIC MUG FLOCK PINK ON BROWN,70.35,125,22,0.7656521739130434,3.1977272727272723,15.299999999999999,0.21748400852878466,False
37481,CUBIC MUG TEATIME CAKES,15.299999999999999,6,1,2.55,15.299999999999999,15.299999999999999,1.0,False
37482B,CUBIC MUG BLUE POLKA DOT,1093.95,1249,7,1.8214285714285714,156.27857142857144,428.4,0.39160839160839156,False
37482P,CUBIC MUG PINK POLKA DOT,265.2,104,18,2.55,14.733333333333333,30.599999999999998,0.11538461538461538,False
37482P,CUBIC MUG PINK POLKADOT,356.52,532,43,1.028181818181818,8.291162790697674,56.160000000000004,0.15752271962302258,False
37483,ENGLISH ROSE MUG IN GIFT BOX,232.89,143,10,2.46,23.288999999999998,179.34,0.770063119927863,False
37484,ENGLISH ROSE TEA FOR ONE GIFT BOX,6.75,1,1,6.75,6.75,6.75,1.0,False
37485,ENGLISH ROSE TEA SET IN GIFT BOX,207.69,49,15,4.5975,13.846,91.44,0.44027155857287303,False
37487B,YELLOW/ORANGE FLOWER DESIGN PLATE,19.72,68,2,0.29,9.86,17.4,0.8823529411764706,False
37488A,YELLOW PINK FLOWER DESIGN BIG BOWL,19.770000000000003,31,5,1.4140000000000001,3.9540000000000006,8.58,0.43399089529590285,False
37489A,YELLOW/PINK FLOWER DESIGN BIG MUG,33.93,43,21,0.9572727272727272,1.6157142857142857,3.9,0.11494252873563218,False
37489B,BLUE/YELLOW FLOWER DESIGN BIG MUG,30.419999999999998,38,17,1.0323529411764707,1.7894117647058823,3.9,0.12820512820512822,False
37489C,GREEN/BLUE FLOWER DESIGN BIG MUG,17.55,25,10,1.014,1.7550000000000001,3.9,0.2222222222222222,False
37489D,PINK/GREEN FLOWER DESIGN BIG MUG,28.86,46,20,0.7614285714285715,1.443,3.9,0.13513513513513514,False
37491A,YELLOW/PINK CERAMIC CANDLE HOLDER,11.549999999999999,7,5,1.65,2.3099999999999996,3.3,0.2857142857142857,False
37491B,BLUE/YELLOW CERAMIC CANDLE HOLDER,16.5,10,5,1.65,3.3,6.6,0.39999999999999997,False
37491C,GREEN/BLUE CERAMIC CANDLE HOLDER,26.4,16,7,1.65,3.7714285714285714,13.2,0.5,False
37491D,PURPLE/BLUE CERAMIC CANDLE HOLDER,23.099999999999998,14,5,1.65,4.619999999999999,13.2,0.5714285714285714,False
37492A,YELLOW RED FLOWER PIGGY BANK,201.89999999999998,106,9,3.6500000000000004,22.43333333333333,79.19999999999999,0.3922734026745914,False
37492B,BLUE YELLOW FLOWER PIGGY BANK,895.5,470,41,3.552439024390244,21.841463414634145,237.6,0.26532663316582916,False
37492C,GREEN BLUE FLOWER PIGGY BANK,467.99999999999994,240,23,3.7750000000000004,20.34782608695652,158.39999999999998,0.3384615384615385,False
37492D,PURPLE GREEN FLOWER PIGGY BANK,651.15,351,24,3.7750000000000004,27.131249999999998,237.6,0.3648928818244644,False
37494A,FAIRY CAKE CERAMIC BUTTER DISH,508.45000000000005,187,24,2.9000000000000004,21.18541666666667,91.8,0.18054872652178186,False
37495,FAIRY CAKE BIRTHDAY CANDLE SET,4862.2,1364,275,3.7239130434782606,17.68072727272727,106.2,0.021841964542799557,False
37500,TEA TIME TEAPOT IN GIFT BOX,6026.7,812,214,8.526790697674418,28.16214953271028,651.5999999999999,0.10811887102394344,False
37501,TEA TIME TEA SET IN GIFT BOX,2908.9,422,142,6.942957746478873,20.485211267605635,142.8,0.0490907215786036,False
37502,TEA TIME MUG IN GIFT BOX,2297.9500000000003,805,148,2.942,15.526689189189192,244.79999999999998,0.1065297330229117,False
37503,TEA TIME CAKE STAND IN GIFT BOX,23299.2,2336,461,10.619090909090907,50.54056399132321,907.1999999999999,0.03893695920889987,False
37506,NEW ENGLAND MILK JUG W GIFT BOX,166.6,28,22,5.95,7.572727272727272,17.85,0.10714285714285715,False
37508,NEW ENGLAND CERAMIC CAKE SERVER,221.85,87,44,2.55,5.0420454545454545,15.299999999999999,0.06896551724137931,False
37509,NEW ENGLAND MUG W GIFT BOX,71.39999999999999,28,14,2.55,5.1,10.2,0.14285714285714288,False
40001, WHITE BAMBOO RIBS LAMPSHADE,147.62,209,7,0.8200000000000001,21.08857142857143,91.52,0.6199701937406855,False
40001,WHITE BAMBOO RIBS LAMPSHADE,1383.1399999999999,1898,66,0.8118181818181818,20.956666666666663,92.16,0.06663099903118991,False
40002,WHITE BAMBOO RIBS LAMPSHADE,61.199999999999996,72,1,0.85,61.199999999999996,61.199999999999996,1.0,False
40003,WHITE BAMBOO RIBS LAMPSHADE,1177.55,1111,47,1.1989361702127659,25.054255319148936,136.79999999999998,0.11617341089550337,False
40005B,BLUE ORGANDY ROUND LAMPSHADE W BEA,28.05,33,13,0.8499999999999999,2.1576923076923076,4.25,0.15151515151515152,False
40016,CHINESE DRAGON PAPER LANTERNS,4961.12,15301,196,0.44355329949238576,25.311836734693877,191.51999999999998,0.03860418615151417,False
40018E,TEA TIME PAPER LANTERNS,630.5,334,48,1.9445833333333333,13.135416666666666,135.2,0.21443298969072164,False
40018F,CHERRY DESIGN PAPERLANTERNS,1977.04,1052,97,1.9393877551020409,20.381855670103093,624.0,0.3156233561283535,False
40046A,RED DAISY PAPER LAMPSHADE,387.57,321,34,1.2388235294117647,11.399117647058823,50.88,0.1312795107980494,False
40046C,PINK BUTTERFLY PAPER LAMPSHADE,3.75,3,3,1.25,1.25,1.25,0.3333333333333333,False
44089A,PINK GAUZE BUTTERFLY LAMPSHADE,16.38,39,12,0.42,1.365,3.36,0.20512820512820512,False
44089C,LILAC GAUZE BUTTERFLY LAMPSHADE,28.56,68,18,0.42,1.5866666666666667,4.2,0.14705882352941177,False
44091A,BLUE CRUSOE CHECK LAMPSHADE,7.56,18,6,0.42,1.26,2.52,0.33333333333333337,False
44091C,MULTICOLOUR CRUSOE CHECK LAMPSHADE,20.16,48,10,0.42000000000000004,2.016,10.08,0.5,False
44092B,BLUE WHITE PLASTIC RINGS LAMPSHADE,12.75,15,6,0.85,2.125,5.1,0.39999999999999997,False
44092C,PURPLE/COPPER HANGING LAMPSHADE,17.849999999999998,21,8,0.85,2.2312499999999997,5.1,0.28571428571428575,False
44228,CANNABIS LEAF BEAD CURTAIN,40.8,48,3,0.85,13.6,20.4,0.5,False
44230,SQUARE MIRROR CURTAIN,1362.63,198,42,7.609285714285715,32.44357142857143,152.64000000000001,0.11201866977829639,False
44234,ASSORTED CIRCULAR MOBILE,221.45999999999998,1154,39,0.20795454545454548,5.678461538461538,77.75999999999999,0.3511243565429423,False
44235,ASS COL CIRCLE MOBILE ,276.96,752,15,0.4125,18.464,155.51999999999998,0.5615251299826689,False
44235,ASSORTED COLOURED CIRCLE MOBILE ,26.88,64,7,0.42,3.84,10.08,0.375,False
44236,PINK/PURPLE CIRCLE CURTAIN,112.32000000000001,64,12,2.868461538461539,9.360000000000001,18.96,0.1688034188034188,False
44241C,BLUE BUTTERFLY ON SPRING,57.8,68,7,0.85,8.257142857142856,40.8,0.7058823529411764,False
44242A,LILAC FEATHERS CURTAIN,11.98,14,2,1.02,5.99,9.48,0.7913188647746244,False
44242B,PINK FEATHERS CURTAIN,117.78,106,8,1.135,14.7225,50.0,0.42452029206996095,False
44265,M/COLOUR POM-POM CURTAIN,34.0,8,4,4.25,8.5,12.75,0.375,False
45008C,DECORATIVE NET CANOPY CREAM,541.6,68,20,8.6005,27.080000000000002,143.2,0.2644017725258493,False
45013,FOLDING SHOE TIDY,132.0,48,8,2.9000000000000004,16.5,61.199999999999996,0.4636363636363636,False
45014,FOLDING SHIRT TIDY,4.65,1,1,4.65,4.65,4.65,1.0,False
45016,DECORATIVE NET CANOPY LEOPARD,248.75,73,8,3.611111111111111,31.09375,75.0,0.3015075376884422,False
46000M,POLYESTER FILLER PAD 45x45cm,3819.2000000000003,2464,341,1.55,11.200000000000001,77.5,0.020292207792207792,False
46000P,POLYESTER FILLER PAD 65CMx65CM,888.25,209,47,4.25,18.898936170212767,59.5,0.06698564593301436,False
46000R,POLYESTER FILLER PAD 45x30cm,346.55,239,59,1.45,5.873728813559322,34.8,0.10041841004184099,False
46000S,POLYESTER FILLER PAD 40x40cm,4902.45,3381,364,1.45,13.46826923076923,181.25,0.03697131026323573,False
46000U,POLYESTER FILLER PAD 30CMx30CM,313.75,251,51,1.25,6.151960784313726,30.0,0.09561752988047809,False
46037A,PINK CANVAS DES CUSHION COVER ,7.5,6,2,1.25,3.75,5.0,0.6666666666666666,False
46115B,GREEN POP ART MAO CUSHION COVER ,54.34,286,22,0.18999999999999997,2.47,9.120000000000001,0.16783216783216784,False
46118,FUNKY MONKEY CUSHION COVER,275.4,324,35,0.85,7.868571428571428,30.599999999999998,0.11111111111111112,False
46126A,ELVIS WALLHANGING / CURTAIN,371.25,297,34,1.25,10.919117647058824,100.0,0.26936026936026936,False
46137D,GREEN CHENILLE SHAGGY RUG,126.85,43,3,2.9500000000000006,42.28333333333333,88.5,0.6976744186046512,False
46138B,BLUE CHENILLE SHAGGY CUSHION COVER ,63.3,46,17,1.4323529411764704,3.7235294117647055,8.5,0.13428120063191154,False
46138D,GREEN CHENILLE SHAGGY C/COVER,1.95,1,1,1.95,1.95,1.95,1.0,False
46307,ROSES BLUE BASE CUSHION COVER ,19.799999999999997,12,4,1.65,4.949999999999999,9.899999999999999,0.5,False
46775A,BUBBLE GUM CHUNKY KNITTED THROW ,84.75,5,4,16.95,21.1875,33.9,0.39999999999999997,False
46775B,BERRIES CHUNKY KNITTED THROW ,84.75,5,4,16.95,21.1875,33.9,0.39999999999999997,False
46775D,SUNSET COLOUR CHUNKY KNITTED THROW,864.4499999999999,51,31,16.95,27.88548387096774,101.69999999999999,0.11764705882352941,False
46775E,CANDY POP CHUNKY KNITTED THROW ,254.25,15,10,16.95,25.425,50.849999999999994,0.19999999999999998,False
46776A,WOVEN BUBBLE GUM CUSHION COVER,363.3,190,20,4.3950000000000005,18.165,150.0,0.41288191577208916,False
46776B,WOVEN BERRIES CUSHION COVER ,383.1,194,20,4.3950000000000005,19.155,150.0,0.3915426781519185,False
46776C,WOVEN FROST CUSHION COVER,238.5,102,17,4.538888888888889,14.029411764705882,75.0,0.31446540880503143,False
46776D,WOVEN SUNSET CUSHION COVER ,113.85000000000001,23,9,4.95,12.65,29.700000000000003,0.2608695652173913,False
46776E,WOVEN CANDY CUSHION COVER ,193.95000000000002,93,11,4.277272727272727,17.631818181818183,75.0,0.3866976024748646,False
46776F,WOVEN ROSE GARDEN CUSHION COVER ,363.0,172,17,4.514705882352941,21.352941176470587,150.0,0.4132231404958678,False
47013A,WINE BOTTLE DRESSING LT.BLUE,39.87,141,25,0.2764,1.5948,6.959999999999999,0.17456734386756959,False
47013C,WINE BOTTLE DRESSING DARK BLUE,31.609999999999996,126,21,0.25136363636363634,1.505238095238095,3.4799999999999995,0.11009174311926606,False
47016,LIGHT DECORATION BATTERY OPERATED,65.10000000000001,31,5,2.1,13.020000000000001,50.400000000000006,0.7741935483870968,False
47021G,SET/6 BEAD COASTERS GAUZE BAG GOLD,371.65,631,45,1.0443478260869565,8.258888888888889,74.88,0.201479886990448,False
47310M,SMALL POP BOX FUNKY MONKEY,210.48,172,34,1.356857142857143,6.1905882352941175,50.400000000000006,0.23945267958950972,False
47310M,"SMALL POP BOX,FUNKY MONKEY",462.85,401,47,1.2287234042553192,9.847872340425532,50.400000000000006,0.10889056929890895,False
47341A,FUSCHIA TABLE RUN FLOWER ,46.25,29,7,2.3214285714285716,6.607142857142857,15.0,0.32432432432432434,False
47341B,BLUE TABLE RUN FLOWER,67.5,48,14,1.7857142857142858,4.821428571428571,15.0,0.2222222222222222,False
47343A,FUSCHIA FLOWER PURSE WITH BEADS,206.26,200,23,1.1875,8.96782608695652,39.839999999999996,0.1931542713080578,False
47344B,BLUE FLOWER DES PURSE,56.16,54,10,1.082,5.616,17.5,0.31160968660968663,False
47347B,BLUE FLOWER T-LIGHT HOLDER,169.72,236,7,1.1257142857142857,24.245714285714286,75.0,0.4419043129860947,False
47348A,FUSCHIA VOILE POINTY SHOE DEC,62.01,103,16,0.78,3.875625,11.7,0.18867924528301885,False
47351B,BLUE  VOILE LAMPSHADE,147.50000000000003,50,13,2.95,11.346153846153848,17.700000000000003,0.12,False
47367B,PAIR PADDED HANGERS PINK CHECK,524.1,150,38,3.708974358974359,13.792105263157895,70.80000000000001,0.13508872352604467,False
47369A,PINK GREEN EMBROIDERY COSMETIC BAG,64.9,22,10,2.95,6.49,17.700000000000003,0.27272727272727276,False
47369B,BLUE GREEN EMBROIDERY COSMETIC BAG,67.74000000000001,22,10,3.2340000000000004,6.774000000000001,17.700000000000003,0.2612931798051373,False
47420,ASSORTED COLOUR SUCTION CUP HOOK,67.26,354,29,0.19,2.3193103448275862,9.120000000000001,0.13559322033898305,False
47421,ASSORTED COLOUR LIZARD SUCTION HOOK,561.78,1437,72,0.41468354430379745,7.802499999999999,43.199999999999996,0.07689842999038769,False
47422,ASSORTED MONKEY SUCTION CUP HOOK,395.34,1027,59,0.41343749999999996,6.700677966101694,43.199999999999996,0.10927303080892396,False
47469,ASSORTED SHAPES PHOTO CLIP SILVER ,512.38,1094,27,0.6290909090909091,18.977037037037036,120.96,0.23607478824310082,False
47471,RAINBOW PEGS PHOTO CLIP STRING,226.23000000000002,381,41,0.6836585365853659,5.517804878048781,50.88,0.22490385890465456,False
47480,HANGING PHOTO CLIP ROPE LADDER,2416.93,1541,98,1.752857142857143,24.662551020408163,278.4,0.11518744854009011,False
47481,50CM METAL STRING WITH  7 CLIPS,244.11999999999998,316,35,0.8451428571428571,6.974857142857142,97.92,0.40111420612813375,False
47502,POLKADOT CUTLERY 24 PCS IN TRAY,6027.299999999999,590,56,11.6,107.63035714285714,1989.9999999999998,0.33016441856220863,False
47503A,ASS FLORAL PRINT MULTI SCREWDRIVER,1371.53,2810,189,0.6158247422680412,7.256772486772487,76.32000000000001,0.055645884523123815,False
47503E,ASS FLORAL PRINT SCISSORS,1169.4,6828,22,1.2,53.154545454545456,1004.4,0.8589020010261672,False
47503F,ASS FLORAL PRINT TORCH,729.9499999999999,2567,11,1.5227272727272727,66.35909090909091,626.0,0.8575929858209467,False
47503G,ASS FLORAL PRINT TAPE MEASURE,289.19,235,24,1.2424,12.049583333333333,43.75,0.1512846225664788,False
47503H,ASS FLORAL PRINT SPIRIT LEVEL ,189.57999999999998,146,48,1.3813725490196078,3.949583333333333,23.4,0.12343074163941345,False
47503J,SET/3 FLORAL GARDEN TOOLS IN BAG,1930.5,270,42,7.7023809523809526,45.964285714285715,152.39999999999998,0.07894327894327893,False
47503K,ASSORTED FLORAL SECATEURS,1291.8,3140,32,1.8666666666666667,40.36875,864.0,0.6688341848583372,False
47504E,ENGLISH ROSE SCISSORS,871.4,4372,37,1.2202702702702701,23.55135135135135,626.4,0.7188432407619922,False
47504F,ENGLISH ROSE TORCH,193.1,526,13,1.5423076923076922,14.853846153846153,120.5,0.6240290005178664,False
47504G,ENGLISH ROSE TAPE MEASURE,314.19,255,46,1.2458695652173915,6.830217391304347,25.44,0.08097011362551323,False
47504H,ENGLISH ROSE SPIRIT LEVEL ,936.9300000000001,987,104,1.3194230769230768,9.008942307692308,113.76,0.12141782203579776,False
47504J,ENGLISH ROSE SET/3 GARDEN TOOLS,23.85,3,2,7.95,11.925,15.9,0.6666666666666666,False
47504K,ENGLISH ROSE GARDEN SECATEURS,2740.66,2558,262,1.366629213483146,10.460534351145037,122.39999999999999,0.04466077514175418,False
47505,MINATURE COLOURED GARDENING SET,3249.6000000000004,698,159,4.8478260869565215,20.437735849056605,102.0,0.031388478581979316,False
47518F,ICON PLACEMAT POP ART ELVIS,144.3,900,31,0.16838709677419353,4.65483870967742,20.16,0.1397089397089397,False
47552A,DOTS IRONING BOARD COVER,23.4,12,11,1.95,2.127272727272727,3.9,0.16666666666666669,False
47554,S/3 COLOURS FLOCK TEA TOWELS,2.55,1,1,2.55,2.55,2.55,1.0,False
47556,SET/2 SPOTTY + ROSE TEA TOWELS ,2.55,1,1,2.55,2.55,2.55,1.0,False
47556B,TEA TIME TEA TOWELS ,12960.75,4985,405,2.943014705882353,32.00185185185185,3314.9999999999995,0.2557722354030438,False
47559B,TEA TIME OVEN GLOVE,5911.62,4917,605,1.257089430894309,9.771272727272727,106.0,0.017930787161556393,False
47562,ENGLISH ROSE IRONING BOARD COVER,378.75,101,41,3.75,9.237804878048781,18.75,0.04950495049504951,False
47563A,RETRO LONGBOARD IRONING BOARD COVER,336.25,221,61,1.9467213114754098,5.512295081967213,30.0,0.08921933085501858,False
47563B,WAVELINE SURF IRONING BOARD COVER,30.0,8,6,3.75,5.0,11.25,0.375,False
47566,PARTY BUNTING,102086.13,23185,2064,4.772863309352518,49.460334302325585,830.0000000000001,0.008130389505410776,False
47566B,TEA TIME PARTY BUNTING,22943.55,5277,648,4.728899082568808,35.40671296296296,1500.0,0.06537785129153946,False
47567B,TEA TIME KITCHEN APRON,11249.92,2116,316,5.88909375,35.60101265822785,697.5,0.06200044089202412,False
47568,ENGLISH ROSE DESIGN PEG BAG,4435.91,2241,317,2.085817610062893,13.99340694006309,253.5,0.05714723698181433,False
47569,ENGLISH ROSE DESIGN SHOPPING BAG,2.55,1,1,2.55,2.55,2.55,1.0,False
47570,ENGLISH ROSE TABLE CLOTH,2096.55,207,66,10.61776119402985,31.765909090909094,424.5,0.2024754954568219,False
47570B,TEA TIME TABLE CLOTH,8831.58,926,187,10.535106382978723,47.22770053475936,424.5,0.048066144449804,False
47574A,ENGLISH ROSE SCENTED HANGING FLOWER,433.5,438,59,1.6833333333333333,7.3474576271186445,150.0,0.3460207612456747,False
47574B,ENGLISH ROSE SCENTED HANGING HEART,208.25,49,27,4.25,7.712962962962963,25.5,0.12244897959183673,False
47578A,ENGLISH ROSE SMALL SCENTED FLOWER,238.0,280,49,0.85,4.857142857142857,17.0,0.07142857142857142,False
47579,TEA TIME BREAKFAST BASKET,357.0,170,43,2.1,8.30232558139535,37.800000000000004,0.10588235294117648,False
47580,TEA TIME DES TEA COSY,3600.91,1513,259,2.542022900763359,13.903127413127413,315.0,0.08747788753398447,False
47581B,FAIRY CAKE WICKER PICNIC BASKET ,408.0,32,25,12.75,16.32,25.5,0.0625,False
47583A,SET OF 3 WICKER BASKET ROSE,511.9,68,3,18.966666666666665,170.63333333333333,462.0,0.9025200234420786,False
47583B,SET OF 3 WICKER BASKET TEA AND CAKE,332.6,27,6,21.958333333333332,55.43333333333334,133.0,0.3998797354179194,False
47585A,PINK FAIRY CAKE CUSHION COVER,1758.75,901,82,3.231707317073171,21.448170731707318,450.0,0.255863539445629,False
47586A,PINK FAIRY CAKE CUSHION COVER,262.65,199,28,2.1249999999999996,9.380357142857141,40.8,0.15533980582524273,False
47587A,PINK FAIRY CAKE COASTER,185.64,1476,8,0.34375,23.205,120.0,0.6464124111182935,False
47589,CONGRATULATIONS BUNTING,768.45,141,67,5.45,11.469402985074627,49.050000000000004,0.06382978723404255,False
47590A,BLUE HAPPY BIRTHDAY BUNTING,22643.670000000002,4493,629,5.433031746031746,35.99947535771066,1860.0000000000002,0.08214216158423082,False
47590B,PINK HAPPY BIRTHDAY BUNTING,28315.600000000002,5600,806,5.411948212083847,35.13101736972705,1860.0000000000002,0.06568817189111303,False
47591A,CAROUSEL CHILDRENS APRON,18.15,11,3,1.6499999999999997,6.05,9.899999999999999,0.5454545454545454,False
47591A,CAROUSEL DES CHILD'S APRON,132.0,80,33,1.65,4.0,26.4,0.19999999999999998,False
47591B,SCOTTIES CHILDRENS APRON,647.55,423,76,1.6432467532467532,8.520394736842105,159.60000000000002,0.24646745425063707,False
47591B,SCOTTIES DES CHILD'S APRON,389.4,236,61,1.65,6.383606557377049,52.8,0.13559322033898305,False
47591C,BLUE FAIRY CAKE CHILD'S APRON,1792.6499999999999,991,142,1.9288732394366195,12.624295774647887,82.5,0.04602125345159401,False
47591C,BLUE FAIRY CAKE CHILDRENS APRON,7.8,4,4,1.95,1.95,1.95,0.25,False
47591D,PINK FAIRY CAKE CHILD'S APRON,6032.3099999999995,3325,352,1.924900849858357,17.137244318181818,247.5,0.0410290585198705,False
47591D,PINK FAIRY CAKE CHILDRENS APRON,10680.81,5827,681,1.9555813953488372,15.684008810572687,247.5,0.023172399846079092,False
47592A,CAROUSEL CHILDRENS OVERALL,79.80000000000001,38,4,2.1,19.950000000000003,52.5,0.6578947368421052,False
47592A,CAROUSEL DES CHILD'S OVERALL,327.6,156,32,2.1,10.2375,50.400000000000006,0.15384615384615385,False
47592B,SCOTTIE DOGS CHILDRENS OVERALL,6.300000000000001,3,1,2.1,6.300000000000001,6.300000000000001,1.0,False
47592B,SCOTTIES DESIGN CHILD'S OVERALL,92.4,44,17,2.1,5.435294117647059,12.600000000000001,0.13636363636363638,False
47593A,CAROUSEL DESIGN BABY BIB,93.75,75,14,1.25,6.696428571428571,30.0,0.32,False
47593A,CAROUSEL PONIES BABY BIB,116.87,115,28,0.962,4.173928571428571,30.0,0.25669547360314876,False
47593B,SCOTTIE DOGS BABY BIB,760.14,1730,107,0.5923423423423423,7.10411214953271,56.160000000000004,0.07388112716078618,False
47593B,SCOTTIES DESIGN BABY BIB,126.25,101,17,1.25,7.426470588235294,15.0,0.1188118811881188,False
47594A,CAROUSEL DESIGN WASHBAG,507.0,260,72,1.9500000000000002,7.041666666666667,23.4,0.04615384615384615,False
47594B,SCOTTIES DESIGN WASHBAG,583.05,299,79,1.9499999999999997,7.380379746835443,46.8,0.0802675585284281,False
47597,NEW ENGLAND TEATOWELS,316.2,124,41,2.55,7.712195121951219,30.599999999999998,0.0967741935483871,False
47598,NEW ENGLAND EGG WARMER,66.0,120,23,0.55,2.869565217391304,6.6000000000000005,0.1,False
47599A,PINK PARTY BAGS,10600.880000000001,5722,323,2.0674006116207955,32.820061919504646,1014.0,0.09565243640150628,False
47599B,BLUE PARTY BAGS ,6159.84,3239,261,2.0798106060606063,23.600919540229885,405.59999999999997,0.06584586612639289,False
48103,DOOR MAT KISS MY.......,95.15,13,8,7.305,11.89375,14.98,0.15743562795585916,False
48103,DOORMAT KISS MY.......,106.58,22,2,6.035,53.29,91.6,0.859448301745168,False
48111,DOOR MAT 3 SMILEY CATS,9775.19,1759,245,6.942857142857143,39.89873469387755,916.0,0.09370661849027997,False
48111,DOORMAT 3 SMILEY CATS,13536.88,2288,325,7.5960429447852755,41.65193846153846,2290.0,0.169167489111228,False
48116,DOOR MAT MULTICOLOUR STRIPE,6270.6900000000005,1037,192,7.0346875,32.65984375,549.6,0.08764585715447581,False
48116,DOORMAT MULTICOLOUR STRIPE,12517.07,2270,192,7.576614583333334,65.19307291666667,1832.0,0.14636013060564493,False
48129,DOOR MAT TOPIARY,6407.06,1020,188,7.069526315789473,34.08010638297873,892.5,0.13929946028287543,False
48129,DOORMAT TOPIARY,12186.55,2025,296,7.79010101010101,41.17077702702702,1374.0,0.11274725004205456,False
48138,DOOR MAT UNION FLAG,24085.32,3714,635,7.05501572327044,37.92963779527559,800.0,0.0332152531085325,False
48138,DOORMAT UNION FLAG,39839.62,6116,867,7.665655172413793,45.951118800461366,2290.0,0.057480467936190154,False
48173A,DOOR MAT BLUE FLOCK,6.75,1,1,6.75,6.75,6.75,1.0,False
48173C,DOOR MAT BLACK FLOCK ,6907.92,1218,169,6.9966863905325445,40.87526627218935,1206.5,0.1746545993584176,False
48173C,DOORMAT BLACK FLOCK ,15593.61,2810,290,7.661408934707905,53.771068965517244,1374.0,0.08811301552366642,False
48175,DOOR MAT CAMOUFLAGE,152.0,38,1,4.0,152.0,152.0,1.0,False
48179,DOOR MAT SWEET HOME,131.25,28,6,6.291666666666667,21.875,84.0,0.64,False
48184,DOOR MAT ENGLISH ROSE ,9320.960000000001,1442,290,7.140655172413793,32.14124137931035,595.0,0.06383462647624279,False
48184,DOORMAT ENGLISH ROSE ,20235.2,3150,460,7.709086956521738,43.98956521739131,1603.0,0.07921839171344983,False
48185,DOOR MAT FAIRY CAKE,10332.74,1638,315,7.06245283018868,32.802349206349206,549.6,0.05319015091834306,False
48185,DOORMAT FAIRY CAKE,24466.76,4072,415,7.758557692307692,58.95604819277108,4254.5,0.17388898243984902,False
48187,DOOR MAT NEW ENGLAND,12505.97,1951,422,7.124928909952607,29.634999999999998,549.6,0.04394701090759054,False
48187,DOORMAT NEW ENGLAND,31406.61,5139,724,7.719573002754821,43.3792955801105,2290.0,0.07291458708851417,False
48188,DOOR MAT WELCOME PUPPIES,7821.6,1412,228,7.057368421052631,34.305263157894736,916.0,0.11711158842180627,False
48188,DOORMAT WELCOME PUPPIES,19123.02,3338,364,7.801565934065934,52.53576923076923,1905.0,0.09961815654640323,False
48189,DOOR MAT FRIENDSHIP ,2934.31,431,149,7.14248322147651,19.693355704697986,127.0,0.04328104392514765,False
48189,DOORMAT FRIENDSHIP ,4031.93,785,57,7.283684210526316,70.73561403508772,1374.0,0.34077972583849425,False
48194,DOOR MAT HEARTS,9692.59,1651,280,7.2818149466192175,34.616392857142856,916.0,0.09450518385694638,False
48194,DOORMAT HEARTS,34919.7,5766,853,7.63127485380117,40.93751465416178,2290.0,0.06557902845671641,False
48195,DOOR MAT GREEN PAISLEY ,1395.61,251,72,7.131527777777778,19.38347222222222,480.0,0.34393562671519984,False
48197,DOOR MAT BIRD ON THE WIRE,3337.8,562,121,7.0340495867768595,27.58512396694215,600.0,0.17975912277548084,False
48197,DOORMAT BIRD ON THE WIRE,1100.15,223,16,7.236875,68.759375,879.36,0.7993091851111211,False
51008,AFGHAN SLIPPER SOCK PAIR,7217.8,2224,70,3.4,103.11142857142858,590.0,0.0817423591676134,False
51012C,"FEATHER DUSTER, COAL BLACK",212.5,170,26,1.25,8.173076923076923,30.0,0.1411764705882353,False
51012L,"FEATHER DUSTER, LIGHT PINK",12.5,10,6,1.25,2.0833333333333335,2.5,0.2,False
51014A,"FEATHER PEN,HOT PINK",3726.56,5976,246,0.6338617886178862,15.148617886178862,207.35999999999999,0.05564381091408698,False
51014C,"FEATHER PEN,COAL BLACK",2277.65,3733,174,0.6546285714285714,13.089942528735632,207.35999999999999,0.09104120475051039,False
51014L,"FEATHER PEN,LIGHT PINK",1948.6799999999998,3154,162,0.6447239263803681,12.028888888888888,207.35999999999999,0.10641049325697395,False
51020A,SUMMER FUN DESIGN SHOWER CAP,461.47999999999996,1300,49,0.8189795918367347,9.417959183673469,83.52,0.1809829245037705,False
51020B,STRIPY DESIGN SHOWER CAP,487.53999999999996,1082,60,0.962,8.125666666666666,69.6,0.14275751733191122,False
62018,SOMBRERO ,12413.8,9548,123,1.7906504065040652,100.92520325203252,1250.0,0.1006943885031175,False
62043B,BLUE CHECK BAG W HANDLE 34X20CM,74.32999999999998,53,10,1.2399999999999998,7.432999999999998,46.199999999999996,0.621552535988161,False
62074B,ELEPHANT CLIP W SUCTION CUP,14.28,34,11,0.42,1.298181818181818,4.2,0.29411764705882354,False
62086A,PINK RETRO BIG FLOWER BAG,214.5,110,22,1.95,9.75,58.5,0.2727272727272727,False
62094B,TURQ ICE CREAM BUM BAG ,405.05,251,27,2.281481481481481,15.001851851851852,105.0,0.25922725589433404,False
62095B,TURQOISE ICE CREAM SUNHAT,304.09000000000003,289,19,1.456315789473684,16.004736842105263,102.0,0.3354270117399454,False
62096A,PINK/YELLOW FLOWERS HANDBAG,439.45,337,51,1.3576923076923075,8.616666666666667,57.5,0.13084537490044373,False
62096B,PURPLE/TURQ FLOWERS HANDBAG,278.75,209,46,1.3840425531914893,6.059782608695652,37.5,0.13452914798206278,False
62097A,PINK STRIPES SHOULDER BAG,2.95,1,1,2.95,2.95,2.95,1.0,False
62097B,BLUE STRIPES SHOULDER BAG,13.37,11,4,1.36,3.3425,5.9,0.44128646222887064,False
70006,LOVE HEART POCKET WARMER,3492.2,4182,171,1.4014772727272726,20.42222222222222,378.0,0.10824122329763473,False
70007,HI TEC ALPINE HAND WARMER,1095.09,1077,103,1.488076923076923,10.631941747572816,56.88,0.05194093636139496,False
71028B,SILVER BLUE EGG T-LIGHT HOLDER,189.89000000000001,483,8,0.85625,23.736250000000002,45.6,0.2401390278582337,False
71038,WHITE HANGING BEADS CANDLE HOLDER,3723.8500000000004,705,144,5.411111111111111,25.86006944444445,111.60000000000001,0.02996898371309263,False
71050,SMALL SINGLE FLAME CANDLE HOLDER,17.849999999999998,51,8,0.35,2.2312499999999997,4.199999999999999,0.23529411764705882,False
71053,WHITE METAL LANTERN,15065.59,4239,577,3.6885521885521886,26.110207972270363,406.8,0.02700192956266565,False
71053,WHITE MOROCCAN METAL LANTERN,199.17,47,12,4.8549999999999995,16.5975,40.68,0.20424762765476728,False
71101A,ANGEL ON KNEES METAL POLE 100CM H,5.1,6,1,0.85,5.1,5.1,1.0,False
71101E,STANDING FAIRY POLE SUPPORT ,623.58,774,47,0.8364583333333333,13.267659574468086,69.12,0.11084383719811411,False
71143,SILVER BOOK MARK WITH BEADS,66.3,78,13,0.8499999999999999,5.1,8.5,0.12820512820512822,False
71215,METAL BASE FOR CANDLES,68.1,177,12,0.4091666666666667,5.675,13.919999999999998,0.20440528634361232,False
71270,PHOTO CLIP LINE,401.21,320,54,1.2719999999999998,7.429814814814814,45.0,0.11216071384063209,False
71279,PINK GLASS CANDLEHOLDER,695.45,239,52,2.9424528301886794,13.374038461538463,61.199999999999996,0.08800057516715794,False
71403,"PINK/WHITE ""KEEP CLEAN"" BULLET BIN",368.75000000000006,125,27,2.95,13.65740740740741,35.400000000000006,0.096,False
71406C,BLACK ORANGE SQUEEZER,86.52,206,31,0.42,2.790967741935484,8.4,0.09708737864077671,False
71434B,"BLACK RND BULLET""KEEP CLEAN"" BIN",2.55,1,1,2.55,2.55,2.55,1.0,False
71459,HANGING JAM JAR T-LIGHT HOLDER,22568.07,28939,812,0.8306756756756756,27.793189655172412,979.1999999999999,0.04338873461487845,False
71459,HANGING JAM JAR T-LIGHT HOLDERS,1864.78,2410,69,0.8508695652173913,27.025797101449275,207.35999999999999,0.11119810379776703,False
71477,COLOUR GLASS. STAR T-LIGHT HOLDER,33834.38,11710,637,3.1951076923076926,53.11519623233909,1650.0,0.048766964253519646,False
71477,COLOURED GLASS STAR T-LIGHT HOLDER,3322.8700000000003,951,42,3.9978571428571428,79.1159523809524,789.6,0.23762590772434672,False
71495A,CD WALL TIDY BLUE OFFICE,77.52000000000001,212,9,0.39999999999999997,8.613333333333335,34.56,0.4458204334365325,False
71495B,CD WALL TIDY RED FLOWERS,106.56,288,12,0.39999999999999997,8.88,34.56,0.32432432432432434,False
71496A,A4 WALL TIDY BLUE OFFICE,124.44000000000001,228,8,0.5750000000000001,15.555000000000001,50.88,0.40887174541947924,False
71496B,A4 WALL TIDY RED FLOWERS,8.67,15,6,0.59,1.445,3.18,0.36678200692041524,False
71510,SQUARE METAL CANDLEHOLDER BASE,112.05,177,17,0.7935294117647059,6.591176470588235,38.160000000000004,0.340562248995984,False
72008,FROSTED BOX 9 WHITE T-LIGHT CANDLES,1470.42,3699,193,0.4163636363636363,7.618756476683938,51.839999999999996,0.035255233198677925,False
72023F,RED ORGANIC CANDLE IN GLASS,627.05,613,38,1.22,16.501315789473683,204.0,0.3253329080615581,False
72024U,LILAC VOTIVE CANDLE,45.78,218,10,0.21000000000000002,4.578,5.04,0.11009174311926605,False
72038P,PRICE'S CANDLE PEACH,106.0,1000,8,0.145,13.25,16.0,0.1509433962264151,False
72045D,ROSES ON BLUE TEACUP CANDLE ,54.08,32,2,1.69,27.04,28.73,0.53125,False
72051S,BAG OF SILVER STONES,59.22,141,19,0.42000000000000004,3.116842105263158,13.44,0.22695035460992907,False
72083A,STRAWBERY SWIRL FLARE CANDLE,50.400000000000006,24,7,2.1,7.200000000000001,25.200000000000003,0.5,False
72084B,CHOCOLATE ICE CREAM CANDLE,3.9,2,1,1.95,3.9,3.9,1.0,False
72122,COFFEE SCENT PILLAR CANDLE,504.44999999999993,531,93,0.95,5.424193548387096,45.599999999999994,0.0903954802259887,False
72127,COLUMBIAN CANDLE ROUND ,428.39,357,59,1.2375409836065574,7.2608474576271185,50.88,0.11877027941828708,False
72128,COLUMBIAN CANDLE ROUND,397.46,686,78,0.8048148148148148,5.095641025641025,54.72,0.13767423136919438,False
72129,COLUMBIAN CANDLE ROUND ,47.45,73,17,0.65,2.7911764705882356,7.800000000000001,0.16438356164383564,False
72130,COLUMBIAN CANDLE ROUND,291.57,741,50,0.5742307692307692,5.8313999999999995,27.36,0.09383681448708715,False
72131,COLUMBIAN CANDLE RECTANGLE,657.18,730,54,1.6428571428571428,12.17,79.19999999999999,0.12051492741714598,False
72132,COLUMBIAN CUBE CANDLE,460.2,548,27,1.684074074074074,17.044444444444444,118.8,0.258148631029987,False
72133,COLUMBIAN CANDLE RECTANGLE,102.87,99,27,1.2200000000000002,3.81,9.120000000000001,0.08865558471857685,False
72134,COLUMBIAN  CUBE CANDLE ,109.16,320,20,0.6519047619047619,5.458,20.16,0.18468303407841702,False
72140E,BEST DAD CANDLE LETTERS,152.51,215,27,0.8344444444444444,5.648518518518518,46.08,0.30214412169693794,False
72140F,HAPPY ANNIVERSARY CANDLE LETTERS,69.17999999999999,175,14,0.41600000000000004,4.941428571428571,25.919999999999998,0.37467476149176066,False
72225C,LAVENDER SCENT CAKE CANDLE,440.16999999999996,1829,34,0.2688235294117647,12.946176470588235,120.96,0.2748029170547743,False
72225D,VANILLA SCENT CAKE CANDLE ,218.88,960,10,0.26599999999999996,21.887999999999998,120.96,0.5526315789473684,False
72232,FENG SHUI PILLAR CANDLE,1190.92,6268,118,0.19,10.092542372881356,218.88,0.1837906828334397,False
72267,PREMIUM CHURCH CANDLE,479.34000000000003,247,40,2.08,11.983500000000001,81.12,0.1692326949555639,False
72349B,SET/6 PURPLE BUTTERFLY T-LIGHTS,3708.84,1902,236,2.0760833333333335,15.71542372881356,243.35999999999999,0.06561620344905685,False
72351A,SET/6 TURQUOISE BUTTERFLY T-LIGHTS,6966.29,3613,350,2.0726345609065153,19.903685714285714,243.35999999999999,0.03493394618943512,False
72351B,SET/6 PINK  BUTTERFLY T-LIGHTS,10558.04,5554,422,2.0683878504672895,25.019052132701425,486.71999999999997,0.04609946543108379,False
72369A,PINK CLEAR GLASS CANDLE PLATE,66.25,53,8,1.25,8.28125,22.5,0.33962264150943394,False
72484,ROSES IN WHITE HEART CANDLE ,958.21,1805,54,0.9703571428571429,17.74462962962963,183.92000000000002,0.19194122374009873,False
72487,ROSES WHITE ROUND CANDLE,351.62,826,13,0.9776923076923077,27.04769230769231,177.84,0.5057732779705364,False
72529W,WHITE ADVENT CANDLE,720.92,379,38,2.0973684210526318,18.97157894736842,216.32,0.3000610331243411,False
72586,"S/6 HALLOWEEN GHOST T LIGHTS, 5CM H",435.12,1036,40,0.42000000000000004,10.878,252.0,0.5791505791505791,False
72586,SET OF 6 HALLOWEEN GHOST T-LIGHTS,472.08,1124,67,0.42,7.045970149253731,60.48,0.12811387900355872,False
72598,SET/12 TAPER CANDLES,796.4399999999999,1020,89,0.8385869565217391,8.94876404494382,61.44,0.07714328762995329,False
72606A,BROWN ANTIQUE CUBE CANDLE,94.92,226,18,0.42,5.273333333333333,40.32,0.4247787610619469,False
72708,SCULPTED ROUND IVORY CANDLE ,9.24,44,5,0.21000000000000002,1.848,4.41,0.4772727272727273,False
72709,IVORY SCULPTED RND CANDLE ,62.9,74,13,0.8499999999999999,4.838461538461538,7.6499999999999995,0.12162162162162161,False
72715,SPHERICAL IVORY CANDLE ,34.44,82,12,0.42,2.8699999999999997,5.04,0.14634146341463417,False
72724,SET/6 CHRISTMAS ICICLE T-LIGHTS,42.5,34,9,1.25,4.722222222222222,15.0,0.35294117647058826,False
72728,ROSE SCENT CANDLES IN GLASS,498.5,614,50,0.8449019607843137,9.97,111.33,0.22332998996990971,False
72739B,WHITE CHOCOLATE SCENT CANDLE,244.35000000000002,351,10,0.89,24.435000000000002,93.60000000000001,0.3830570902394107,False
72739C,DARK CHOCOLATE SCENTCANDLE,203.5,278,10,1.01,20.35,85.8,0.4216216216216216,False
72740A,LARGE STRAWBERRY CHOCOLATE CANDLE,94.69999999999999,56,5,2.03,18.939999999999998,30.599999999999998,0.3231256599788807,False
72741,GRAND CHOCOLATECANDLE,25809.6,19224,822,1.4218787878787877,31.3985401459854,810.0,0.03138367119211456,False
72750A,"F.FAIRY S/3 CANDLE/GLASS,LILY/VALLY",349.15000000000003,177,8,2.45,43.643750000000004,234.0,0.6701990548474867,False
72750A,FLOWER FAIRY SET OF 3 LILY CANDLES,413.8,204,8,2.45,51.725,234.0,0.5654905751570807,False
72750B,"F.FAIRY S/3 CANDLE/GLASS,LAVENDER",380.35,193,9,2.3944444444444444,42.26111111111111,234.0,0.6152228210858419,False
72750B,FLOWER FAIRY SET 3 CANDLES LAVENDER,617.8,284,26,3.180769230769231,23.76153846153846,156.0,0.252508902557462,False
72750C,"F.FAIRY S/3 CANDLE/GLASS, ROSE",476.4,232,15,2.75,31.759999999999998,156.0,0.32745591939546603,False
72750D,F.FAIRY S/3 CANDLE/GLASS,226.5,110,11,2.6772727272727272,20.59090909090909,62.4,0.27549668874172184,False
72751A,"F.FAIRY S/3 SML CANDLE,LILY/VALLEY",5.95,1,1,5.95,5.95,5.95,1.0,False
72751B,"F.FAIRY S/3 SML CANDLE, LAVENDER",5.95,1,1,5.95,5.95,5.95,1.0,False
72751C,"F.FAIRY S/3 SML CANDLE, ROSE",5.95,1,1,5.95,5.95,5.95,1.0,False
72752A,"F.FAIRY,CANDLE IN GLASS,LILY/VALLEY",4.25,1,1,4.25,4.25,4.25,1.0,False
72752B,"F.FAIRY,CANDLE IN GLASS,LAVENDER",12.75,3,2,4.25,6.375,8.5,0.6666666666666666,False
72753A,S/3 FLWR FAIRY LILLY CANDLES,666.9000000000001,312,11,2.6318181818181823,60.62727272727273,336.0,0.5038236617183985,False
72753B,S/3 FLWR FAIRY LAVENDER CANDLES,949.95,444,13,3.0,73.07307692307693,336.0,0.35370282646455076,False
72753C,S/3 FLWR FAIRY ROSE CANDLES,99.9,42,5,3.2700000000000005,19.98,33.6,0.3363363363363363,False
72753D,S/3 FLWR FAIRY SUMMER CANDLES,268.8,128,7,2.1,38.4,151.20000000000002,0.5625,False
72754A,FLOWER FAIRY POTPOURRI CUSHION LILY,201.24,292,5,1.066,40.248000000000005,117.0,0.5813953488372092,False
72754B,F FAIRY POTPOURRI CUSHIONS LAVENDER,137.54000000000002,170,8,1.17,17.192500000000003,23.400000000000002,0.17013232514177692,False
72754D,F FAIRY POTPOURRI CUSHIONS SUMMER,1.69,1,1,1.69,1.69,1.69,1.0,False
72755C,FLOWER FAIRY OIL BURNER SET ROSE,736.25,577,13,1.7115384615384615,56.63461538461539,200.0,0.27164685908319186,False
72755D,FLOWER FAIRY OIL BURNER SET SUMMER,693.25,533,13,1.9423076923076923,53.32692307692308,200.0,0.288496213487198,False
72756, FAIRY CAKE CANDLES,202.05,153,2,1.37,101.025,135.0,0.6681514476614699,False
72756,FAIRY CAKE CANDLES,5195.04,3816,124,1.4706451612903224,41.895483870967745,1350.0,0.25986325418091105,False
72760B,VINTAGE CREAM 3 BASKET CAKE STAND,15006.91,1613,443,9.845011235955056,33.875643340857785,882.96,0.05883689580333327,False
72771B,BURG FLOCK GOLD CUP/CANDLE ,48.3,115,6,0.42,8.049999999999999,28.14,0.582608695652174,False
72771C,BLACK FLOCK GOLD CANDLE,20.580000000000002,49,4,0.42,5.1450000000000005,10.08,0.48979591836734687,False
72772,SET/4 SCENTED CANDLES IN RAMEKINS,592.5,454,8,1.875,74.0625,355.0,0.5991561181434599,False
72779,SET/6 BLACK ROSE T-LIGHT CANDLES,81.12,48,15,1.69,5.408,20.28,0.25,False
72780,BLACK SILOUETTE CANDLE PLATE,407.13,501,42,0.8407142857142857,9.693571428571428,69.12,0.16977378232996831,False
72781,BLACK SILOUETTE CANDLE PLATE ,214.8,114,13,2.036923076923077,16.523076923076925,81.12,0.3776536312849162,False
72783,BLACK SIL'T SQU CANDLE PLATE ,84.0,40,7,2.1,12.0,25.200000000000003,0.30000000000000004,False
72785A,S/4 CONTEMPORY PINK ROSEBUD CANDLES,16.8,8,4,2.1,4.2,6.300000000000001,0.375,False
72785B,S/4 CONTEMPORY RED ROSEBUD CANDLES,10.9,9,3,1.5666666666666667,3.6333333333333333,6.300000000000001,0.5779816513761469,False
72789,BASKET/8 SCENTED LOVE TOKEN CANDLES,416.25,111,44,3.75,9.460227272727273,60.0,0.14414414414414414,False
72793,BLACK BOX MIRROR LANTERN,262.8,54,10,5.5600000000000005,26.28,97.65,0.3715753424657534,False
72796A,S/3 ENGLISH LAVENDER SQU CANDLE,18.15,11,5,1.6499999999999997,3.63,8.25,0.4545454545454546,False
72796B,S/3 FRENCH VANILLA SQU CANDLE,42.9,26,11,1.6499999999999997,3.9,11.549999999999999,0.2692307692307692,False
72796C,S/3 ROSE GARDEN SCENT SQU CANDLE,1.65,1,1,1.65,1.65,1.65,1.0,False
72798C,SET/4 GARDEN ROSE DINNER CANDLE,39.599999999999994,24,11,1.65,3.5999999999999996,9.899999999999999,0.25,False
72799A,BLACK PILLAR CANDLE SILVER FLOCK,877.8000000000001,612,18,2.4555555555555557,48.76666666666667,300.0,0.3417634996582365,False
72799B,PURPLE PILLAR CANDLE BLACK FLOCK,413.35,313,9,1.8166666666666669,45.92777777777778,300.0,0.725777186403774,False
72799C,PINK PILLAR CANDLE SILVER FLOCK,670.28,452,39,2.39974358974359,17.186666666666667,300.0,0.44757414811720475,False
72799D,BLUE PILLAR CANDLE SILVER FLOCK,182.15,65,13,2.9214285714285717,14.011538461538462,61.199999999999996,0.3359868240461158,False
72799E,IVORY PILLAR CANDLE SILVER FLOCK,2225.1400000000003,1126,131,2.6966666666666668,16.98580152671756,300.0,0.13482297743063357,False
72799F,IVORY PILLAR CANDLE GOLD FLOCK,1846.95,1065,72,2.698684210526316,25.652083333333334,600.0,0.32485990416632826,False
72800A,S/4 BLACK DINNER CANDLE SILVER FLOC,676.71,661,34,2.226176470588235,19.90323529411765,199.08,0.2941880569224631,False
72800B, 4 PURPLE FLOCK DINNER CANDLES,495.15999999999997,324,51,2.2499999999999996,9.709019607843137,30.599999999999998,0.06179820664027789,False
72800B,S/4 PURPLE DINNER CANDLE BLK FLOCK,655.0200000000001,634,24,2.2446153846153845,27.292500000000004,199.08,0.30392965100302277,False
72800C,4 PINK DINNER CANDLE SILVER FLOCK,385.51,257,42,2.2190476190476187,9.178809523809523,30.599999999999998,0.07937537288267489,False
72800C,S/4 PINK DINNER CANDLE SILVER FLOCK,468.87,389,24,2.2619230769230767,19.53625,199.08,0.4245953036022778,False
72800D,4 BLUE DINNER CANDLES SILVER FLOCK,445.34999999999997,205,44,2.5011363636363635,10.121590909090909,75.60000000000001,0.16975412596833955,False
72800D,S/4 BLUE DINNER CANDLE SILVER FLOCK,506.40000000000003,412,31,2.2516129032258063,16.335483870967742,199.08,0.39312796208530804,False
72800E,4 IVORY DINNER CANDLES SILVER FLOCK,2190.72,1256,225,2.2527038626609444,9.736533333333332,61.199999999999996,0.027936021034180546,False
72800F,4 IVORY DINNER CANDLES GOLD FLOCK,1029.72,816,62,2.29546875,16.608387096774194,369.72,0.3590490618808997,False
72801C,4 ROSE PINK DINNER CANDLES,332.15999999999997,528,22,1.0904545454545453,15.098181818181816,100.8,0.3034682080924856,False
72801C,S/4 ROSE PINK DINNER CANDLES,146.85,153,24,1.2075,6.1187499999999995,25.44,0.1732379979570991,False
72801D,4 SKY BLUE DINNER CANDLES,214.71,363,22,1.1745454545454546,9.759545454545455,100.8,0.4694704485119463,False
72801D,S/4 SKY BLUE DINNER CANDLES,151.85,157,25,1.2092,6.074,25.44,0.1675337504115904,False
72801E,4 FESTIVE GREEN DINNER CANDLES,23.91,51,2,0.835,11.955,20.16,0.8431618569636136,False
72801E,S/4 FESTIVE GREEN DINNER CANDLES,378.33,717,21,1.170952380952381,18.015714285714285,241.92,0.6394417571960986,False
72801F,S/4 FESTIVE RED DINNER CANDLES,292.5,234,25,1.25,11.7,30.0,0.10256410256410256,False
72801G,4 BURGUNDY WINE DINNER CANDLES,302.69,529,31,1.1203125,9.764193548387096,100.8,0.3330139746935809,False
72801G,S/4 BURGUNDY WINE DINNER CANDLES,453.33,777,21,1.170952380952381,21.587142857142858,241.92,0.5336509827278142,False
72802A,ROSE SCENT CANDLE IN JEWELLED BOX,3618.35,883,167,4.280238095238095,21.666766467065866,182.88,0.05054237428662236,False
72802B,OCEAN SCENT CANDLE IN JEWELLED BOX,3402.13,1077,186,4.195775401069519,18.291021505376346,198.12,0.05823410628047723,False
72802C,VANILLA SCENT CANDLE JEWELLED BOX,5149.34,1636,231,4.197038626609442,22.291515151515153,274.32,0.05327284661723638,False
72803A,ROSE SCENT CANDLE JEWELLED DRAWER,1485.44,712,91,4.203956043956044,16.323516483516485,204.0,0.13733304610081862,False
72803B,OCEAN SCENT CANDLE JEWELLED DRAWER,369.75,87,33,4.25,11.204545454545455,51.0,0.13793103448275862,False
72805,VANILLA CANDLE IN EMBOSSED ZINC POT,16.9,10,3,1.6900000000000002,5.633333333333333,8.45,0.5,False
72807A,SET/3 ROSE CANDLE IN JEWELLED BOX,3265.06,802,136,4.214927536231884,24.00779411764706,251.46,0.07701543003803912,False
72807B,SET/3 OCEAN SCENT CANDLE JEWEL BOX,3829.26,942,162,4.218192771084338,23.63740740740741,365.76,0.09551714952758496,False
72807C,SET/3 VANILLA SCENTED CANDLE IN BOX,6824.03,1695,235,4.213025210084034,29.038425531914893,731.52,0.107197652999767,False
72811,SMALL ZINC/GLASS CANDLEHOLDER,328.77,441,20,1.2994999999999999,16.438499999999998,54.72,0.16643854366274297,False
72812,LARGE ZINC GLASS CANDLEHOLDER,127.68,55,10,2.5060000000000002,12.768,25.200000000000003,0.19736842105263158,False
72812,LARGE ZINC/GLASS CANDLEHOLDER,48.300000000000004,23,6,2.1,8.05,12.600000000000001,0.2608695652173913,False
72814,SET OF 3 CHRISTMAS BRIAR CANDLES,602.85,171,28,3.722413793103448,21.530357142857145,141.60000000000002,0.23488429957700924,False
72814,SET/3 CHRISTMAS BRIAR CANDLES,330.0,88,21,3.75,15.714285714285714,45.0,0.13636363636363635,False
72815,3 WICK CHRISTMAS BRIAR CANDLE ,945.0,252,59,3.75,16.016949152542374,60.0,0.06349206349206349,False
72816,SET/3 CHRISTMAS DECOUPAGE CANDLES,1263.32,1178,74,1.2458108108108108,17.07189189189189,342.0,0.27071525820852993,False
72817,SET OF 2 CHRISTMAS DECOUPAGE CANDLE,1113.09,1173,115,0.98991452991453,9.67904347826087,37.92,0.03406732609222974,False
72817,SET/2 CHRISTMAS DECOUPAGE CANDLES,50.0,40,6,1.25,8.333333333333334,20.0,0.4,False
72818,CHRISTMAS DECOUPAGE CANDLE,1180.39,2305,105,0.6992792792792794,11.241809523809525,140.4,0.11894373893374223,False
72819,CUPID DESIGN SCENTED CANDLES,1015.0999999999999,660,64,2.1727272727272724,15.860937499999999,102.0,0.10048271106294947,False
72821,CUPID SCENTED CANDLE IN GLASS,95.69999999999999,58,14,1.65,6.8357142857142845,19.799999999999997,0.20689655172413793,False
75011,BLUE DAISY MOBILE,172.51,181,15,1.3900000000000001,11.500666666666666,56.88,0.32972001623094316,False
75013B,"STRING OF 8 BUTTERFLIES,PINK",571.05,360,58,1.650806451612903,9.845689655172412,145.2,0.25426845285001315,False
75049L,LARGE CIRCULAR MIRROR MOBILE,11410.15,12707,225,1.1195278969957083,50.711777777777776,571.1999999999999,0.050060691577236055,False
75131,METAL TUBE CHIME ON BAMBOO,1526.26,1210,62,1.6220967741935484,24.61709677419355,392.0,0.2568369740411201,False
75149N,STRING CRYSTALS NATURAL,340.0,272,25,1.25,13.6,30.0,0.08823529411764706,False
75172,PAINTED SEA SHELL METAL WINDCHIME,100.31,97,11,2.1354545454545457,9.11909090909091,28.44,0.2835210846376234,False
75178,ASSTD COL BUTTERFLY/CRYSTAL W/CHIME,235.19,475,16,1.0943749999999999,14.699375,60.48,0.2571537905523194,False
77079,DOLPHIN WINDMILL,131.44000000000003,62,11,2.12,11.949090909090911,42.400000000000006,0.3225806451612903,False
77081,FLOWER WINDMILL,255.51000000000002,219,18,1.228888888888889,14.195,76.32000000000001,0.2986967241986615,False
77101A,UNION FLAG WINDSOCK,1180.48,1052,69,1.2255714285714288,17.10840579710145,305.28000000000003,0.2586066684738412,False
78026,SEAGRASS S/3 SQU LAUNDRY BOX,110.0,11,1,10.0,110.0,110.0,1.0,False
78027,SEAGRASS S/2 CORNER LAUNDRY ,51.9,4,3,13.966666666666667,17.3,20.0,0.3853564547206166,False
78033,FLAG OF ST GEORGE CHAIR,336.6,70,13,5.426923076923076,25.892307692307693,51.0,0.1515151515151515,False
78034B,BLUE NETTING STORAGE HANGER,29.25,15,9,1.95,3.25,5.85,0.19999999999999998,False
78056,CAMOUFLAGE BACKPACK ON WHEELS,19.9,2,1,9.95,19.9,19.9,1.0,False
78124,MAGAZINE RACK GEBRA ASSORTED ,942.5,718,26,1.5384615384615385,36.25,360.0,0.3819628647214854,False
79000,MOROCCAN TEA GLASS,8240.51,11075,329,0.8268693009118542,25.04714285714286,390.0,0.04732716785732922,False
79026B,"S/4 ICON COASTER,ELVIS LIVES",43.11,51,22,0.9372727272727274,1.9595454545454545,6.25,0.14497796334957086,False
79029,GLASS HONEYPOT WASP CATCHER,5023.5,2822,291,1.928787878787879,17.262886597938145,475.2,0.09459540161242162,False
79030A,"TUMBLER, ENGLISH ROSE",249.14999999999998,151,20,1.65,12.4575,29.7,0.11920529801324505,False
79030D,TUMBLER BAROQUE,156.39,401,25,0.39,6.255599999999999,18.72,0.11970074812967581,False
79030D,"TUMBLER, BAROQUE",382.11,479,16,1.505625,23.881875,216.0,0.5652822485671665,False
79030G,TUMBLER NEW ENGLAND,475.8,1220,41,0.39,11.604878048780488,56.160000000000004,0.1180327868852459,False
79030G,"TUMBLER, NEW ENGLAND",683.04,472,52,1.5530769230769228,13.135384615384615,39.599999999999994,0.057976106816584674,False
79051A,SMOKEY GREY COLOUR D.O.F. GLASS,274.99,695,35,0.44384615384615383,7.856857142857143,27.839999999999996,0.1012400450925488,False
79051A,SMOKEY GREY COLOUR GLASS,56.83999999999999,196,11,0.29,5.167272727272726,13.919999999999998,0.2448979591836735,False
79062D,"RETRO TIN ASHTRAY,REVOLUTIONARY",19.4,52,4,0.38,4.85,7.800000000000001,0.40206185567010316,False
79063C,"RETRO PILL BOX KEY CHAIN,THE KING",43.65,235,14,0.18928571428571428,3.117857142857143,18.0,0.4123711340206186,False
79063D,"RETRO PILL BOX , REVOLUTIONARY",34.72,188,10,0.189,3.472,18.0,0.5184331797235023,False
79065A,TEATIME ROUND CAKE TINS ,39.8,4,1,9.95,39.8,39.8,1.0,False
79066K,RETRO MOD TRAY,1020.66,1260,172,0.87878612716763,5.93406976744186,30.72,0.030098171771206866,False
79067,CORONA MEXICAN TRAY,5081.0,1436,274,3.7239130434782606,18.543795620437955,147.5,0.029029718559338714,False
79071B,ENGLISH ROSE METAL WASTE BIN,401.20000000000005,136,60,2.95,6.686666666666667,35.400000000000006,0.08823529411764706,False
79072,TEATIME CAKE TIN WITH HANDLE,2039.1499999999999,217,61,9.704098360655736,33.428688524590164,71.6,0.035112669494642375,False
79140,ASS WINDPROOF MARIJUANA LIGHTERS,6.3,15,2,0.42,3.15,5.04,0.8,False
79144B,PAINTED LIGHTBULB STAR+ MOON,105.17999999999999,259,40,0.4163414634146341,2.6294999999999997,8.879999999999999,0.08442669709070165,False
79144C,PAINTED LIGHTBULB RAINBOW DESIGN,68.22,171,23,0.4134782608695652,2.966086956521739,8.879999999999999,0.13016710642040455,False
79149B,SILICON STAR BULB  BLUE,12.18,29,12,0.42,1.015,4.2,0.3448275862068966,False
79151B,"SILICON CUBE 25W, BLUE",4.62,11,2,0.42,2.31,4.2,0.9090909090909091,False
79157B,UBO-LIGHT TRIOBASE BLUE,4.25,5,3,0.85,1.4166666666666667,2.55,0.6,False
79157V,UBO-LIGHT TRIOBASE PURPLE,4.25,5,3,0.85,1.4166666666666667,1.7,0.39999999999999997,False
79160,HEART SHAPE WIRELESS DOORBELL,1488.18,793,129,2.078582089552239,11.536279069767442,243.35999999999999,0.1635286054106358,False
79161A,ST GEORGE SET OF 10 PARTY LIGHTS,150.45000000000002,51,16,2.95,9.403125000000001,29.5,0.196078431372549,False
79163,BLACK CHAMPAGNE GLASS,1097.01,1801,56,0.9833333333333333,19.589464285714286,93.60000000000001,0.08532283206169498,False
79164,BLACK WINE GLASS,2537.16,3600,67,1.2999999999999998,37.868059701492534,486.72,0.1918365416449889,False
79172D,PURPLE TINT ACRYLIC FLOWER VASE,20.4,24,4,0.85,5.1,10.2,0.5,False
79190A,RETRO PLASTIC 70'S TRAY,284.76,678,72,0.42,3.955,23.939999999999998,0.08407079646017698,False
79190B,RETRO PLASTIC POLKA TRAY,516.66,1373,95,0.4178947368421052,5.438526315789473,96.0,0.1858088491464406,False
79190D,RETRO PLASTIC DAISY TRAY,239.4,570,73,0.42,3.2794520547945205,6.3,0.02631578947368421,False
79191B,RETRO PLASTIC POLKA TRAY,334.66999999999996,431,51,0.8456862745098038,6.5621568627450975,90.72,0.2710729972809036,False
79191C,RETRO PLASTIC ELEPHANT TRAY,965.53,1285,109,0.8420000000000001,8.858073394495413,90.72,0.09395875840212112,False
79191D,RETRO PLASTIC DAISY TRAY,79.05,93,30,0.85,2.635,10.2,0.12903225806451613,False
79192A,RETRO PLASTIC 70'S TRAY,122.5,98,30,1.25,4.083333333333333,20.0,0.16326530612244897,False
79301,FEATHER HEART LIGHTS,2.95,1,1,2.95,2.95,2.95,1.0,False
79302M,"ART LIGHTS,FUNK MONKEY",1577.0,588,75,2.8552631578947367,21.026666666666667,153.0,0.09701965757767914,False
79303A,WHITE ROHMBIC BLOCK TABLE LAMP,5.9,2,1,2.95,5.9,5.9,1.0,False
79303B,BLUE STAR BLOCK TABLE LAMP,303.85,103,4,2.95,75.9625,265.5,0.8737864077669902,False
79303D,LILAC FLOWER BLOCK TABLE LAMP,182.9,62,6,2.9500000000000006,30.483333333333334,112.10000000000001,0.6129032258064516,False
79308B,MOSAIC CANDLE DISH BLUE PURPLE,122.39999999999999,144,2,0.85,61.199999999999996,61.199999999999996,0.5,False
79315W,FLYING SAUCER TABLE LIGHT IN WHITE,563.45,191,7,2.95,80.49285714285715,224.20000000000002,0.39790575916230364,False
79320, FLAMINGO LIGHTS,1518.9,334,46,4.828260869565217,33.0195652173913,102.0,0.06715386134702744,False
79320,FLAMINGO LIGHTS,2377.25,519,75,4.8566666666666665,31.696666666666665,212.5,0.08938899989483647,False
79321,CHILLI LIGHTS,68547.0,14721,917,5.147758433079434,74.75136314067612,2232.0,0.03256160007002495,False
79323B,BLACK CHERRY LIGHTS,1137.95,189,40,6.5875,28.44875,130.8,0.11494353881980755,False
79323G,GOLD  CHERRY LIGHTS,1231.15,203,45,6.576666666666666,27.35888888888889,130.8,0.1062421313406165,False
79323GR,GREEN CHERRY LIGHTS,2435.4500000000003,413,61,6.494262295081967,39.925409836065576,261.6,0.10741341435874273,False
79323LP,LIGHT PINK CHERRY LIGHTS,6313.700000000001,1080,133,6.446992481203008,47.471428571428575,392.40000000000003,0.06215056147742211,False
79323P,PINK CHERRY LIGHTS,10061.650000000001,1699,184,6.454864864864866,54.68288043478262,392.40000000000003,0.038999567665343154,False
79323S, SILVER CHERRY LIGHTS,1480.0500000000002,247,31,6.708064516129032,47.74354838709678,784.8000000000001,0.5302523563393129,False
79323S,SILVER CHERRY LIGHTS,271.75,47,9,6.461111111111111,30.194444444444443,130.8,0.4813247470101196,False
79323W, WHITE CHERRY LIGHTS,9487.35,1617,191,6.350520833333333,49.67198952879581,261.6,0.027573558475232813,False
79323W,WHITE CHERRY LIGHTS,3228.7000000000003,544,65,6.45,49.6723076923077,784.8000000000001,0.24306996624028246,False
79328,BLUE FLOCK GLASS CANDLEHOLDER,233.86,582,11,0.6109090909090908,21.26,54.72,0.23398614555717093,False
79329,PINK FLOCK GLASS CANDLEHOLDER,65.94,100,7,1.2871428571428571,9.42,27.36,0.41492265696087355,False
79331,PINK FLOCK GLASS CANDLEHOLDER,73.6,60,9,1.3677777777777775,8.177777777777777,19.799999999999997,0.26902173913043476,False
79336,LIGHT PINK FLOCK GLASS CANDLEHOLDER,342.83000000000004,832,16,0.85625,21.426875000000003,91.2,0.26602106000058334,False
79337,BLUE FLOCK GLASS CANDLEHOLDER,489.67,1185,19,0.7810526315789473,25.772105263157897,109.44,0.22349745747135824,False
79338,DARK PINK FLOCK GLASS CANDLEHOLDER,231.99,547,10,0.8879999999999999,23.199,91.2,0.3931203931203931,False
79341,WILLOW BRANCH LIGHTS.,2244.85,363,60,6.664754098360656,37.41416666666667,523.2,0.23306679733612493,False
79342B,BROWN FLOWER LIGHTS,634.95,101,24,6.695833333333333,26.45625,196.20000000000002,0.30900070871722185,False
79403,FROSTED WHITE BASE ,155.54999999999998,183,23,0.85,6.763043478260869,10.2,0.06557377049180328,False
79406,FROSTED WHITE BASE ,53.900000000000006,245,15,0.22,3.5933333333333337,15.84,0.29387755102040813,False
79413,GLASS WINE GLASS DECORATIONS,37.5,30,9,1.25,4.166666666666667,15.0,0.4,False
79532,MOSAIC GLASS BALL CANDLEHOLDER,120.0,96,17,1.25,7.0588235294117645,30.0,0.25,False
79534,MULTICOLOUR GLASS PLATE,63.800000000000004,116,16,0.55,3.9875000000000003,6.6000000000000005,0.10344827586206896,False
81950B,FLOWER BLUE CLOCK W/SUCKER,67.15,79,15,0.85,4.4766666666666675,8.5,0.12658227848101264,False
81950B,FLOWER BLUE CLOCK WITH SUCKER,33.64,116,8,0.29,4.205,14.499999999999998,0.4310344827586206,False
81950V,FLOWER PURPLE CLOCK W/SUCKER,14.45,17,7,0.85,2.064285714285714,5.949999999999999,0.4117647058823529,False
81950V,FLOWER PURPLE CLOCK WITH SUCKER,4.35,15,3,0.29,1.45,3.4799999999999995,0.7999999999999999,False
81952B,ROUND BLUE CLOCK W/SUCKER,36.6,48,7,0.8200000000000001,5.228571428571429,12.8,0.34972677595628415,False
81952B,ROUND BLUE CLOCK WITH SUCKER,38.0,200,9,0.19,4.222222222222222,19.0,0.5,False
81952V,ROUND PURPLE CLOCK W/SUCKER,68.9,86,10,0.829,6.890000000000001,12.8,0.18577648766328012,False
81952V,ROUND PURPLE CLOCK WITH SUCKER,69.35,365,24,0.19,2.889583333333333,19.0,0.27397260273972607,False
81953B,ROUND ARTICULATED BLUE CLOCK W/SUCK,2.55,3,3,0.85,0.85,0.85,0.33333333333333337,False
81953B,ROUND BLUE CLOCK WITH SUCKER,2.09,11,3,0.19,0.6966666666666667,1.14,0.5454545454545454,False
81953P,ROUND ARTICULATED PINK CLOCK W/SUCK,9.57,33,6,0.52,1.595,3.8,0.3970741901776384,False
81985A,"ICON ALARM CLOCK,FUSCHIA  PIN UP",58.64999999999999,23,7,2.55,8.378571428571428,15.299999999999999,0.2608695652173913,False
82001S,SILVER RECORD COVER FRAME,955.86,272,19,4.398421052631579,50.30842105263158,162.72,0.17023413470591928,False
82001S,VINYL RECORD FRAME SILVER,8790.67,2539,175,3.657683615819209,50.2324,488.16,0.05553160339314296,False
82011A,"BATHROOM SCALES, TROPICAL BEACH",127.5,34,23,3.75,5.543478260869565,11.25,0.08823529411764706,False
82011B,BATHROOM SCALES RUBBER DUCKS,287.8,84,39,3.6679487179487182,7.37948717948718,29.5,0.10250173731758165,False
82011C,BATHROOM SCALES FOOTPRINTS IN SAND,324.25,95,42,3.673809523809524,7.720238095238095,41.300000000000004,0.1273708558211257,False
82011E,"BATHROOM SCALES, FAG BREAK",7.5,2,2,3.75,3.75,3.75,0.5,False
82069,BEECH WOOD P/FRAME,36.25,5,2,7.25,18.125,29.0,0.8,False
82072,WHITE WOOD SINGLE P/FRAME,6.25,5,3,1.25,2.0833333333333335,2.5,0.4,False
82076,BEECH WOOD PHOTO FRAME ,338.75,271,6,1.25,56.458333333333336,80.0,0.23616236162361623,False
82081,PINK HEARTS PHOTO ALBUM,336.25,159,12,3.0416666666666665,28.020833333333332,68.25,0.20297397769516728,False
82093,HEART SHAPE BUTTON FRAME ,150.0,100,7,2.3214285714285716,21.428571428571427,30.0,0.2,False
82095,HEART BUTTONS JEWELLERY BOX,298.35,39,22,7.65,13.561363636363637,30.6,0.10256410256410256,False
82482,WOODEN PICTURE FRAME WHITE FINISH,35965.8,15190,1648,2.5649759326113117,21.823907766990292,622.0799999999999,0.017296431610029524,False
82483,WOOD 2 DRAWER CABINET WHITE FINISH,26334.870000000003,4501,1035,6.195023969319271,25.44431884057971,714.0,0.027112341925363593,False
82484,WOOD BLACK BOARD ANT WHITE FINISH,54233.159999999996,9632,1044,6.961551724137932,51.94747126436781,2868.0,0.052882775040215255,False
82486,3 DRAWER ANTIQUE WHITE WOOD CABINET,5812.83,669,183,8.922173913043478,31.764098360655737,195.60000000000002,0.033649702468505016,False
82486,WOOD S/3 CABINET ANT WHITE FINISH,29852.350000000002,3849,993,8.023233830845772,30.06278952668681,250.20000000000002,0.008381249717358935,False
82494L,WOODEN FRAME ANTIQUE WHITE ,38709.32,13905,1763,2.901258426966292,21.956505955757233,367.2,0.00948608758820873,False
82545A,COGNAC AUX OEUFS METAL 1 HOOK,38.75,31,11,1.25,3.522727272727273,7.5,0.1935483870967742,False
82551,LAUNDRY 15C METAL SIGN,7394.46,5344,550,1.378086642599278,13.444472727272727,489.59999999999997,0.06621173148546344,False
82552,WASHROOM METAL SIGN,9073.76,6741,654,1.3575151515151516,13.874250764525994,489.59999999999997,0.05395778596744899,False
82553,POP'S GREASY SPOON METAL SIGN,141.89999999999998,86,20,1.65,7.094999999999999,39.599999999999994,0.27906976744186046,False
82567,"AIRLINE LOUNGE,METAL SIGN",1838.8100000000002,891,290,2.077724137931035,6.340724137931035,25.200000000000003,0.013704515420298997,False
82578,KITCHEN METAL SIGN,2872.3300000000004,5378,543,0.5537749546279491,5.28974217311234,105.12,0.03659746616858091,False
82580,BATHROOM METAL SIGN,6554.92,12300,923,0.5545405982905983,7.101755146262189,175.2,0.026728014987215706,False
82581,TOILET METAL SIGN,4299.31,8054,723,0.5516279069767442,5.946486860304288,105.12,0.024450435069813526,False
82582,AREA PATROLLED METAL SIGN,14321.720000000001,7217,693,2.0972675250357655,20.66626262626263,399.6,0.027901676614261416,False
82583,HOT BATHS METAL SIGN,22806.030000000002,11690,818,2.07451497005988,27.880232273838633,1261.92,0.05533273436893663,False
82585,SWEET VALENCIA CANDLE+CUP,139.63,119,20,1.2413636363636362,6.9815,50.88,0.364391606388312,False
82587,TEXRIO TOMATOES CANDLE+CUP,127.94,106,31,1.238125,4.127096774193548,15.0,0.11724245740190714,False
82597,BOMBS AWAY METAL SIGN,2326.8500000000004,1150,163,2.082606060606061,14.275153374233131,81.12,0.034862582461267375,False
82599,FANNY'S REST STOPMETAL SIGN,4691.92,2310,354,2.0840111420612817,13.254011299435028,81.12,0.01728929734522328,False
82600,N0 SINGING METAL SIGN,2523.78,1197,35,2.091142857142857,72.108,532.8000000000001,0.21111190357321163,False
82600,NO SINGING METAL SIGN,22014.06,11151,969,2.069733333333333,22.718328173374616,925.44,0.042038588065990555,False
82605,OLD DOC RUSSEL METAL SIGN,438.90000000000003,209,83,2.1,5.287951807228916,25.200000000000003,0.05741626794258373,False
82605,OLD DOC.RUSSEL METAL SIGN,18.900000000000002,9,4,2.1,4.7250000000000005,12.600000000000001,0.6666666666666666,False
82607A,GLASS BONBON JAR PARFUME AUX FLEURE,662.23,550,87,1.243448275862069,7.61183908045977,50.88,0.07683131238391495,False
82607C,GLASS BONBON JAR. SUPERFINES,112.5,90,21,1.25,5.357142857142857,15.0,0.13333333333333333,False
82607E,GLASS BONBON JAR. D'AMANDES,125.0,100,25,1.25,5.0,15.0,0.12,False
82613A,"METAL SIGN,CUPCAKE SINGLE HOOK",560.0,448,81,1.25,6.91358024691358,31.25,0.05580357142857143,False
82613B,"METAL SIGN,CUPCAKE SINGLE HOOK",556.7,618,94,1.1440425531914895,5.922340425531916,20.0,0.03592599245554158,False
82613C,"METAL SIGN,CUPCAKE SINGLE HOOK",430.8,504,71,1.1214084507042255,6.067605633802817,20.0,0.04642525533890436,False
82613D,METAL SIGN CUPCAKE SINGLE HOOK,741.2,832,126,1.1314285714285715,5.882539682539683,25.0,0.03372908796546141,False
82615,PINK MARSHMALLOW SCARF KNITTING KIT,1515.25,563,76,2.8973684210526316,19.9375,244.79999999999998,0.1615574987625804,False
82616A,BUBBLE GUM SCARF KNITTING KIT,576.3000000000001,306,46,2.7282608695652173,12.52826086956522,60.0,0.10411244143675168,False
82616B,FRAPPUCINO SCARF KNITTING KIT,783.6800000000001,524,75,2.0223376623376623,10.449066666666667,90.0,0.11484279297672519,False
82616C,MIDNIGHT GLAMOUR SCARF KNITTING KIT,787.47,536,78,1.9470512820512822,10.095769230769232,150.0,0.1904834469884567,False
84006,MAGIC TREE -PAPER FLOWERS,1402.5,1650,142,0.85,9.876760563380282,61.199999999999996,0.04363636363636363,False
84007,MAGIC GARDEN MOUNT FUJI,387.59999999999997,152,37,2.55,10.475675675675674,61.199999999999996,0.15789473684210525,False
84012,MAGIC SHEEP WOOL GROWING FROM PAPER,2414.75,1661,154,1.65,15.680194805194805,201.60000000000002,0.08348690340614971,False
84016,FLAG OF ST GEORGE CAR FLAG,367.08,924,44,0.4184090909090909,8.342727272727272,105.0,0.28604118993135014,False
84029C,BROWN FURRY HOT WATER BOTTLE,665.05,191,38,3.7078947368421056,17.501315789473683,118.0,0.17743026840087212,False
84029D,LEOPARD PRINT HOT WATER BOTTLE,153.3,46,12,3.6833333333333336,12.775,70.80000000000001,0.46183953033268105,False
84029E,RED WOOLLY HOTTIE WHITE HEART.,31796.97,9239,953,3.7844755970924195,33.36513116474292,1383.1200000000001,0.0434984842895408,False
84029G,KNITTED UNION FLAG HOT WATER BOTTLE,20664.7,5676,754,3.8245525291828795,27.406763925729443,405.0,0.019598639225345636,False
84030B,KNITTED POM POM HOT WATER BOTTLE,18.75,5,3,3.75,6.25,7.5,0.4,False
84030C,KNITTED RAINBOW HOT WATER BOTTLE,75.0,20,5,3.75,15.0,45.0,0.6,False
84030E,ENGLISH ROSE HOT WATER BOTTLE,8157.91,2010,408,4.252208737864078,19.994877450980393,180.0,0.022064474847111576,False
84031A,CHARLIE+LOLA RED HOT WATER BOTTLE ,2179.67,695,133,4.19162962962963,16.388496240601505,168.0,0.07707588763436667,False
84031B,CHARLIE LOLA BLUE HOT WATER BOTTLE ,1679.0900000000001,523,109,4.184774774774775,15.404495412844039,168.0,0.1000541960228457,False
84032A,CHARLIE+LOLA PINK HOT WATER BOTTLE,4659.71,2251,344,2.784511494252874,13.545668604651162,225.0,0.048286266741921706,False
84032B,CHARLIE + LOLA RED HOT WATER BOTTLE,5602.200000000001,2720,403,2.7627832512315273,13.901240694789085,244.79999999999998,0.04369711898896861,False
84033,FLAG OF ST GEORGE ,612.15,371,43,1.65,14.236046511627906,57.75,0.09433962264150944,False
84050,PINK HEART SHAPE EGG FRYING PAN,13210.98,9482,552,1.6115742397137747,23.932934782608694,750.0,0.056770958702533805,False
84051,ASS COLOUR GLOWING TIARAS,542.05,697,52,0.8420754716981131,10.42403846153846,76.8,0.14168434646250347,False
84077,WORLD WAR 2 GLIDERS ASSTD DESIGNS,23766.35,103697,914,0.26198907103825136,26.00257111597374,1008.0,0.04241290732485216,False
84078A,SET/4 WHITE RETRO STORAGE CUBES ,31276.700000000004,866,223,38.53744394618834,140.2542600896861,2970.7500000000005,0.09498284665581727,False
84081,WHITE CERAMIC PARTY SET (5PCS),337.58,94,15,4.078,22.505333333333333,81.36,0.24100953847976778,False
84086B,YELLOW/BLUE RETRO RADIO,67.85000000000001,23,12,2.95,5.654166666666668,11.8,0.17391304347826086,False
84086C,PINK/PURPLE RETRO RADIO,560.5,190,34,2.95,16.485294117647058,88.5,0.15789473684210525,False
84192,ASSORTED COLOUR METAL CAT ,271.1,226,38,1.2402564102564102,7.1342105263157904,50.88,0.18767982294356325,False
84199,GLOW IN DARK DOLPHINS,102.27,499,62,0.20907692307692308,1.649516129032258,10.799999999999999,0.10560281607509533,False
84201B,HAPPY BIRTHDAY CARD STRIPEY TEDDY,5.32,28,6,0.19000000000000003,0.8866666666666667,2.2800000000000002,0.4285714285714286,False
84201C,HAPPY BIRTHDAY CARD TEDDY/CAKE,1.9,10,3,0.19000000000000003,0.6333333333333333,0.95,0.5,False
84205C,HAPPY BIRTHDAY GINGER CAT CARD,0.38,2,1,0.19,0.38,0.38,1.0,False
84206A,3 BLACK CATS W HEARTS BLANK CARD,15.010000000000002,79,9,0.19,1.667777777777778,4.5600000000000005,0.3037974683544304,False
84206B,CAT W SUNGLASSES BLANK CARD,0.76,4,1,0.19,0.76,0.76,1.0,False
84206B,CAT WITH SUNGLASSES BLANK CARD,0.95,5,1,0.19,0.95,0.95,1.0,False
84206C,CHAMPAGNE TRAY BLANK CARD,1.9,10,4,0.19,0.475,0.95,0.5,False
84212,"ASSORTED FLOWER COLOUR ""LEIS""",11712.97,24593,258,0.6215830115830117,45.39910852713178,604.8,0.051635067792370336,False
84218,BOX/12 CHICK & EGG IN BASKET,477.75,253,88,1.9471111111111112,5.4289772727272725,101.39999999999999,0.21224489795918366,False
84219,BOX/12 MOTHER & CHICK IN BASKET/BOW,220.79999999999998,96,26,2.5269230769230764,8.492307692307692,78.0,0.3532608695652174,False
84226,HEN HOUSE W FAMILY IN BARN & NEST,56.61,75,17,0.8376470588235294,3.33,21.76,0.38438438438438444,False
84227,HEN HOUSE W CHICK IN NEST,47.04,112,13,0.42,3.6184615384615384,16.8,0.35714285714285715,False
84228,HEN HOUSE W CHICK STANDING,122.94,307,20,0.4175,6.147,44.4,0.3611517813567594,False
84228,HEN HOUSE WITH CHICK STANDING,5.88,14,3,0.42,1.96,5.04,0.8571428571428572,False
84231,EASTER BUNNY WITH BASKET ON BACK,132.6,204,34,0.65,3.9,7.800000000000001,0.05882352941176471,False
84247C,PACK/12 BLUE REINDEER CARD,212.40000000000003,72,22,2.95,9.654545454545456,70.80000000000001,0.3333333333333333,False
84247E,PACK OF 12 CHRISTMAS FUN CARDS,70.80000000000001,24,12,2.9500000000000006,5.900000000000001,23.6,0.3333333333333333,False
84247E,PACK/12 XMAS FUN CARD,542.8000000000001,184,53,2.9500000000000006,10.241509433962266,70.80000000000001,0.13043478260869565,False
84247G,"DECOUPAGE,GREETING CARD,",554.4,1332,87,0.41931034482758617,6.372413793103448,30.24,0.05454545454545454,False
84247H,PACK/12 DECOUPAGE CARD,70.80000000000001,24,14,2.95,5.057142857142858,17.700000000000003,0.25,False
84247J,PACK/12 RUSSIAN DOLL CARDS,5.9,2,2,2.95,2.95,2.95,0.5,False
84247K,"FOLK ART GREETING CARD,pack/12",174.05,59,24,2.9500000000000006,7.252083333333334,70.80000000000001,0.4067796610169492,False
84247L,FAWN AND MUSHROOM GREETING CARD,456.96,1088,82,0.42,5.572682926829268,20.16,0.04411764705882353,False
84247N,PACK/12 BLUE FOLKART CARDS,185.85000000000002,63,39,2.95,4.765384615384616,35.400000000000006,0.1904761904761905,False
84249A,"GREETING CARD,SQUARE, DOUGHNUTS",101.6,238,20,0.46099999999999997,5.08,15.12,0.14881889763779527,False
84249D,FAIRY CAKE GREETINGS CARD,330.42,797,54,0.41888888888888887,6.118888888888889,25.919999999999998,0.07844561467223533,False
84250M,"GREETING CARD, BLACKPOOL ROCK",2.2800000000000002,12,1,0.19,2.2800000000000002,2.2800000000000002,1.0,False
84251B,"GREETING CARD, STICKY GORDON",41.61000000000001,219,21,0.19,1.9814285714285718,2.2800000000000002,0.0547945205479452,False
84251C,"GREETING CARD, TWO SISTERS.",25.080000000000002,132,14,0.19,1.7914285714285716,2.2800000000000002,0.09090909090909091,False
84251F,"GREETING CARD, RITA",59.28000000000001,312,31,0.19,1.9122580645161293,4.5600000000000005,0.07692307692307693,False
84251G,"GREETING CARD, OVERCROWDED POOL.",68.4,360,34,0.19,2.011764705882353,2.2800000000000002,0.03333333333333333,False
84251J,"GREETING CARD, THE BLACK CAT",25.2,60,4,0.42,6.3,10.08,0.4,False
84255A,PINK GLASS COCKTAIL LAMP,4.2,2,2,2.1,2.1,2.1,0.5,False
84255B,ORANGE COCKTAIL GLASS LAMP,126.00000000000001,60,14,2.1,9.000000000000002,33.6,0.26666666666666666,False
84270,ASSTD DESIGN BUBBLE GUM RING,4347.599999999999,20760,380,0.2094736842105263,11.441052631578946,226.79999999999998,0.05216671266905879,False
84279B,CHERRY BLOSSOM DECORATIVE FLASK,2763.9,762,185,3.728594594594594,14.940000000000001,488.16,0.17661999348746338,False
84279P, CHERRY BLOSSOM  DECORATIVE FLASK,1057.3500000000001,305,26,3.7084615384615387,40.667307692307695,691.5600000000001,0.654050219889346,False
84279P,CHERRY BLOSSOM  DECORATIVE FLASK,2611.08,708,209,3.731142857142857,12.493205741626793,40.68,0.015579760099269268,False
84288B,SET/2 BLUE  NOODLE BASKETS,111.14999999999999,57,21,1.9499999999999997,5.292857142857143,23.4,0.2105263157894737,False
84292,ROSE PINK METAL FOLDING CHAIR,325.95,41,12,7.95,27.162499999999998,79.5,0.24390243902439027,False
84292B,BLUE COL METAL FOLDING CHAIR,43.85,7,4,7.2125,10.9625,20.0,0.4561003420752565,False
84306,S/3 PINK SQUARE PLANTERS ROSES,383.24999999999994,35,19,10.95,20.171052631578945,65.69999999999999,0.17142857142857143,False
84311,CAMOFLAGE CUSHION COVER,18.15,11,1,1.65,18.15,18.15,1.0,False
84313A,PINK TV TRAY TABLE ,144.5,34,16,4.25,9.03125,25.5,0.17647058823529413,False
84313B,BLUE TV TRAY TABLE ,513.74,158,45,3.9237777777777776,11.416444444444444,50.699999999999996,0.0986880523221863,False
84313C,ORANGE TV TRAY TABLE ,1061.15,497,47,3.2223404255319146,22.577659574468086,362.7,0.3417989916599915,False
84327A,PINK JUMPER LARRY THE LAMB,1781.96,945,117,2.0614529914529913,15.23042735042735,243.35999999999999,0.13656872208130372,False
84340,LARGE FIBRE OPTIC CHRISTMAS TREE,19.08,15,6,1.485,3.1799999999999997,7.6499999999999995,0.4009433962264151,False
84341B,SMALL PINK MAGIC CHRISTMAS TREE,825.03,1690,94,0.686938775510204,8.776914893617022,54.72,0.06632486091414858,False
84347,ROTATING SILVER ANGELS T-LIGHT HLDR,40044.369999999995,19239,523,2.5685948905109486,76.56667304015295,5179.2,0.1293365334502703,False
84352,SILVER CHRISTMAS TREE BAUBLE STAND ,3134.4,192,116,16.725862068965515,27.020689655172415,179.39999999999998,0.057235834609494635,False
84356,POMPOM CURTAIN,3113.3,654,93,6.046774193548387,33.476344086021506,285.6,0.09173545755307873,False
84358,FLOOR LAMP SHADE WOOD BASE,909.63,113,22,9.284999999999998,41.34681818181818,364.0,0.40016270351681454,False
84360,TABLE LAMP WHITE SHADE WOOD BASE,891.5500000000001,173,35,5.661111111111111,25.472857142857144,167.4,0.18776288486344006,False
84366,VENDETTA CANVAS PICTURE,7.5,2,2,3.75,3.75,3.75,0.5,False
84367,LA STREGA CANVAS PICTURE ,122.54999999999998,73,7,1.9499999999999997,17.507142857142856,19.799999999999997,0.16156670746634028,False
84371,BIG PINK POODLE,213.7,28,4,15.212499999999999,53.425,110.0,0.5147402901263454,False
84375,SET OF 20 KIDS COOKIE CUTTERS,14438.070000000002,7214,622,2.089458598726115,23.212331189710614,266.40000000000003,0.01845121958821366,False
84378,SET OF 3 HEART COOKIE CUTTERS,13748.03,10915,938,1.2922712933753944,14.656748400852878,967.5,0.07037371899828557,False
84380,SET OF 3 BUTTERFLY COOKIE CUTTERS,11584.98,9385,807,1.2951847290640395,14.355613382899628,180.0,0.015537359581112787,False
84387A,BIRD ON BRANCH CANVAS SCREEN,21.45,11,1,1.95,21.45,21.45,1.0,False
84388,WISE MAN STAR SHAPE EGG PAN,87.38999999999999,69,22,1.4856521739130435,3.9722727272727267,18.15,0.2076896670099554,False
84396,6 HOOK JEWELLERY STAND BLACK DRESS,1071.6,516,28,3.585,38.271428571428565,187.2,0.17469204927211646,False
84402B,PURPLE DRESS JEWELLERY STAND,51.14,62,4,1.33,12.785,19.75,0.38619475948377,False
84402D,PINK DRESS JEWELLERY STAND ,346.84999999999997,371,11,1.6136363636363635,31.531818181818178,88.39999999999999,0.2548652155110278,False
84405A,S/3 PINK COL METAL BASKET W HANDLE,887.5500000000001,121,44,10.977272727272727,20.17159090909091,118.80000000000001,0.13385161399357784,False
84406B,CREAM CUPID HEARTS COAT HANGER,20605.9,6468,717,3.3813037447988905,28.739051603905164,480.0,0.023294299205567335,False
84414B,FUSCHIA/GREEN STRIPE WOOLLY BLANKET,497.15,77,8,10.825,62.14375,202.3,0.40691944081263204,False
84415A,PINK FLOCK SUEDE CUSHION COVER ,22.5,14,3,2.0833333333333335,7.5,7.5,0.3333333333333333,False
84415B,BLUE FLOCK CUSHION COVER ,20.0,8,3,2.9166666666666665,6.666666666666667,7.5,0.375,False
84422,PINK/BLUE DISC/MIRROR STRING,354.74,700,25,0.7132,14.1896,168.48000000000002,0.47493939223092974,False
84424A,FOUR PICTURE WHITE GLASS FRAME,86.25,23,10,3.75,8.625,22.5,0.2608695652173913,False
84425A,WHITE GLASS TV TRIPLE FRAME,68.0,16,8,4.25,8.5,12.75,0.1875,False
84427B,BLACK GLASS TV DOUBLE P/FRAME 15X10,72.25,17,5,4.25,14.45,46.75,0.6470588235294118,False
84429A,MEDIUM PINK BUDDHA HEAD ,271.40000000000003,92,27,2.95,10.051851851851852,35.400000000000006,0.13043478260869565,False
84437A,S/6 PINK EASTER DECS IN BOX,89.25,105,17,0.85,5.25,10.2,0.11428571428571428,False
84447,6 RABBIT CHAIN EASTER,44.199999999999996,52,7,0.85,6.314285714285714,10.2,0.23076923076923078,False
84450A,PINK RABBIT SITTING EASTER,17.64,42,4,0.42,4.41,7.56,0.42857142857142855,False
84450B,PINK/YELLOW RABBIT SAT EASTER,9.24,22,4,0.42,2.31,5.04,0.5454545454545454,False
84450B,YELLOW RABBIT SAT EASTER,20.16,48,3,0.42,6.72,10.08,0.5,False
84452,METAL RABBIT LADDER EASTER ,136.0,160,25,0.8499999999999999,5.44,10.2,0.075,False
84454,WOBBLING METAL CHICKEN EASTER,72.25,85,13,0.8499999999999999,5.5576923076923075,10.2,0.1411764705882353,False
84455,SET OF 3 RABBIT CARROTS EASTER,66.3,78,16,0.85,4.14375,10.2,0.15384615384615385,False
84456,SET OF 3 RABBIT EGG EASTER,17.849999999999998,21,11,0.85,1.6227272727272726,2.55,0.14285714285714288,False
84457,SET/3 RABBITS FLOWER SKIPPPING ROPE,214.2,252,40,0.8500000000000001,5.3549999999999995,17.0,0.07936507936507937,False
84458,S/3 RABBIT FLOWER/EGG/CARROT ROPE,104.55,123,19,0.85,5.502631578947368,10.2,0.09756097560975609,False
84459A,PINK METAL CHICKEN HEART ,1475.42,1054,103,1.480943396226415,14.324466019417477,240.0,0.16266554608179365,False
84459B,YELLOW METAL CHICKEN HEART ,1867.29,1317,136,1.483142857142857,13.730073529411765,240.0,0.12852850922995357,False
84461,12 PINK HEN+CHICKS IN BASKET,201.45,79,33,2.55,6.1045454545454545,30.599999999999998,0.1518987341772152,False
84462,3 PINK HEN+CHICKS IN BASKET,112.35,99,13,1.2353846153846153,8.642307692307693,63.6,0.5660881174899867,False
84464,S/60 PINK FLUFFY CHICKS IN BOX,179.1,82,11,2.4954545454545456,16.28181818181818,97.5,0.5443886097152429,False
84465,15 PINK FLUFFY CHICKS IN BOX,85.55000000000001,29,20,2.95,4.277500000000001,14.75,0.17241379310344826,False
84466,TOP SECRET PEN SET,858.5999999999999,828,49,1.213265306122449,17.522448979591836,205.2,0.2389937106918239,False
84467,ENGLISH ROSE DESIGN QUILTED THROW,4311.2,304,44,20.786363636363635,97.98181818181818,612.0,0.14195583596214512,False
84469,ROSE DES PADDED FLOOR CUSHION,2090.68,653,39,4.370769230769231,53.607179487179486,383.5,0.1834331413702719,False
84472,PINK AND LILAC QUILTED THROW ,1450.4,33,25,44.272000000000006,58.016000000000005,199.75,0.13772062879205735,False
84482,BUTTONS DESIGN JEWELLERY BOX,228.75,61,26,3.75,8.798076923076923,22.5,0.09836065573770492,False
84493,BLUE/PINK NEST STRIPE BOX,65.75999999999999,575,4,1.9324999999999999,16.439999999999998,45.36,0.6897810218978103,False
84497,BUTTONS AND STRIPES NOTEBOOK ,337.5,90,32,3.75,10.546875,22.5,0.06666666666666667,False
84499,BLACK FLOWER CANDLE PLATE,219.66,294,20,0.829,10.983,46.08,0.2097787489756897,False
84507B,STRIPES DESIGN MONKEY DOLL,1611.8,1312,88,2.3629213483146065,18.31590909090909,326.4,0.20250651445588783,False
84507C,BLUE CIRCLES DESIGN MONKEY DOLL,573.75,415,61,2.4129032258064513,9.405737704918034,81.6,0.14222222222222222,False
84508A,CAMOFLAGE DESIGN TEDDY,3358.8,1584,42,2.4244186046511627,79.97142857142858,1209.6000000000001,0.36012861736334406,False
84508A,CAMOUFLAGE DESIGN TEDDY,4712.400000000001,2220,62,2.4483870967741934,76.00645161290323,504.0,0.106951871657754,False
84508B,STRIPES DESIGN TEDDY,390.15,153,64,2.55,6.09609375,15.299999999999999,0.0392156862745098,False
84508C,BLUE CIRCLES DESIGN TEDDY,244.79999999999998,96,36,2.55,6.8,15.299999999999999,0.0625,False
84509A,ENGLISH ROSE PLACEMATS,382.05,107,25,3.718,15.282,70.80000000000001,0.18531605810757756,False
84509A,SET OF 4 ENGLISH ROSE PLACEMATS,3794.09,1059,242,3.7695454545454545,15.67805785123967,212.4,0.05598180327825644,False
84509B,FAIRY CAKE PLACEMATS,355.8,100,22,3.713636363636364,16.172727272727272,70.80000000000001,0.19898819561551437,False
84509B,SET OF 4 FAIRY CAKE PLACEMATS,1639.05,455,116,3.7228813559322034,14.129741379310344,70.80000000000001,0.04319575363777799,False
84509C,DOTTY PLACEMATS ,175.8,52,9,3.6611111111111114,19.533333333333335,70.80000000000001,0.4027303754266212,False
84509C,SET OF 4 DOTTY PLACEMATS ,183.3,54,13,3.6884615384615387,14.100000000000001,70.80000000000001,0.38625204582651396,False
84509C,SET OF 4 POLKADOT PLACEMATS ,340.8,96,32,3.725,10.65,70.80000000000001,0.20774647887323947,False
84509E,CAROUSEL PLACEMATS ,7.5,2,2,3.75,3.75,3.75,0.5,False
84509E,SET OF 4 CAROUSEL PLACEMATS ,179.81,131,10,2.408,17.981,75.0,0.4171069462210111,False
84509F,NEW ENGLAND PLACEMATS,120.0,32,10,3.75,12.0,45.0,0.375,False
84509F,SET OF 4 NEW ENGLAND PLACEMATS,2298.0,2744,33,3.659090909090909,69.63636363636364,1998.0,0.8694516971279374,False
84509G,FAIRY CAKE PLACEMATS ,262.05,75,21,3.711904761904762,12.47857142857143,70.80000000000001,0.27017744705208935,False
84509G,SET OF 4 FAIRY CAKE PLACEMATS ,1574.7,686,104,3.277884615384615,15.141346153846154,135.0,0.08573061535530577,False
84510A,SET OF 4 ENGLISH ROSE COASTERS,2669.29,2165,307,1.2598709677419355,8.694755700325732,106.0,0.03971093436831517,False
84510B,SET OF 4 FAIRY CAKES COASTERS ,1285.8,1094,96,1.2387128712871287,13.393749999999999,106.0,0.08243894851454348,False
84510C,SET OF 4 POLKADOT COASTERS,146.17,115,38,1.3136842105263158,3.8465789473684207,12.5,0.08551686392556612,False
84510C,SET OF 4 POLKADOTS COASTERS,132.45,109,29,1.243448275862069,4.567241379310344,21.200000000000003,0.16006040015100043,False
84510E,SET OF 4 GREEN CAROUSEL COASTERS,67.8,128,13,1.0230769230769232,5.2153846153846155,38.0,0.56047197640118,False
84510F,SET OF 4 NEW ENGLAND COASTERS ,415.0,1092,31,1.2193548387096773,13.387096774193548,300.0,0.7228915662650602,False
84519A,TOMATO CHARLIE+LOLA COASTER SET,2488.89,1139,158,2.340759493670886,15.752468354430379,122.39999999999999,0.04917854947386184,False
84519B,CARROT CHARLIE+LOLA COASTER SET,1525.8400000000001,796,156,1.9856050955414013,9.781025641025641,144.0,0.09437424631678287,False
84520B,PACK 20 ENGLISH ROSE PAPER NAPKINS,5086.54,6586,527,0.8417877094972066,9.651878557874763,368.64,0.07247362647300522,False
84520D,PACK OF 20 FAIRY CAKE PAPER NAPKINS,505.14,618,61,0.8465573770491803,8.280983606557378,61.44,0.12162964722651146,False
84522,PINK PARTY SUNGLASSES,298.5,178,20,1.9125,14.925,150.0,0.5025125628140703,False
84526,GIANT BLACK SUNGLASSES,163.79999999999998,84,31,1.95,5.283870967741935,23.4,0.14285714285714288,False
84527,FLAMES SUNGLASSES PINK LENSES,131.25,71,19,1.9349999999999998,6.907894736842105,39.599999999999994,0.30171428571428566,False
84529A,PINK KNITTED KIDS RUCKSACK,162.0,24,10,6.75,16.2,40.5,0.25,False
84529B,BLUE KNITTED KID'S RUCKSACK,20.25,3,2,6.75,10.125,13.5,0.6666666666666666,False
84529C,YELLOW KNITTED KIDS RUCKSACK,222.75,33,11,6.75,20.25,40.5,0.18181818181818182,False
84531A,PINK KNITTED EGG COSY,151.70999999999998,181,38,1.131,3.992368421052631,11.7,0.07712082262210798,False
84531B,BLUE KNITTED EGG COSY,155.60999999999999,187,38,1.1289473684210527,4.095,11.7,0.07518796992481203,False
84532B,FAIRY CAKES RECTANGLUAR BOXES,226.1,38,23,5.95,9.830434782608695,23.8,0.10526315789473685,False
84533B,FAIRY CAKES ROUND NESTING BOXES,293.8,52,19,5.813157894736842,15.463157894736844,35.7,0.12151123213070117,False
84534B,FAIRY CAKE NOTEBOOK A5 SIZE,589.05,693,106,0.85,5.557075471698113,20.4,0.03463203463203463,False
84535A,ENGLISH ROSE NOTEBOOK A6 SIZE,300.15000000000003,575,48,0.6453061224489796,6.253125000000001,134.4,0.44777611194402794,False
84535B,FAIRY CAKES NOTEBOOK A6 SIZE,1509.22,2471,242,0.657016129032258,6.236446280991736,60.48,0.04007368044420296,False
84536A,ENGLISH ROSE NOTEBOOK A7 SIZE,1865.62,4440,412,0.421933962264151,4.528203883495145,40.32,0.021612118223432425,False
84536B,FAIRY CAKES NOTEBOOK A7 SIZE,1127.84,2809,222,0.4245575221238938,5.08036036036036,87.04,0.07717406724358065,False
84537B,FAIRY CAKES GIFT BAG,49.14,117,11,0.42,4.467272727272728,10.5,0.21367521367521367,False
84539,KNITTED RABBIT DOLL ,54.449999999999996,33,9,1.65,6.05,26.4,0.48484848484848486,False
84546,CROCHET POODLE KEYRING,34.64999999999999,21,3,1.6499999999999997,11.549999999999997,19.799999999999997,0.5714285714285715,False
84548,CROCHET BEAR RED/BLUE  KEYRING,67.64999999999999,41,12,1.65,5.637499999999999,19.799999999999997,0.2926829268292683,False
84549,CROCHET WHITE RABBIT KEYRING ,100.8,64,9,1.6277777777777775,11.2,34.8,0.34523809523809523,False
84550,CROCHET LILAC/RED BEAR KEYRING,19.799999999999997,12,4,1.65,4.949999999999999,11.549999999999999,0.5833333333333334,False
84551,CROCHET DOG KEYRING,39.599999999999994,24,6,1.6499999999999997,6.599999999999999,19.799999999999997,0.5,False
84555A,YELLOW VW BEETLE CERAMIC MONEY BOX,130.9,46,15,2.9250000000000003,8.726666666666667,35.400000000000006,0.27043544690603516,False
84558A,3D DOG PICTURE PLAYING CARDS,3371.7000000000003,1182,169,2.947701149425287,19.950887573964497,734.4,0.2178129726844025,False
84559A,3D SHEET OF DOG STICKERS,987.63,1161,151,0.8551315789473684,6.540596026490066,61.199999999999996,0.06196652592570091,False
84559B,3D SHEET OF CAT STICKERS,969.0,1140,150,0.85,6.46,61.199999999999996,0.06315789473684211,False
84559D,3D SHEET OF SEA WORLD STICKERS,123.25,145,29,0.85,4.25,15.299999999999999,0.12413793103448276,False
84562A,PINK/WHITE RIBBED MELAMINE JUG,1065.3,142,62,7.874285714285714,17.182258064516127,101.76,0.09552238805970151,False
84562B,BLUE/WHITE RIBBED MELAMINE JUG,55.650000000000006,7,5,7.95,11.13,15.9,0.2857142857142857,False
84563A,PINK & WHITE BREAKFAST TRAY,394.40000000000003,92,33,5.131818181818182,11.951515151515153,35.7,0.09051724137931035,False
84563B,BLUE & WHITE BREAKFAST TRAY,370.20000000000005,96,37,4.40945945945946,10.005405405405407,23.6,0.0637493246893571,False
84564,6 SEGMENT COLOURED SNACK BOWL ,143.1,18,9,7.949999999999999,15.899999999999999,47.7,0.33333333333333337,False
84567,FROSTED GLASS WITH SILVER SURROUND,14.85,9,1,1.65,14.85,14.85,1.0,False
84568,GIRLS ALPHABET IRON ON PATCHES ,6338.88,32928,70,0.20485714285714285,90.55542857142858,489.6,0.07723761926397092,False
84569A,PACK 3 IRON ON DOG PATCHES,562.46,449,63,1.2686153846153845,8.927936507936508,30.0,0.05333712619564058,False
84569B,PACK 3 FIRE ENGINE/CAR PATCHES,507.5,406,63,1.25,8.055555555555555,26.25,0.05172413793103448,False
84569C,PACK 4 FLOWER/BUTTERFLY PATCHES,422.5,338,48,1.25,8.802083333333334,15.0,0.03550295857988166,False
84569D,PACK 6 HEART/ICE-CREAM PATCHES,999.92,798,95,1.2624742268041236,10.525473684210526,45.0,0.04500360028802304,False
84570B,WHITE SATIN DRESS JEWEL STAND,19.8,4,2,4.95,9.9,14.850000000000001,0.75,False
84572,6 HOOK JEWEL STAND LILAC DRESS,8.49,1,1,8.49,8.49,8.49,1.0,False
84575A,PINK DOG CANNISTER,92.85,23,13,5.334615384615385,7.142307692307692,19.5,0.210016155088853,False
84575B,BROWN DOG CANNISTER W BONE,23.8,4,3,5.95,7.933333333333334,11.9,0.5,False
84576,BLUE CAT BISCUIT BARREL PINK HEART,264.0,84,21,4.173809523809524,12.571428571428571,35.7,0.13522727272727275,False
84578,ELEPHANT TOY WITH BLUE T-SHIRT,595.68,160,78,3.7365000000000004,7.636923076923076,22.5,0.03777195809830782,False
84580,MOUSE TOY WITH PINK T-SHIRT,3213.8,856,311,3.755974842767296,10.333762057877815,45.0,0.01400211587528782,False
84581,DOG TOY WITH PINK CROCHET SKIRT,1650.19,441,177,3.748212290502793,9.323107344632769,45.0,0.027269587138450724,False
84582,PINK CROCHET CAT WITH SCARF,46.75,11,9,4.25,5.194444444444445,8.5,0.18181818181818182,False
84584,PINK GINGHAM CAT WITH SCARF,527.85,207,50,2.55,10.557,30.599999999999998,0.05797101449275362,False
84586L,"PINK ROSES/GINGHAM PATCH RABBIT 8""",44.25000000000001,15,9,2.95,4.916666666666668,8.850000000000001,0.2,False
84592,CROCHET ROSE PURSE WITH SUEDE BACK,480.8500000000001,163,38,2.95,12.653947368421054,35.400000000000006,0.0736196319018405,False
84593,CROCHET ROSE DES CLOTHES HANGER,73.75,25,7,2.95,10.535714285714286,29.5,0.4,False
84595B,LARGE TRIFLE DESIGN L BLUE BOWL,405.15,229,15,3.05,27.009999999999998,158.39999999999998,0.3909663087745279,False
84595E,LARGE TORTILLA DESIGN RED BOWL,653.0999999999999,350,27,2.738888888888889,24.188888888888886,158.39999999999998,0.24253559944878272,False
84596B,SMALL DOLLY MIX DESIGN ORANGE BOWL,3297.87,5468,508,0.7024854368932039,6.491870078740157,76.32000000000001,0.02314220997189095,False
84596E,SMALL LICORICE DES PINK BOWL,850.2,880,124,1.1152380952380954,6.856451612903226,76.32000000000001,0.08976711362032463,False
84596F,SMALL MARSHMALLOWS PINK BOWL,2616.74,4158,409,0.7158612440191388,6.3978973105134465,76.32000000000001,0.029166061588082888,False
84596G,SMALL CHOCOLATES PINK BOWL,1157.93,1967,222,0.709070796460177,5.215900900900901,76.32000000000001,0.06591071999170935,False
84596I,WRAP SWEETS LIGHT PINK SMALL BOWL,78.11,71,9,1.231,8.678888888888888,59.36,0.759953911150941,False
84596J,MIXED NUTS LIGHT GREEN BOWL,464.03000000000003,676,68,0.9570588235294117,6.823970588235294,40.32,0.08689093377583346,False
84596K,JELLY BABIES YELLOW SMALL BOWL,420.14,358,64,1.2440625,6.5646875,76.32000000000001,0.1816537344694626,False
84596L,BISCUITS SMALL BOWL LIGHT BLUE,720.9399999999999,1262,130,0.783923076923077,5.545692307692307,40.32,0.05592698421505257,False
84597B,RETRO BROWN BALL ASHTRAY ,230.4,192,19,1.2289473684210528,12.126315789473685,30.0,0.13020833333333334,False
84597C,RETRO PINK BALL ASHTRAY ,415.8,348,36,1.2277777777777779,11.55,30.0,0.07215007215007214,False
84598,BOYS ALPHABET IRON ON PATCHES,3421.65,17665,39,0.2058974358974359,87.73461538461538,489.6,0.14308886063741177,False
84599,CANDY STRIPE ROSE FLOOR CUSHION,47.7,6,2,7.95,23.85,31.8,0.6666666666666666,False
84600,NEW BAROQUE JEWELLERY BOX ,694.45,91,38,7.871052631578948,18.275000000000002,104.25,0.1501187990496076,False
84601A,NEW BAROQUE IVORY CUSHION COVER ,225.2,104,11,2.7954545454545454,20.472727272727273,60.0,0.2664298401420959,False
84608,ORNATE EDWARDIAN CANDLE HOLDER,47.7,6,4,7.95,11.925,15.9,0.3333333333333333,False
84609,TALL ROCOCO CANDLE HOLDER,1034.5,127,27,8.407407407407407,38.31481481481482,145.0,0.1401643305944901,False
84611B,BLACK NEW BAROQUE FLOCK BOX,23.8,4,3,5.95,7.933333333333334,11.9,0.5,False
84612B,SET/4 BLACK  BAROQUE FLOCK COASTER,51.0,20,4,2.55,12.75,15.299999999999999,0.3,False
84613A,PINK NEW BAROQUE FLOCK CANDLESTICK,97.65,21,10,4.65,9.765,13.950000000000001,0.14285714285714285,False
84613C,BLUE NEW BAROQUE FLOCK CANDLESTICK,258.06,62,12,4.580000000000001,21.505,137.16,0.5315043013252732,False
84614A,PINK BAROQUE FLOCK CANDLE HOLDER,65.45,11,6,5.95,10.908333333333333,11.9,0.18181818181818182,False
84614C,BLUE BAROQUE FLOCK CANDLE HOLDER,17.85,3,1,5.95,17.85,17.85,1.0,False
84615,PINK ROUND BUTTERFLY MIRROR ,426.15,197,17,3.7147058823529413,25.06764705882353,78.0,0.18303414290742698,False
84616,SILVER ROCCOCO CHANDELIER,1177.95,65,21,23.254761904761903,56.09285714285714,204.0,0.17318222335413216,False
84617, NEW BAROQUE BLACK BOXES,76.5,6,3,12.75,25.5,38.25,0.5,False
84617,NEW BAROQUE BLACK BOXES,63.75,5,4,12.75,15.9375,25.5,0.4,False
84619,BLUE GINGHAM ROSE QUILT ,1444.15,69,26,33.18076923076923,55.54423076923077,102.0,0.07062978222483814,False
84620,BLUE GINGHAM ROSE CUSHION COVER,660.45,111,46,5.95,14.357608695652175,47.6,0.07207207207207207,False
84621,BLUE GINGHAM ROSE FLOOR CUSHION ,214.65,27,13,7.950000000000001,16.51153846153846,31.8,0.14814814814814814,False
84622,PINK GINGHAM ROSE CUSHION COVER,124.95,21,7,5.95,17.85,29.75,0.23809523809523808,False
84623,PINK GINGHAM ROSE FLOOR CUSHION,261.35,53,12,6.7,21.77916666666667,47.2,0.18060072699445187,False
84625A,PINK NEW BAROQUECANDLESTICK CANDLE,833.9,734,60,1.8300000000000003,13.898333333333333,47.2,0.056601510972538675,False
84625B,BLCK NEW BAROQUE CANDLESTICK CANDLE,268.8,168,17,2.3323529411764707,15.811764705882354,53.1,0.19754464285714285,False
84625C,BLUE NEW BAROQUE CANDLESTICK CANDLE,773.65,673,54,1.9000000000000001,14.32685185185185,41.300000000000004,0.053383312867575784,False
84625D,WHITE NEWBAROQUE CANDLESTICK CANDLE,700.4,614,45,1.9913043478260872,15.564444444444444,40.8,0.058252427184466014,False
84626,CANDY STRIPE ROSE QUILT,45.95,1,1,45.95,45.95,45.95,1.0,False
84627,CANDY STRIPE ROSE C/COVER ,249.9,42,18,5.95,13.883333333333333,83.3,0.3333333333333333,False
84629,WHITE 3 FRAME BIRDS AND TREE ,232.85,23,12,13.450000000000001,19.404166666666665,43.9,0.1885333905948035,False
84630,FLOWERS AND BIRDS WALL PLAQUE,15.9,2,1,7.95,15.9,15.9,1.0,False
84631,FRUIT TREE AND BIRDS WALL PLAQUE,691.5,250,23,6.645652173913043,30.065217391304348,280.8,0.40607375271149676,False
84632,DECORATIVE HANGING SHELVING UNIT,739.35,13,9,58.838888888888896,82.15,199.8,0.2702373706634206,False
84637,KITCHEN FLOWER POTS WALL PLAQUE,867.25,487,33,4.8106060606060606,26.28030303030303,300.0,0.3459210147016431,False
84638,SMALL KITCHEN FLOWER POTS PLAQUE,714.2,356,31,5.353225806451613,23.038709677419355,232.0,0.3248389806776813,False
84648,NEW BAROQUE WALL MIRROR,12.75,1,1,12.75,12.75,12.75,1.0,False
84653,GREEN ROSE QUILT ,453.5,10,8,45.2,56.6875,91.9,0.20264608599779493,False
84656,WHITE ROSE C/COVER,119.0,20,12,5.95,9.916666666666666,23.8,0.2,False
84657,GREEN ROSE CUSHION COVER,496.25,245,19,3.6184210526315788,26.11842105263158,150.15,0.3025692695214106,False
84658,WHITE STITCHED CUSHION COVER,1060.78,198,56,6.601578947368421,18.9425,55.6,0.05241426120401969,False
84659A,WHITE TRAVEL ALARM CLOCK,758.01,308,71,2.5254166666666666,10.67619718309859,115.5,0.15237265999129299,False
84660A,WHITE STITCHED WALL CLOCK,809.86,849,42,1.7083333333333333,19.282380952380954,158.0,0.19509544859605363,False
84660B,BLACK STITCHED WALL CLOCK,804.65,727,44,2.162272727272727,18.287499999999998,94.80000000000001,0.11781519915491209,False
84660C,PINK STITCHED WALL CLOCK,778.07,689,55,2.4009090909090913,14.146727272727274,94.80000000000001,0.1218399372807074,False
84661A,WHITE SQUARE TABLE CLOCK,228.54,203,25,1.9088,9.1416,37.92,0.16592281438697823,False
84661B,BLACK SQUARE TABLE CLOCK,374.29,207,26,2.191923076923077,14.39576923076923,84.14999999999999,0.22482566993507705,False
84661C,PINK SQUARE TABLE CLOCK,124.55000000000001,137,12,1.3183333333333334,10.379166666666668,37.92,0.30445604175030105,False
84663A,GRASS HOPPER WOODEN WALL CLOCK ,574.73,339,39,3.290512820512821,14.736666666666666,79.0,0.13745584883336523,False
84664,CHERRY BLOSSOM BATHROOM CABINET,925.6500000000001,187,49,4.95,18.890816326530615,79.2,0.0855614973262032,False
84665,SQUARE CHERRY BLOSSOM CABINET,1210.0,200,44,6.404545454545455,27.5,119.0,0.09834710743801653,False
84666,SQUARE CHERRY BLOSSOM CABINET,892.7,226,33,3.9499999999999997,27.051515151515154,118.5,0.1327433628318584,False
84670,JAPANESE CROCHETED ANIMAL,1997.1599999999999,4978,167,0.41586206896551725,11.959041916167664,155.51999999999998,0.07787057621822989,False
84671B,CROCHET BEAR WITH BLUE STRIPES,249.89999999999998,98,24,2.55,10.4125,30.599999999999998,0.12244897959183673,False
84673A,PINK FLY SWAT,273.36,456,69,0.6466197183098592,3.9617391304347827,50.88,0.1861281826163301,False
84673B,BLUE FLY SWAT,298.81,419,78,0.7616455696202532,3.830897435897436,15.600000000000001,0.05220708811619424,False
84674,FLYING PIG WATERING CAN,1073.15,437,91,2.8711956521739133,11.792857142857144,61.199999999999996,0.0570283744117784,False
84675,FROG KING WATERING CAN,444.05000000000007,179,43,2.9093023255813955,10.326744186046513,57.599999999999994,0.12971512217092668,False
84676,BATH DUCK WATERING CAN,1883.97,783,98,2.8837755102040816,19.224183673469387,246.48000000000002,0.13083010875969364,False
84678,CLASSICAL ROSE SMALL VASE,981.9499999999999,537,64,2.3333333333333335,15.342968749999999,60.0,0.06110290748001426,False
84679,CLASSICAL ROSE TABLE LAMP,97.35,13,4,8.95,24.3375,39.9,0.4098613251155624,False
84680,CLASSICAL ROSE URN,356.40000000000003,92,16,7.0125,22.275000000000002,126.85000000000001,0.35592031425364756,False
84682,CLASSICAL ROSE DISH,511.15000000000003,277,37,2.6884615384615387,13.814864864864866,90.0,0.17607355962046364,False
84683,CLASSICAL ROSE CANDLESTAND,447.8,508,27,1.13,16.585185185185185,62.400000000000006,0.1393479231799911,False
84684,BEACH HUT PHOTO FRAME,532.0999999999999,522,20,1.9549999999999996,26.604999999999997,113.89999999999999,0.21405750798722048,False
84685,BEACH HUT KEY CABINET,781.25,357,53,3.231132075471698,14.74056603773585,40.0,0.0512,False
84686,BEACH HUT MIRROR,611.14,324,34,3.4094117647058826,17.97470588235294,158.39999999999998,0.25918774748830054,False
84687,BEACH HUT SHELF W 3 DRAWERS,936.65,287,51,5.067647058823529,18.3656862745098,156.0,0.16655100624566274,False
84688,BEACH HUT DESIGN BLACKBOARD,904.65,345,42,3.9404761904761907,21.539285714285715,118.8,0.1313215055546344,False
84689,S/2 BEACH HUT TREASURE CHESTS,628.05,289,32,4.3484375,19.6265625,138.6,0.22068306663482207,False
84690,S/2 BEACH HUT STOOLS,190.8,24,12,7.95,15.9,47.7,0.25,False
84691,PACK 20 DOLLY PEGS,1975.5399999999997,2534,178,0.8405586592178771,11.098539325842696,172.79999999999998,0.08746975510493334,False
84692,BOX OF 24 COCKTAIL PARASOLS,6929.95,17217,720,0.4236092265943012,9.624930555555554,168.0,0.024242599152952043,False
84705A,ENGLISH ROSE PHOTO FRAME ,65.10000000000001,14,7,4.65,9.3,18.6,0.2857142857142857,False
84705B,FAIRY CAKES PHOTO FRAME,103.75,83,2,1.25,51.875,73.75,0.7108433734939759,False
84705C,PINK FLOCK PHOTO FRAME ,213.6,160,6,2.9500000000000006,35.6,150.0,0.702247191011236,False
84705D,CHERRY BLOSSOM PHOTO FRAME ,46.5,10,3,4.65,15.5,27.900000000000002,0.6000000000000001,False
84705F,RED PEONY PHOTO FRAME ,37.2,8,5,4.65,7.44,9.3,0.25,False
84706A,ENGLISH ROSE TABLE CLOCK,307.2,136,6,5.449999999999999,51.199999999999996,159.9,0.5205078125,False
84706B,FAIRY CAKES TABLE CLOCK,170.04999999999998,19,8,8.95,21.256249999999998,35.8,0.2105263157894737,False
84706C,PINK FLOCK TABLE CLOCK ,170.8,84,4,3.6999999999999997,42.7,68.25,0.3995901639344262,False
84706D,CHERRY BLOSSOM TABLE CLOCK ,475.25,215,14,3.9499999999999997,33.94642857142857,93.6,0.19694897422409258,False
84706F,RED PEONY TABLE CLOCK,190.4,32,16,5.420588235294117,11.9,35.8,0.18802521008403358,False
84707A,SILVER JEWELLED MIRROR TRINKET TRAY,689.49,91,40,9.70075,17.23725,39.92,0.0578978665390361,False
84707B,PINK JEWELLED MIRROR TRINKET TRAY,317.85999999999996,43,21,9.283809523809524,15.136190476190475,39.8,0.12521235764172908,False
84708B,PINK JEWELLED PHOTO FRAME ,618.1,126,45,4.9195652173913045,13.735555555555557,59.400000000000006,0.09610095453810064,False
84709A,SILVER OVAL JEWELLED MIRROR,124.95,21,11,5.95,11.35909090909091,23.8,0.19047619047619047,False
84709B,PINK OVAL JEWELLED MIRROR,629.25,111,41,5.919047619047619,15.347560975609756,111.60000000000001,0.17735399284862932,False
84711A,SILVER OVAL SHAPE TRINKET BOX,308.45,31,14,9.95,22.032142857142855,39.8,0.12903225806451613,False
84711B,PINK OVAL SHAPE TRINKET BOX,199.0,20,12,9.95,16.583333333333332,29.849999999999998,0.15,False
84712B,PINK JEWELLED PHOTO FRAME,529.47,67,36,7.905833333333334,14.707500000000001,47.7,0.09009009009009009,False
84715,SET OF 6 ICE CREAM SKITTLES,684.4000000000001,232,39,2.95,17.54871794871795,47.2,0.06896551724137931,False
84720,DOT MATRIX CANVAS ART PICTURE,147.05,35,3,6.883333333333333,49.01666666666667,86.9,0.5909554573274396,False
84721,MANHATTAN CANVAS ART PICTURE,87.8,20,2,8.35,43.9,75.05,0.8547835990888383,False
84723,CHERRY BLOSSOM CANVAS ART PICTURE,153.6,48,11,5.7681818181818185,13.963636363636363,46.8,0.3046875,False
84725,FREESTYLE CANVAS ART PICTURE,212.24999999999997,133,28,2.039285714285714,7.5803571428571415,79.19999999999999,0.37314487632508836,False
84726,LILLIES CANVAS PICTURE,394.84999999999997,233,5,2.17,78.97,199.64999999999998,0.5056350512852982,False
84731,3 BIRDS CANVAS SCREEN,3.69,3,3,1.23,1.23,1.65,0.44715447154471544,False
84732B,CUTE BIRD CEATURE SCREEN,18.48,28,6,1.23,3.08,7.800000000000001,0.4220779220779221,False
84732D,CUTE RABBIT CEATURE SCREEN ,10.89,15,6,1.23,1.8150000000000002,3.5100000000000002,0.32231404958677684,False
84741C,CITRUS GARLAND FELT FLOWERS ,351.0,180,47,1.95,7.468085106382978,39.0,0.1111111111111111,False
84743C,ORANGE FELT VASE + FLOWERS,11.25,9,5,1.25,2.25,3.75,0.3333333333333333,False
84744,S/6 SEW ON CROCHET FLOWERS,183.75,147,29,1.25,6.336206896551724,30.0,0.16326530612244897,False
84745A,PINK HANGING GINGHAM EASTER HEN,30.240000000000002,72,15,0.42,2.016,4.2,0.1388888888888889,False
84745B,BLUE HANGING GINGHAM EASTER HEN,34.86,83,17,0.42,2.050588235294118,4.2,0.12048192771084339,False
84746,PINK EASTER HENS+FLOWER,45.0,12,8,3.75,5.625,11.25,0.25,False
84748,FOLK FELT HANGING MULTICOL GARLAND,1231.8,980,31,2.909375,39.73548387096774,283.20000000000005,0.22990745250852415,False
84750A,PINK SMALL GLASS CAKE STAND,738.75,407,48,1.9249999999999998,15.390625,158.39999999999998,0.2144162436548223,False
84750B,BLACK SMALL GLASS CAKE STAND,950.4,560,54,1.7377777777777779,17.599999999999998,105.6,0.1111111111111111,False
84751B,BLACK MEDIUM GLASS CAKE STAND,107.57,35,19,3.0100000000000002,5.661578947368421,15.0,0.13944408292274799,False
84753A,PINK EAU DE COLOGNE BOTTLE,72.25,85,15,0.85,4.816666666666666,10.2,0.1411764705882353,False
84754,S/15 SILVER GLASS BAUBLES IN BAG,2182.92,1812,160,1.244277108433735,13.64325,152.64000000000001,0.06992468803254356,False
84755,COLOUR GLASS T-LIGHT HOLDER HANGING,23192.11,38545,1091,0.643158371040724,21.257662694775437,792.0000000000001,0.03414954482364908,False
84757,ENCHANTED GARDEN WROUGHT IRON TABLE,74.75,5,4,14.95,18.6875,29.9,0.39999999999999997,False
84760L,LARGE HANGING GLASS+ZINC LANTERN,896.0,560,1,1.6,896.0,896.0,1.0,False
84760S,SMALL HANGING GLASS+ZINC LANTERN,285.65,197,24,1.45,11.902083333333332,34.8,0.1218274111675127,False
84761,IVORY HANGING BIRD PLANTER ,593.55,237,45,2.54,13.19,50.400000000000006,0.08491281273692193,False
84762A,WHITE PICNIC BARBECUE BUCKET,356.65,43,21,10.064285714285713,16.98333333333333,47.6,0.1334641805691855,False
84762B,PINK PICNIC BARBECUE BUCKET,574.3000000000001,82,21,9.15,27.34761904761905,95.2,0.16576702072087757,False
84762C,GREEN PICNIC BARBECUE BUCKET,531.3,78,18,8.616666666666667,29.516666666666666,47.6,0.08959156785243742,False
84763,ZINC FINISH 15CM PLANTER POTS,1778.27,1467,148,1.2461744966442954,12.015337837837837,106.0,0.05960849589769832,False
84765,SILVER ROCOCO CANDELABRA,63.75,5,4,12.75,15.9375,25.5,0.4,False
84766,SILVER ROCOCO CANDLE STICK,594.8,184,24,4.575,24.78333333333333,118.80000000000001,0.1997310020174849,False
84767,ZINC POLICE BOX LANTERN,783.7,193,4,5.4625,195.925,748.0,0.9544468546637743,False
84770,ROUND GEORGIAN SILVER MIRROR,283.55,89,10,4.35,28.355,88.5,0.31211426556162936,False
84773,RED ROSE AND LACE C/COVER,545.75,185,46,2.95,11.86413043478261,53.1,0.0972972972972973,False
84782A,PINK 3 TIER GLASS PLATE STAND,776.7,114,22,9.386363636363637,35.304545454545455,175.2,0.22556971803785242,False
84782B,BLACK 3 TIER GLASS PLATE STAND,127.5,10,6,12.75,21.25,51.0,0.4,False
84782C,GREEN 3 TIER GLASS PLATE STAND,485.3,70,17,9.43235294117647,28.54705882352941,87.6,0.18050690294663094,False
84789,ENCHANTED BIRD PLANT CAGE,1434.0,424,111,3.6707207207207206,12.91891891891892,94.4,0.06582984658298466,False
84791,GINGHAM HEART DECORATION,845.9000000000001,290,74,2.944594594594595,11.431081081081082,61.199999999999996,0.07234897742049887,False
84792,ENCHANTED BIRD COATHANGER 5 HOOK,9060.53,2133,435,4.625652173913044,20.82880459770115,365.76,0.04036849941449341,False
84795A,PASTEL STRIPE HAMMOCK ,1458.3000000000002,194,56,7.844736842105264,26.04107142857143,166.8,0.11437975725159431,False
84795B,SUNSET CHECK HAMMOCK,2135.85,283,83,7.841566265060242,25.733132530120482,125.10000000000001,0.058571528899501374,False
84795C,OCEAN STRIPE HAMMOCK ,2245.35,293,105,7.893396226415095,21.384285714285713,166.8,0.07428685950965329,False
84795D,SEASIDE STRIPE HAMMOCK,1380.1000000000001,178,73,7.9089041095890416,18.905479452054795,83.4,0.060430403593942465,False
84795E,RIO PINK STRIPE HAMMOCK,79.5,10,5,7.95,15.9,31.8,0.4,False
84796A,PINK HAWAIIAN PICNIC HAMPER FOR 2,856.5,150,25,10.638,34.26,142.20000000000002,0.16602451838879162,False
84796B,BLUE SAVANNAH PICNIC HAMPER FOR 2,1645.3,230,32,10.325,51.415625,262.79999999999995,0.15972770923235882,False
84797A,PINK HAWAIIAN PICNIC HAMPER FOR 4,1883.5500000000002,349,25,10.23,75.34200000000001,415.8,0.22075336465716333,False
84797B,BLUE SAVANNAH PICNIC HAMPER FOR 4,1620.6000000000001,308,23,8.080434782608695,70.4608695652174,415.8,0.25657164013328393,False
84798A,PINK FOXGLOVE ARTIIFCIAL FLOWER,378.90000000000003,174,8,2.49375,47.362500000000004,302.40000000000003,0.7980997624703088,False
84798B,PURPLE FOXGLOVE ARTIIFCIAL FLOWER,482.70000000000005,322,9,2.0777777777777775,53.63333333333334,302.40000000000003,0.6264760720944687,False
84798C,WHITE FOXGLOVE ARTIIFCIAL FLOWER,40.8,16,3,2.55,13.6,15.299999999999999,0.375,False
84799,SPRIG LAVENDER ARTIFICIAL FLOWER,479.87,607,28,1.0425,17.138214285714287,60.0,0.12503386333798738,False
84800L,LARGE WHITE/PINK ROSE ART FLOWER,923.87,623,36,1.8594444444444445,25.663055555555555,81.6,0.08832411486464545,False
84800M,MEDIUM WHITE/PINK ROSE ART FLOWER,355.53000000000003,249,26,1.5853846153846154,13.674230769230771,40.56,0.11408319972998059,False
84800S,SMALL WHITE/PINK ROSE ART FLOWER,289.54,386,19,1.0989473684210527,15.238947368421053,60.48,0.20888305588174344,False
84801A,PINK HYDRANGEA ART FLOWER,427.44000000000005,272,15,1.976,28.496000000000002,162.24,0.3795620437956204,False
84801B,WHITE HYDRANGEA ART FLOWER,319.8,202,16,2.009375,19.9875,46.800000000000004,0.14634146341463417,False
84802A,WHITE ANEMONE ARTIFICIAL FLOWER,288.99,171,21,1.6900000000000002,13.761428571428572,40.56,0.14035087719298245,False
84802B,PURPLE ANEMONE ARTIFICIAL FLOWER,379.65000000000003,405,16,1.53125,23.728125000000002,80.64,0.21240616357171077,False
84803A,PINK ALLIUM  ARTIFICIAL FLOWER,179.14000000000001,106,15,1.69,11.942666666666668,20.28,0.11320754716981132,False
84803B,WHITE ALLIUM  ARTIFICIAL FLOWER,67.6,40,10,1.69,6.76,20.28,0.30000000000000004,False
84804A,CREAM DELPHINIUM ARTIFICIAL FLOWER,387.53000000000003,215,17,2.6876470588235297,22.795882352941177,70.80000000000001,0.1826955332490388,False
84804B,BLUE DELPHINIUM ARTIFICIAL FLOWER,499.02000000000004,354,19,2.5040000000000004,26.264210526315793,70.80000000000001,0.14187808103883612,False
84805A,CREAM CLIMBING HYDRANGA ART FLOWER,205.35,145,7,2.6214285714285714,29.335714285714285,81.6,0.39737034331628923,False
84805B,BLUE CLIMBING HYDRANGA ART FLOWER,547.6500000000001,339,8,2.3,68.45625000000001,283.20000000000005,0.517118597644481,False
84806A,PINK CANDYSTUFT ARTIFICIAL FLOWER,261.90999999999997,319,20,1.135,13.095499999999998,34.8,0.13287006987132985,False
84806B,WHITE CANDYSTUFT ARTIFICIAL FLOWER,543.37,433,30,1.3736666666666666,18.112333333333332,60.0,0.11042199606161547,False
84807,RED POPPY ARTIFICIAL FLOWER,215.93,233,7,1.5414285714285714,30.84714285714286,111.15,0.5147501505117399,False
84809A,WHITE CHRYSANTHEMUMS ART FLOWER,439.14,259,18,2.0077777777777777,24.396666666666665,61.199999999999996,0.13936330099740402,False
84809B,PINK CHRYSANTHEMUMS ART FLOWER,351.6,296,8,1.7875,43.95,122.39999999999999,0.3481228668941979,False
84813,SET OF 4 DIAMOND NAPKIN RINGS,2718.52,378,69,10.521159420289855,39.398840579710146,372.29999999999995,0.13694951664876476,False
84814A,HEXAGONAL CRYSTAL PERFUME BOTTLE,1.95,1,1,1.95,1.95,1.95,1.0,False
84814B,RHOMBUS CRYSTAL PERFUME BOTTLE,11.7,6,2,1.95,5.85,7.8,0.6666666666666667,False
84815,SET OF 3 DANISH ROSE PLANTERS,1022.5,906,36,4.152777777777778,28.40277777777778,606.0,0.5926650366748166,False
84816,DANISH ROSE BEDSIDE CABINET,878.85,23,14,39.23571428571429,62.775,139.8,0.1590715139102236,False
84817,DANISH ROSE DECORATIVE PLATE,830.34,1008,73,1.596891891891892,11.374520547945206,60.48,0.07283763277693474,False
84818,DANISH ROSE PHOTO FRAME,1990.56,1584,147,1.7589795918367346,13.541224489795917,94.80000000000001,0.047624789004099354,False
84819,DANISH ROSE ROUND SEWING BOX,1342.79,903,93,2.896451612903226,14.438602150537633,136.0,0.10128165982767223,False
84820,DANISH ROSE TRINKET TRAYS,792.45,311,47,4.583191489361702,16.86063829787234,100.0,0.12619092687235786,False
84821,DANISH ROSE DELUXE COASTER,712.3,1294,66,0.705820895522388,10.792424242424241,30.599999999999998,0.04295942720763723,False
84823,DANISH ROSE FOLDING CHAIR,1170.0500000000002,119,29,12.363793103448277,40.34655172413794,159.8,0.13657536002734924,False
84824,DANISH ROSE UMBRELLA STAND,497.59999999999997,32,27,15.83148148148148,18.429629629629627,51.0,0.102491961414791,False
84826,ASSTD DESIGN 3D PAPER STICKERS,764.53,1611,48,0.6442,15.927708333333333,51.0,0.06670765045191164,False
84827,ASS DES PHONE SPONGE CRAFT STICKER,488.49,1025,28,0.5513333333333333,17.44607142857143,39.0,0.07983786771479456,False
84828,JUNGLE POPSICLES ICE LOLLY HOLDERS,1788.15,1467,137,1.243065693430657,13.052189781021898,50.88,0.02845398875933227,False
84828,JUNGLE POPSICLES ICE LOLLY MOULDS,1008.66,807,95,1.3209278350515463,10.617473684210527,120.0,0.11896972220569865,False
84830,LARGE ENGLISH ARBORETUM,1144.3,110,6,15.091666666666667,190.71666666666667,1000.0,0.8738967054094207,False
84832,ZINC WILLIE WINKIE  CANDLE STICK,5117.0199999999995,6154,441,0.8577654867256637,11.603219954648525,138.24,0.02701572399560682,False
84836,ZINC METAL HEART DECORATION,23221.43,19240,1240,1.2495652173913043,18.726959677419355,457.92,0.01971971579700303,False
84837,WHITE SWEETHEARTS CABINET 4 DRAWERS,2915.25,239,133,12.615671641791044,21.919172932330827,193.5,0.06637509647543093,False
84838,ANT WHITE HIGH RISE BIRD BOX,304.0,49,3,7.666666666666667,101.33333333333333,270.0,0.8881578947368421,False
84839,SWEETHEART KEY CABINET,8136.6,1468,348,6.601461318051576,23.381034482758622,776.0,0.09537153110635892,False
84840,SWEETHEART CARRY-ALL BASKET,2169.2,260,125,8.459200000000001,17.3536,61.2,0.028213166144200632,False
84842,HELLO SAILOR BATHROOM SET,437.45000000000005,775,25,3.5812,17.498,237.60000000000002,0.543147788318665,False
84843,WHITE SOAP RACK WITH 2 BOTTLES,1364.15,245,86,5.904651162790698,15.862209302325583,167.4,0.1227137778103581,False
84845A,HOLLYHOCK SQUARE HANDY TIN,1.25,1,1,1.25,1.25,1.25,1.0,False
84845C,CARNATION SQUARE HANDY TIN,52.5,42,14,1.25,3.75,7.5,0.14285714285714285,False
84845D,GERANIUM SQUARE HANDY TIN,51.25,41,11,1.25,4.659090909090909,15.0,0.2926829268292683,False
84846A,SCENTED CANDLE IN DIGITALIS TIN,487.20000000000005,232,42,2.1,11.600000000000001,50.400000000000006,0.10344827586206896,False
84847,FLORAL BATHROOM SET,674.73,1199,36,3.6327777777777777,18.7425,368.28000000000003,0.5458183273309324,False
84849A,HELLO SAILOR BLUE SOAP HOLDER,700.78,430,68,1.6830434782608694,10.305588235294117,139.2,0.19863580581637602,False
84849B,FAIRY SOAP SOAP HOLDER,2911.02,1806,225,1.6825663716814159,12.937866666666666,139.2,0.04781829049611476,False
84849D,HOT BATHS SOAP HOLDER,2444.22,1494,225,1.6868141592920354,10.863199999999999,208.79999999999998,0.08542602548052139,False
84854,GIRLY PINK TOOL SET,1297.75,279,57,4.889655172413794,22.767543859649123,102.0,0.07859757272201888,False
84855,BLOKEY SILVER TOOL SET,153.45000000000002,31,11,4.95,13.950000000000001,44.550000000000004,0.2903225806451613,False
84856L,LARGE TAHITI BEACH BAG,1177.45,211,55,5.902727272727273,21.40818181818182,139.5,0.11847636842328761,False
84856S,SMALL TAHITI BEACH BAG,1798.68,456,29,4.534137931034483,62.02344827586207,727.71,0.4045800253519248,False
84857A,SILVER MONTE CARLO HANDBAG,68.0,8,3,8.5,22.666666666666668,42.5,0.625,False
84857B,BLUE MONTE CARLO HANDBAG,46.8,24,1,1.95,46.8,46.8,1.0,False
84857C,PINK MONTE CARLO HANDBAG,400.59999999999997,192,14,2.8857142857142857,28.61428571428571,93.6,0.23364952571143285,False
84858A,NATURAL RIVIERA HANDBAG,116.7,52,7,5.278571428571429,16.67142857142857,51.25,0.43916023993144815,False
84858B,BLUE RIVIERA HANDBAG,431.0,326,9,2.816666666666667,47.888888888888886,176.25,0.40893271461716935,False
84858C,PINK RIVIERA HANDBAG,575.7,344,27,4.905555555555556,21.322222222222223,188.75,0.3278617335417752,False
84859A,SILVER DISCO HANDBAG,560.76,284,50,2.9780769230769235,11.2152,62.5,0.11145588130394465,False
84859B,BLUE DISCO HANDBAG,417.43,279,15,2.402,27.828666666666667,250.0,0.5989028100519848,False
84859C,PINK DISCO HANDBAG,542.64,302,37,2.9357894736842107,14.665945945945946,125.0,0.23035530001474275,False
84864A,PINK PAISLEY PHOTO ALBUM,27.0,4,3,6.75,9.0,13.5,0.5,False
84865,NEW BAROQUE BLACK PHOTO ALBUM,449.65,64,37,7.75,12.152702702702703,51.0,0.11342155009451796,False
84867A,PINK BABY GIRLS PHOTO ALBUM,92.25,15,3,6.616666666666667,30.75,71.4,0.7739837398373984,False
84868A,PINK BABY GIRL'S MEMORY BOX,13.9,2,2,6.95,6.95,6.95,0.5,False
84868B,BLUE BABY BOY'S MEMORY BOX,34.75,5,4,6.95,8.6875,13.9,0.4,False
84869,CANDY BUTTON PHOTO ALBUM,631.25,295,21,3.6642857142857146,30.05952380952381,187.2,0.29655445544554454,False
84870B,BLUE GEISHA GIRL ,202.5,54,23,3.75,8.804347826086957,30.0,0.14814814814814814,False
84870C,GREEN GEISHA GIRL ,202.5,54,21,3.75,9.642857142857142,30.0,0.14814814814814814,False
84872A,TEATIME FUNKY FLOWER BACKPACK FOR 2,118.65,7,6,16.95,19.775000000000002,33.9,0.2857142857142857,False
84873A,FUNKY FLOWER PICNIC BAG FOR 4,101.69999999999999,6,5,16.95,20.339999999999996,33.9,0.33333333333333337,False
84874B,BLUE TRAVEL FIRST AID KIT,128.7,78,28,1.65,4.596428571428571,16.5,0.12820512820512822,False
84875A,PINK SQUARE COMPACT MIRROR,56.25,15,11,3.75,5.113636363636363,11.25,0.2,False
84875B,GREEN SQUARE COMPACT MIRROR,476.25,367,35,1.4642857142857142,13.607142857142858,30.0,0.06299212598425197,False
84875D,BLUE SQUARE COMPACT MIRROR,483.75,371,37,1.722972972972973,13.074324324324325,30.0,0.06201550387596899,False
84876B,GREEN HEART COMPACT MIRROR,423.75,327,27,1.5178571428571428,15.694444444444445,60.0,0.1415929203539823,False
84876C,SILVER HEART COMPACT MIRROR,26.25,7,4,3.75,6.5625,15.0,0.5714285714285714,False
84876D,BLUE HEART COMPACT MIRROR,500.0,310,27,2.5462962962962963,18.51851851851852,45.0,0.09,False
84877A,PINK ROUND COMPACT MIRROR,142.5,46,14,3.5714285714285716,10.178571428571429,45.0,0.3157894736842105,False
84877B,GREEN ROUND COMPACT MIRROR,293.75,225,15,1.5833333333333333,19.583333333333332,30.0,0.10212765957446808,False
84877D,BLUE ROUND COMPACT MIRROR,173.75,101,15,2.25,11.583333333333334,30.0,0.17266187050359713,False
84879,ASSORTED COLOUR BIRD ORNAMENT,123648.76,77764,2645,1.6762942271880816,46.748113421550094,4176.0,0.03377308433986722,False
84880,WHITE WIRE EGG HOLDER,9148.900000000001,1655,327,6.042553191489362,27.978287461773704,990.0,0.1082097301314912,False
84881,BLUE WIRE SPIRAL CANDLE HOLDER,311.15,49,22,6.35,14.143181818181818,25.4,0.0816326530612245,False
84882,GREEN WIRE STANDING CANDLE HOLDER,206.25,55,27,3.75,7.638888888888889,15.0,0.07272727272727272,False
84884A,ANT WHITE WIRE HEART SPIRAL,5813.71,1653,269,3.937546468401487,21.612304832713754,696.0,0.11971701374853579,False
84886,BLUE METAL WALL SHELF,109.44999999999999,11,8,9.95,13.681249999999999,19.9,0.18181818181818182,False
84891B,GREEN WIRE GOBLET CANDLEHOLDER,55.65,7,5,7.95,11.129999999999999,15.9,0.28571428571428575,False
84893,ANT WHITE IRON BASKET,186.35000000000002,33,15,5.883333333333334,12.423333333333336,49.5,0.2656291923799302,False
84898F,YELLOW FLOWERS FELT HANDBAG KIT,323.40000000000003,154,47,2.1,6.880851063829788,25.200000000000003,0.07792207792207792,False
84899E,YELLOW + BROWN BEAR FELT PURSE KIT,43.75,35,11,1.25,3.977272727272727,15.0,0.34285714285714286,False
84899E,YELLOW BROWN BEAR FELT PURSE KIT,12.5,10,3,1.25,4.166666666666667,7.5,0.6,False
84899F,YELLOW PURPLE DAISY FELT PURSE KIT,107.5,86,23,1.25,4.673913043478261,17.5,0.16279069767441862,False
84901,BLACK FACE LAMB WITH PANTS,365.34,98,56,3.737142857142857,6.523928571428571,15.0,0.04105764493348662,False
84902,PINK KNITTED COW STUFFED TOY,215.34,58,33,3.728181818181818,6.525454545454545,22.5,0.10448592922819727,False
84905,PINK BUTTERFLY C/COVER ,29.700000000000003,6,3,4.95,9.9,19.8,0.6666666666666666,False
84905,PINK BUTTERFLY CUSHION COVER ,362.55,145,17,4.079411764705883,21.326470588235296,39.6,0.1092263136119156,False
84906,PINK B'FLY C/COVER W BOBBLES,243.95000000000002,41,14,5.95,17.425,53.550000000000004,0.21951219512195122,False
84906,PINK BUTTERFLY CUSHION COVER,31.2,16,4,1.95,7.8,11.7,0.375,False
84907,PINK YELLOW PATCH CUSHION COVER,743.55,355,9,5.116666666666667,82.61666666666666,292.5,0.39338309461367765,False
84907,PINK/YELLOW PATCH CUSHION COVER,45.9,6,3,7.650000000000001,15.299999999999999,30.6,0.6666666666666667,False
84908A,PINK 5 PATCH FLOWER CUSHION COVER ,762.7,386,6,3.6166666666666667,127.11666666666667,234.0,0.3068047725186836,False
84908B,BLUE 5 PATCH FLOWER CUSHION COVER,755.75,385,5,2.95,151.15,234.0,0.3096261991399272,False
84909A,PINK PAISLEY QUILT ,2784.8,208,29,17.329310344827586,96.02758620689656,867.0,0.31133295030163743,False
84910A,PINK PAISLEY CUSHION COVER ,980.85,399,40,5.6274999999999995,24.521250000000002,495.0,0.5046643217617373,False
84912A,PINK ROSE WASHBAG,2291.25,891,97,3.732142857142857,23.621134020618555,1200.0,0.5237315875613748,False
84912B,GREEN ROSE WASHBAG,2212.5,870,84,3.729651162790698,26.339285714285715,1200.0,0.5423728813559322,False
84913A,SOFT PINK ROSE TOWEL ,511.50000000000006,110,32,4.65,15.984375000000002,55.800000000000004,0.10909090909090909,False
84913B,MINT GREEN ROSE TOWEL,478.95000000000005,103,30,4.65,15.965000000000002,46.5,0.09708737864077668,False
84914A,PINK ROSE PICNIC RUG,77.85,3,2,25.95,38.925,51.9,0.6666666666666667,False
84915,HAND TOWEL PINK FLOWER AND DAISY,335.5,208,18,4.08,18.63888888888889,125.0,0.37257824143070045,False
84916,HAND TOWEL PALE BLUE W FLOWERS,514.5,230,30,4.663333333333333,17.15,125.0,0.24295432458697766,False
84917,WHITE HAND TOWEL WITH BUTTERFLY,477.85,183,17,3.738235294117647,28.108823529411765,166.6,0.3486449722716333,False
84918,CREAM C/COVER W YELLOW/GREEN FLOWER,69.5,10,3,6.95,23.166666666666668,27.8,0.4,False
84918,CREAM CUSHION COVER WITH FLOWERS,341.95,101,13,6.180769230769231,26.303846153846152,93.6,0.27372422868840474,False
84919,BLUE CUSHION COVER WITH FLOWER,371.59999999999997,88,15,6.616666666666666,24.77333333333333,93.6,0.2518837459634015,False
84919,L BLUE C/COVER W PINK/YELLOW FLOWER,41.7,6,2,6.95,20.85,27.8,0.6666666666666666,False
84920,PINK FLOWER FABRIC PONY,537.35,145,54,3.7203703703703703,9.950925925925926,15.0,0.027914766911696285,False
84921,CREAM AND PINK FLOWERS PONY ,101.25,27,14,3.75,7.232142857142857,22.5,0.2222222222222222,False
84922,PINK BUTTERFLY WASHBAG,748.75,335,10,4.025,74.875,600.0,0.8013355592654424,False
84923,PINK BUTTERFLY HANDBAG W BOBBLES,76.5,9,5,8.5,15.3,34.0,0.4444444444444444,False
84924A,WAKE UP COCKEREL CALENDAR SIGN ,449.88,117,46,3.9113043478260865,9.78,45.0,0.10002667377967459,False
84924D,LA PALMIERA METAL SIGN CALENDAR,246.0,760,12,3.1666666666666665,20.5,93.0,0.3780487804878049,False
84924F,PSYCHEDELIC METAL SIGN CALENDAR,139.15,493,7,1.9814285714285715,19.87857142857143,120.0,0.8623787279913762,False
84925A,WAKE UP COCKEREL WALL THERMOMETER,328.95,177,15,2.493333333333333,21.93,244.79999999999998,0.7441860465116279,False
84925C,FAIRY CAKES  WALL THERMOMETER,71.39999999999999,28,10,2.55,7.139999999999999,20.4,0.28571428571428575,False
84925D,LA PALMIERA WALL THERMOMETER,677.45,452,26,2.321153846153846,26.055769230769233,460.7,0.6800501882057716,False
84925E,FLOWERS WALL THERMOMETER,130.04999999999998,75,3,2.2666666666666666,43.349999999999994,122.39999999999999,0.9411764705882354,False
84925F,PSYCHEDELIC WALL THERMOMETER,857.9300000000001,711,31,1.964516129032258,27.67516129032258,340.0,0.3963027286608464,False
84926A,WAKE UP COCKEREL TILE COASTER,265.59,651,42,0.6785714285714286,6.323571428571428,30.0,0.11295606009262397,False
84926B,SCOTTS ROSES TILE COASTER,67.5,54,10,1.25,6.75,30.0,0.4444444444444444,False
84926C,FAIRY CAKES TILE COASTER,151.25,121,18,1.25,8.402777777777779,15.0,0.09917355371900827,False
84926D,LA PALMIERA TILE COASTER,337.89,762,38,0.7589743589743589,8.891842105263157,40.32,0.11932877563704164,False
84926E,FLOWERS TILE COASTER,461.63,1077,48,0.6260416666666667,9.617291666666667,42.5,0.09206507376037086,False
84926F,PSYCHEDELIC TILE COASTER,230.5,465,30,0.9886666666666667,7.683333333333334,40.32,0.1749240780911063,False
84927A,WAKE UP COCKEREL TILE HOOK,113.82000000000001,143,23,1.6404347826086958,4.948695652173913,12.600000000000001,0.11070110701107011,False
84927D,LA PALMIERA TILE HOOK,153.75,514,23,1.4173913043478261,6.684782608695652,34.56,0.22478048780487805,False
84927E,FLOWERS TILE HOOK,183.78,295,23,1.7308333333333332,7.990434782608696,37.800000000000004,0.20568070519098924,False
84927F,PSYCHEDELIC TILE HOOK,225.3,319,51,1.0675471698113208,4.41764705882353,14.040000000000001,0.06231691078561918,False
84929,ASSTD FRUIT+FLOWERS FRIDGE MAGNETS,904.6700000000001,2909,89,0.35842696629213483,10.164831460674158,66.0,0.07295477909071815,False
84931A,PINK SCOTTIE DOG W FLOWER PATTERN,369.59999999999997,146,47,2.5404255319148934,7.8638297872340415,15.299999999999999,0.041396103896103896,False
84931B,BLUE SCOTTIE DOG W FLOWER PATTERN,545.4,216,52,2.5326923076923076,10.488461538461538,76.5,0.14026402640264027,False
84932A,SMALL GREEN PEONY FOLDING STOOL,602.6,262,24,3.860416666666667,25.108333333333334,156.0,0.258878194490541,False
84932B,SMALL PINK PEONY FOLDING STOOL,401.3,189,17,3.105882352941176,23.605882352941176,156.0,0.38873660603040117,False
84932C,SMALL ORIENTAL BLUE FOLDING STOOL,606.9,281,33,2.9424242424242424,18.39090909090909,62.4,0.1028175976272862,False
84932D,SMALL ORIENTAL RED FOLDING STOOL,540.75,237,19,3.3289473684210527,28.460526315789473,156.0,0.2884882108183079,False
84933A,LARGE GREEN PEONY FOLDING STOOL,314.35,131,6,4.716666666666666,52.39166666666667,201.60000000000002,0.6413233656752029,False
84933B,LARGE PINK PEONY FOLDING STOOL,309.15000000000003,136,6,3.408333333333333,51.525000000000006,201.60000000000002,0.6521106259097526,False
84933C,LARGE BLUE ORIENTAL FOLDING STOOL,317.0,136,6,4.716666666666667,52.833333333333336,189.0,0.5962145110410094,False
84934,ASSTD DESIGN POP ART SLIM PEN,581.4,684,12,0.85,48.449999999999996,204.0,0.3508771929824562,False
84937,KASHMIR FOLKART TUMBLERS,4790.02,2468,82,2.09,58.414878048780494,841.62,0.1757028154370963,False
84942,KASHMIR FOLKART HEART DISHES,5.07,3,3,1.6900000000000002,1.6900000000000002,1.69,0.3333333333333333,False
84944,SET OF 6 KASHMIR FOLKART BAUBLES,2313.0499999999997,833,148,3.262,15.628716216216214,102.0,0.044097620025507454,False
84945,MULTI COLOUR SILVER T-LIGHT HOLDER,16706.63,20975,581,0.8471768707482993,28.754956970740103,414.71999999999997,0.02482367778540615,False
84946,ANTIQUE SILVER T-LIGHT GLASS,14828.460000000001,12634,529,1.243421052631579,28.031115311909264,457.9200000000001,0.030881156910427653,False
84946,ANTIQUE SILVER TEA GLASS ETCHED,21402.87,18483,787,1.2273525721455458,27.19551461245235,534.24,0.02496113838938423,False
84947,ANTIQUE SILVER TEA GLASS ENGRAVED,17120.780000000002,14992,559,1.2380069324090122,30.62751341681575,381.6,0.02228870413614333,False
84948,SILVER HANGING T-LIGHT HOLDER DOME,435.59999999999997,264,33,1.65,13.2,39.599999999999994,0.0909090909090909,False
84949,SILVER HANGING T-LIGHT HOLDER,17212.35,11123,603,1.6330342577487764,28.544527363184077,417.59999999999997,0.02426164933899206,False
84950,ASSORTED COLOUR T-LIGHT HOLDER,3633.2900000000004,5553,218,0.7320547945205479,16.666467889908258,1001.0000000000001,0.27550787302967833,False
84951A,S/4 PISTACHIO LOVEBIRD COASTERS,95.39999999999999,68,5,2.29,19.08,75.0,0.7861635220125787,False
84951A,SET OF 4 PISTACHIO LOVEBIRD COASTER,374.36,369,40,1.318,9.359,18.96,0.050646436585105245,False
84951B,S/4 BLACK LOVEBIRD COASTERS,25.499999999999996,10,3,2.55,8.499999999999998,15.299999999999999,0.6000000000000001,False
84951B,SET OF 4 BLACK LOVEBIRD COASTERS,374.54,356,37,1.3107894736842105,10.122702702702703,75.0,0.20024563464516473,False
84952A,CLEAR LOVE BIRD T-LIGHT HOLDER,249.11,84,14,3.807857142857143,17.79357142857143,67.5,0.2709646340973867,False
84952B,BLACK LOVE BIRD T-LIGHT HOLDER,474.11,308,20,3.0405,23.7055,120.0,0.2531058193246293,False
84952C,MIRROR LOVE BIRD T-LIGHT HOLDER,601.65,343,24,3.134,25.068749999999998,120.0,0.19945150835203193,False
84962,SET/3 COLOUR PAINTED KASHMIRI STOOL,179.85000000000002,3,2,59.95,89.92500000000001,119.9,0.6666666666666666,False
84963A,PINK PAINTED KASHMIRI CHAIR,713.4000000000001,22,8,40.712500000000006,89.17500000000001,171.8,0.24081861508270253,False
84963B,BLUE PAINTED KASHMIRI CHAIR,591.5,18,6,42.958333333333336,98.58333333333333,171.8,0.2904480135249366,False
84964A,PINK PAINTED KASHMIRI TABLE,630.0,11,2,45.0,315.0,600.0,0.9523809523809523,False
84964B,BLUE PAINTED KASHMIRI TABLE ,990.0,17,2,45.0,495.0,960.0,0.9696969696969697,False
84965A,PINK KASHMIRI COFFEE TABLE ,1050.0,20,3,40.0,350.0,900.0,0.8571428571428571,False
84965B,BLUE KASHMIRI COFFEE TABLE ,1359.95,27,4,62.4875,339.9875,900.0,0.6617890363616309,False
84966A,PINK KASHMIRI BOXED MIRROR,176.0,12,3,17.333333333333332,58.666666666666664,96.0,0.5454545454545454,False
84966B,BLUE KASHMIRI BOXED MIRROR,428.0,33,4,16.0,107.0,204.0,0.4766355140186916,False
84966C,GREEN KASHMIRI BOXED MIRROR,276.0,23,2,12.0,138.0,228.0,0.8260869565217391,False
84967A,PINK KASHMIRI OCCASIONAL TABLE,15.0,1,1,15.0,15.0,15.0,1.0,False
84967B,BLUE KASHMIRI OCCASIONAL TABLE,1029.55,20,10,64.465,102.955,180.0,0.17483366519353116,False
84967C,GREEN KASHMIRI OCCASIONAL TABLE,419.85,9,4,67.4625,104.9625,180.0,0.42872454448017144,False
84968A,S/16 VINTAGE ROSE CUTLERY,1627.05,131,47,12.711702127659576,34.61808510638298,262.79999999999995,0.1615193140960634,False
84968A,SET OF 16 VINTAGE ROSE CUTLERY,2285.1,186,66,12.696268656716418,34.622727272727275,313.79999999999995,0.13732440593409478,False
84968B,S/16 VINTAGE IVORY CUTLERY,3420.0,276,76,12.702631578947368,45.0,339.45,0.09925438596491228,False
84968B,SET OF 16 VINTAGE IVORY CUTLERY,51.0,4,4,12.75,12.75,12.75,0.25,False
84968C,S/16 VINTAGE PISTACHIO CUTLERY,2482.0499999999997,215,30,12.629999999999999,82.73499999999999,1051.1999999999998,0.42352087991780984,False
84968C,SET OF 16 VINTAGE PISTACHIO CUTLERY,1721.25,135,65,12.75,26.48076923076923,140.25,0.08148148148148149,False
84968D,S/16 VINTAGE RED CUTLERY,2836.95,253,17,12.43235294117647,166.87941176470588,1051.1999999999998,0.37053878284777664,False
84968D,SET OF 16 VINTAGE RED CUTLERY,1133.67,87,41,13.34560975609756,27.65048780487805,127.5,0.11246659080684855,False
84968E,S/16 VINTAGE BLACK CUTLERY,2227.0499999999997,195,26,12.542307692307693,85.65576923076922,788.4,0.3540109112952112,False
84968E,SET OF 16 VINTAGE BLACK CUTLERY,1404.81,116,35,12.996,40.13742857142857,262.79999999999995,0.1870715612787494,False
84968F,S/16 VINTAGE SKY BLUE CUTLERY,624.75,49,26,12.75,24.028846153846153,76.5,0.12244897959183673,False
84968F,SET OF 16 VINTAGE SKY BLUE CUTLERY,1308.3,106,39,12.703846153846154,33.54615384615384,262.79999999999995,0.20087135977986698,False
84969,ASSORTED COLOUR SET 6 TEASPOONS,952.0,224,63,4.25,15.11111111111111,51.0,0.05357142857142857,False
84969,BOX OF 6 ASSORTED COLOUR TEASPOONS,1782.24,416,105,4.356285714285714,16.973714285714287,102.0,0.05723134931322381,False
84970L,SINGLE HEART ZINC T-LIGHT HOLDER,15207.31,16409,818,0.9766060606060605,18.590843520782396,227.52,0.014961225884130725,False
84970S,HANGING HEART ZINC T-LIGHT HOLDER,19757.559999999998,25312,1137,0.8483246073298429,17.376921723834652,184.32,0.009329087194977518,False
84971L,LARGE HEART FLOWERS HOOK   ,650.36,544,43,1.2411627906976743,15.124651162790698,152.64000000000001,0.23470078110584908,False
84971S,SMALL HEART FLOWERS HOOK ,5052.41,6205,325,0.8506927710843374,15.545876923076923,184.32,0.036481599870160974,False
84972L,GIANT PINK HEART MEMO HOLDER,442.40000000000003,112,44,3.95,10.054545454545455,31.6,0.07142857142857142,False
84974,S/2 ZINC HEART DESIGN PLANTERS,869.5999999999999,88,56,9.932456140350876,15.528571428571427,53.699999999999996,0.06175252989880405,False
84975,HEART SHAPED MIRROR,3025.86,1914,167,1.6757988165680473,18.118922155688622,208.79999999999998,0.06900517538815411,False
84976,RECTANGULAR SHAPED MIRROR,645.84,638,41,1.2182926829268292,15.752195121951221,113.76,0.17614269788182832,False
84977,WIRE FLOWER T-LIGHT HOLDER,275.0,220,41,1.25,6.7073170731707314,22.5,0.08181818181818182,False
84978,HANGING HEART JAR T-LIGHT HOLDER,21669.83,18652,1081,1.2281095890410958,20.04609620721554,233.20000000000002,0.01076150574323841,False
84984A,GREEN PEONY CUSHION COVER,403.75,255,12,3.8000000000000003,33.645833333333336,150.0,0.3715170278637771,False
84984A,GREEN PEONY DES C/COVER,37.2,8,3,4.65,12.4,18.6,0.5,False
84984B,RED PEONY CUSHION COVER ,480.85,309,10,3.9300000000000006,48.085,225.0,0.46792138920661325,False
84984B,RED PEONY DES C/COVER ,51.150000000000006,11,5,4.65,10.23,18.6,0.36363636363636365,False
84984C,ORIENTAL BLUE C/COVER ,41.85,9,5,4.65,8.370000000000001,9.3,0.22222222222222224,False
84984C,ORIENTAL BLUE CUSHION COVER ,299.7,218,7,3.192857142857143,42.81428571428571,125.0,0.4170837504170838,False
84984D,ORIENTAL RED C/COVER ,88.2,20,5,4.57,17.64,51.0,0.5782312925170068,False
84984D,ORIENTAL RED CUSHION COVER ,239.8,132,10,3.97,23.98,125.0,0.5212677231025855,False
84985A,SET OF 72 GREEN PAPER DOILIES,830.8499999999999,573,119,1.45,6.981932773109243,69.6,0.08376963350785341,False
84985B,SET OF 72 BLACK PAPER DOILIES ,176.89999999999998,122,19,1.45,9.310526315789472,34.8,0.19672131147540983,False
84986B,SET OF 36 SILVER PAPER DOILIES,601.75,415,67,1.45,8.98134328358209,34.8,0.057831325301204814,False
84987,SET OF 36 TEATIME PAPER DOILIES,10911.38,7762,638,1.4528193146417445,17.102476489028213,360.0,0.0329930769526861,False
84988,SET OF 72 PINK HEART PAPER DOILIES,10636.599999999999,7531,616,1.4575645161290323,17.26720779220779,390.0,0.03666585186995845,False
84989A,75 GREEN FAIRY CAKE CASES,1025.45,2063,121,0.5479032258064517,8.474793388429752,302.4,0.2948949241796284,False
84989B,75 BLACK FAIRY CAKE CASES,479.35,985,46,0.538695652173913,10.420652173913044,50.4,0.10514238030666527,False
84990,60 GOLD AND SILVER FAIRY CAKE CASES,1993.03,4177,160,0.539698795180723,12.4564375,348.0,0.17460851065964889,False
84991,60 TEATIME FAIRY CAKE CASES,25606.75,52502,1757,0.5432631578947369,14.574132043255549,480.0,0.018745057455553712,False
84992,72 SWEETHEART FAIRY CAKE CASES,15988.970000000001,33526,1171,0.546900826446281,13.65411614005124,672.0,0.04202897372376081,False
84993A,75 GREEN PETIT FOUR CASES,564.06,1343,126,0.42,4.476666666666667,20.16,0.03574087862993299,False
84993B,75 BLACK PETIT FOUR CASES,218.82,521,77,0.41999999999999993,2.841818181818182,20.16,0.09213051823416507,False
84997A,CHILDRENS CUTLERY POLKADOT GREEN ,6586.610000000001,1685,166,4.1891566265060245,39.678373493975904,540.0,0.08198451100034766,False
84997A,GREEN 3 PIECE MINI DOTS CUTLERY SET,6758.79,1885,226,3.730964912280702,29.906150442477877,244.08,0.036112972884199686,False
84997A,GREEN 3 PIECE POLKADOT CUTLERY SET,5435.55,1509,152,3.7723376623376628,35.76019736842105,732.24,0.13471313850484312,False
84997B,CHILDRENS CUTLERY RETROSPOT RED ,9603.68,2492,229,4.149827586206897,41.9374672489083,976.32,0.10166102993852356,False
84997B,RED 3 PIECE MINI DOTS CUTLERY SET,14358.33,3977,459,3.7329032258064516,31.281764705882352,540.0,0.03760883055341394,False
84997B,RED 3 PIECE RETROSPOT CUTLERY SET,8447.04,2328,242,3.764754098360656,34.90512396694215,732.24,0.08668598704398227,False
84997C,BLUE 3 PIECE MINI DOTS CUTLERY SET,13538.58,3742,444,3.7379287305122495,30.4922972972973,732.24,0.054085435843345464,False
84997C,BLUE 3 PIECE POLKADOT CUTLERY SET,7848.110000000001,2177,226,3.7652380952380953,34.72615044247788,1220.4,0.15550240758603026,False
84997C,CHILDRENS CUTLERY POLKADOT BLUE,9823.1,2522,211,4.119668246445499,46.55497630331754,1350.0,0.13743115717034338,False
84997D,CHILDRENS CUTLERY POLKADOT PINK,13788.300000000001,3528,323,4.172576687116565,42.68823529411765,1350.0,0.09790909684297557,False
84997D,PINK 3 PIECE MINI DOTS CUTLERY SET,15010.89,4183,414,3.7311848341232228,36.2581884057971,732.24,0.04878058529507578,False
84997D,PINK 3 PIECE POLKADOT CUTLERY SET,9122.380000000001,2530,252,3.766964980544747,36.19992063492064,1220.4,0.13378087735875943,False
85006,SET 4 NURSERY DES ROUND BOXES,742.6,1576,29,2.4244827586206896,25.606896551724137,446.4,0.601131160786426,False
85007,SET OF 3 VINTAGE TEA TIME BOXES,362.4,136,18,3.8605263157894742,20.133333333333333,41.85,0.11548013245033113,False
85008,SET OF 3 CONEY ISLAND OVAL BOXES,951.9000000000001,257,88,4.725842696629214,10.817045454545456,52.8,0.05546801134572959,False
85014A,BLACK/BLUE DOTS RUFFLED UMBRELLA,12077.300000000001,2942,283,5.85193661971831,42.67597173144877,1728.0,0.1430783370455317,False
85014A,BLACK/BLUE POLKADOT UMBRELLA,9085.49,1622,357,6.046834733893558,25.449551820728292,712.8000000000001,0.07845476688654107,False
85014B,RED RETROSPOT UMBRELLA,14415.320000000002,2609,418,6.047105263157895,34.48641148325359,1425.6000000000001,0.0988947869350108,False
85014B,RED/WHITE DOTS RUFFLED UMBRELLA,14730.7,3394,371,5.877628032345013,39.705390835579514,1728.0,0.1173060343364538,False
85014C,BLUE/BROWN DOTS RUFFLED UMBRELLA,1591.8500000000001,347,64,5.88828125,24.872656250000002,432.0,0.2713823538649998,False
85014D,PINK/BROWN DOTS RUFFLED UMBRELLA,6607.6,1912,86,5.823837209302326,76.83255813953488,1728.0,0.26151704098311035,False
85015,SET OF 12  VINTAGE POSTCARD SET,2250.87,2709,144,1.3216666666666665,15.631041666666667,187.20000000000002,0.08316784176784978,False
85016,SET OF 6 VINTAGE NOTELETS KIT,1454.85,1449,69,2.13695652173913,21.08478260869565,187.20000000000002,0.12867305907825552,False
85017A,ENVELOPE 50 ROMANTIC IMAGES,599.64,924,53,0.8340740740740741,11.313962264150943,120.96,0.20172103261957175,False
85017B,ENVELOPE 50 BLOSSOM IMAGES,1070.79,1847,117,0.6201694915254237,9.152051282051282,120.96,0.11296332614238086,False
85017C,ENVELOPE 50 CURIOUS IMAGES,590.11,931,56,0.7906896551724137,10.537678571428572,120.96,0.2049787327786345,False
85018A,S/6 PAPER BOXES ROMANTIC IMAGES,63.75,15,10,4.25,6.375,17.0,0.26666666666666666,False
85018B,S/6 PAPER BOXES BLOSSOM IMAGES ,63.75,15,10,4.25,6.375,25.5,0.4,False
85018C,S/6 PAPER BOXES CURIOUS IMAGES ,127.2,36,4,4.035,31.8,101.7,0.7995283018867925,False
85018D,YULETIDE IMAGES S/6 PAPER BOXES,883.65,741,63,2.023015873015873,14.026190476190475,61.199999999999996,0.06925819046002377,False
85019A,ROMANTIC IMAGES NOTEBOOK SET,846.75,615,40,2.3,21.16875,180.0,0.21257750221434898,False
85019B,BLOSSOM  IMAGES NOTEBOOK SET,910.0,680,35,2.0214285714285714,26.0,180.0,0.1978021978021978,False
85019C,CURIOUS  IMAGES NOTEBOOK SET,553.25,385,21,2.9642857142857144,26.345238095238095,180.0,0.3253502033438771,False
85020,ROUND PINK HEART MIRROR,470.40000000000003,224,44,2.1,10.690909090909091,100.80000000000001,0.2142857142857143,False
85023A,CRYSTAL LARGE JEWELLED PHOTO FRAME,56.099999999999994,22,10,2.55,5.609999999999999,15.299999999999999,0.27272727272727276,False
85023B,EAU DE NILE JEWELLED PHOTOFRAME,523.5,218,36,2.5374999999999996,14.541666666666666,151.20000000000002,0.2888252148997135,False
85023C,PINK LARGE JEWELED PHOTOFRAME,56.099999999999994,22,11,2.55,5.1,10.2,0.18181818181818182,False
85024A,CRYSTAL SMALL JEWELLED PHOTOFRAME,1.65,1,1,1.65,1.65,1.65,1.0,False
85024B,EAU DE NILE JEWELLED PHOTOFRAME,330.9,218,20,1.6404761904761902,16.544999999999998,208.79999999999998,0.6310063463281959,False
85024C,PINK SMALL JEWELLED PHOTOFRAME,161.7,98,42,1.65,3.8499999999999996,21.45,0.1326530612244898,False
85025B,EAU DE NILE HEART SHAPE PHOTO FRAME,832.4999999999999,522,65,1.6470588235294117,12.807692307692307,208.79999999999998,0.2508108108108108,False
85025C,PINK HEART SHAPE PHOTO FRAME,1027.4499999999998,641,92,1.6478494623655915,11.167934782608693,218.95,0.21310039417976548,False
85026B,EAU DE NILE JEWELLED T-LIGHT HOLDER,128.35,151,19,0.85,6.755263157894737,17.0,0.13245033112582782,False
85027L,FRENCH CHATEAU LARGE PLATTER ,472.2,156,39,4.719230769230769,12.107692307692307,46.8,0.0991105463786531,False
85028L,FRENCH CHATEAU LARGE FRUIT BOWL ,575.85,243,23,5.0804347826086955,25.036956521739132,280.8,0.48762698619432143,False
85028S,FRENCH CHATEAU SMALL FRUITBOWL,591.75,391,30,3.120967741935484,19.725,180.0,0.3041825095057034,False
85030,FRENCH CHATEAU OVAL PLATTER,460.8,184,27,5.061111111111111,17.066666666666666,93.6,0.20312499999999997,False
85031A,ROMANTIC IMAGES SCRAP BOOK SET,634.2,386,38,3.7815789473684216,16.689473684210526,150.0,0.23651844843897823,False
85031B,BLOSSOM IMAGES SCRAP BOOK SET,598.8,408,26,3.3846153846153846,23.03076923076923,150.0,0.25050100200400804,False
85031C,CURIOUS IMAGES SCRAP BOOK SET,543.45,343,28,3.7607142857142857,19.40892857142857,150.0,0.2760143527463428,False
85032A,ROMANTIC IMAGES GIFT WRAP SET,1200.5500000000002,1383,118,0.9694915254237289,10.174152542372882,100.80000000000001,0.08396151763774937,False
85032B,BLOSSOM IMAGES GIFT WRAP SET,846.0000000000001,929,106,0.9099056603773585,7.981132075471699,100.80000000000001,0.11914893617021276,False
85032C,CURIOUS IMAGES GIFT WRAP SET,764.3000000000001,781,99,0.9835,7.720202020202021,100.80000000000001,0.13188538531990057,False
85032D,YULETIDE IMAGES GIFT WRAP SET,1063.06,1008,90,1.266923076923077,11.811777777777777,243.35999999999999,0.22892404944217637,False
85033G,SET/6 GOLD REINDEER T-LIGHT CANDLES,221.65,199,17,1.4444444444444444,13.038235294117648,31.200000000000003,0.14076246334310852,False
85033S,SET/6 SILVER REINDEER T-LIGHTS,251.54999999999998,241,38,0.9833333333333334,6.6197368421052625,46.8,0.18604651162790697,False
85034A,3 GARDENIA MORRIS BOXED CANDLES,2107.36,808,110,2.994273504273504,19.157818181818183,182.88,0.08678156556070153,False
85034B,3 WHITE CHOC MORRIS BOXED CANDLES,2232.73,1105,111,2.4595575221238937,20.114684684684686,182.88,0.08190869473693639,False
85034C,3 ROSE MORRIS BOXED CANDLES,2137.98,1214,156,2.1584662576687115,13.705,182.88,0.08553868604944855,False
85035A,GARDENIA 3 WICK MORRIS BOXED CANDLE,1978.23,579,151,3.7915584415584416,13.100860927152318,167.64000000000001,0.08474242125536464,False
85035B,CHOCOLATE 3 WICK MORRIS BOX CANDLE,2242.12,916,98,3.492857142857143,22.87877551020408,457.2,0.20391415267693078,False
85035C,ROSE 3 WICK MORRIS BOX CANDLE,2458.07,1299,168,2.9311560693641616,14.63136904761905,360.0,0.14645636617346128,False
85036A,GARDENIA 1 WICK MORRIS BOXED CANDLE,2284.67,603,154,3.96925,14.835519480519482,137.16,0.060034928457939216,False
85036B,CHOCOLATE 1 WICK MORRIS BOX CANDLE,1490.56,582,79,3.0622784810126586,18.86784810126582,182.88,0.12269214255045084,False
85036C,ROSE 1 WICK MORRIS BOXED CANDLE,1365.93,675,117,3.00875,11.674615384615386,135.0,0.09883376161296699,False
85038,6 CHOCOLATE LOVE HEART T-LIGHTS,4935.76,2502,282,2.1045578231292517,17.502695035460995,355.20000000000005,0.07196460119616838,False
85039A,SET/4 RED MINI ROSE CANDLE IN BOWL,1092.05,1115,89,1.4310112359550562,12.270224719101122,69.6,0.0637333455427865,False
85039B,S/4 IVORY MINI ROSE CANDLE IN BOWL,1468.6299999999999,1243,109,1.5174774774774775,13.473669724770641,158.39999999999998,0.1078556205443168,False
85039C,S/4 BLACK MINI ROSE CANDLE IN BOWL,264.67,411,37,1.3486486486486486,7.153243243243244,40.32,0.15234065062152868,False
85040A,S/4 PINK FLOWER CANDLES IN BOWL,3060.14,1862,310,1.6727692307692308,9.871419354838709,79.19999999999999,0.025881168835412756,False
85040B,SET/4 BLUE FLOWER CANDLES IN BOWL,3606.2999999999997,2350,231,1.6381355932203387,15.61168831168831,278.4,0.07719823641959904,False
85041,SET/4 PINK ORCHID CANDLES IN BOWL,2374.68,1804,77,1.6178750000000002,30.839999999999996,881.2800000000001,0.3711152660569004,False
85042,ANTIQUE LILY FAIRY LIGHTS,11437.550000000001,2525,277,4.827935943060498,41.290794223826715,612.0,0.05350796280671997,False
85043,RED HEART CANDY POP LIGHTS,4.95,1,1,4.95,4.95,4.95,1.0,False
85044,RED REINDEER STRING OF 20 LIGHTS,605.75,131,26,4.86923076923077,23.298076923076923,106.25,0.17540239372678498,False
85045,GREEN CHRISTMAS TREE STRING 20LIGHT,2048.1,446,69,4.890845070422535,29.682608695652174,510.0,0.24901127874615497,False
85047,WHITE BEADED GARLAND STRING 20LIGHT,5780.45,951,196,6.297999999999999,29.492091836734694,266.4,0.046086377358164156,False
85048,15CM CHRISTMAS GLASS BALL 20 LIGHTS,18040.65,2447,427,7.750925925925926,42.24976580796253,444.8,0.024655430929595108,False
85049A,TRADITIONAL CHRISTMAS RIBBONS,7123.08,5763,558,1.2695271453590191,12.765376344086022,305.28000000000003,0.04285786485621389,False
85049B,LUSH GREENS RIBBONS,2585.36,2092,317,1.2488087774294672,8.15570977917981,152.64000000000001,0.05904013367577436,False
85049C,ROMANTIC PINKS RIBBONS ,3599.07,2902,457,1.2517811158798284,7.875426695842451,152.64000000000001,0.04241095616367562,False
85049D,BRIGHT BLUES RIBBONS ,2826.39,2283,372,1.2494986807387862,7.597822580645161,152.64000000000001,0.05400528589472791,False
85049E,SCANDINAVIAN REDS RIBBONS,7392.4800000000005,5905,678,1.270043103448276,10.903362831858407,165.36,0.022368677358613077,False
85049F,BABY BOOM RIBBONS ,2533.89,2049,294,1.2493645484949834,8.618673469387755,152.64000000000001,0.06023939476457148,False
85049G,CHOCOLATE BOX RIBBONS ,4514.25,3716,455,1.2608742004264393,9.92142857142857,152.64000000000001,0.03381292573517196,False
85049H,URBAN BLACK RIBBONS ,1653.3,1627,210,1.186588785046729,7.872857142857143,60.48,0.03658138268916712,False
85050,FRENCH ENAMEL SOAP DISH WITH LID,100.80000000000001,48,1,2.1,100.80000000000001,100.80000000000001,1.0,False
85053,FRENCH ENAMEL CANDLEHOLDER,3597.4800000000005,1810,275,2.1258362989323842,13.081745454545457,121.67999999999999,0.03382367657360152,False
85054,FRENCH ENAMEL POT W LID,2063.71,835,157,2.856625,13.144649681528662,68.85,0.03336224566436175,False
85055,FRENCH ENAMEL UTENSIL HOLDER,1130.6,316,79,3.72,14.31139240506329,70.80000000000001,0.06262161684061562,False
85059,FRENCH ENAMEL WATER BASIN,1637.81,526,142,3.5215972222222223,11.53387323943662,70.80000000000001,0.04322845751338679,False
85060,WOOD FAN WITH FLOWER DESIGN,1590.93,1353,73,1.2317808219178081,21.793561643835616,254.4,0.15990646980068263,False
85061W,WHITE JEWELLED HEART DECORATION,4693.2699999999995,5833,329,0.8508746355685131,14.265258358662612,414.72,0.08836482878675211,False
85062,PEARL CRYSTAL PUMPKIN T-LIGHT HLDR,5777.619999999999,3639,278,1.6487234042553192,20.782805755395678,278.4,0.04818593123119901,False
85063,CREAM SWEETHEART MAGAZINE RACK,3515.2,216,128,16.73125,27.4625,89.69999999999999,0.02551775147928994,False
85064,CREAM SWEETHEART LETTER RACK,6877.42,1534,238,5.3965966386554625,28.89672268907563,1552.0,0.2256660201063771,False
85065,CREAM SWEETHEART TRAYS,6382.2,548,228,12.516666666666667,27.992105263157892,407.95,0.06391996490238476,False
85066,CREAM SWEETHEART MINI CHEST,34134.78,2855,794,12.65721945137157,42.990906801007554,2076.8,0.06084117138004113,False
85067,CREAM SWEETHEART WALL CABINET,7248.71,463,146,18.486190476190476,49.648698630136984,1314.78,0.18138123886870905,False
85068,CREAM SWEETHEART SHELF + HOOKS,6067.76,918,173,7.726228571428571,35.073757225433525,1095.48,0.1805410892981924,False
85070,ANT WHITE SWEETHEART TABLE W 3 DRAW,320.0,3,3,106.66666666666667,106.66666666666667,125.0,0.390625,False
85071A,BLUE CHARLIE+LOLA PERSONAL DOORSIGN,1077.01,1687,122,1.1637903225806452,8.82795081967213,70.98,0.06590468055078412,False
85071B,RED CHARLIE+LOLA PERSONAL DOORSIGN,1220.67,2289,138,1.0290714285714284,8.845434782608697,70.80000000000001,0.05800093391334268,False
85071C,"CHARLIE+LOLA""EXTREMELY BUSY"" SIGN",669.82,1197,98,1.1292929292929292,6.834897959183674,109.44,0.1633871786450091,False
85071D,CHARLIE+LOLA MY ROOM DOOR SIGN,482.34,838,87,1.0934831460674157,5.5441379310344825,109.44,0.2268938922751586,False
85072,OCCASIONS GIFT CARD ASSORTMENT,66.0,120,1,0.55,66.0,66.0,1.0,False
85078,SCANDINAVIAN 3 HEARTS NAPKIN RING,570.2,2044,84,0.38465116279069766,6.788095238095239,45.6,0.07997193967029112,False
85079,EMBROIDERED REINDEER DECORATION,28.0,18,6,1.5757142857142858,4.666666666666667,8.48,0.3028571428571429,False
85080,PADDED RED HEART DECORATION,55.76,113,22,0.5331818181818182,2.5345454545454547,7.56,0.13558106169296988,False
85081,PADDED HOLLY CHRISTMAS DECORATION ,44.49,100,20,0.45952380952380956,2.2245,5.46,0.1227242076871207,False
85083,KISS REINDEER SCANDINAVIAN STOCKING,12.75,5,2,2.55,6.375,7.6499999999999995,0.6,False
85084,HOLLY TOP CHRISTMAS STOCKING,554.5699999999999,605,62,0.8629230769230769,8.944677419354838,163.2,0.2942820563679968,False
85086A,CANDY SPOT HEART DECORATION,336.59999999999997,396,49,0.85,6.86938775510204,20.4,0.06060606060606061,False
85087,CANDY SPOT CUSHION COVER,319.21000000000004,111,20,2.947,15.960500000000001,61.199999999999996,0.19172331693869235,False
85088,CANDY SPOT HAND BAG,555.37,269,44,2.1811111111111114,12.622045454545455,81.12,0.14606478563840322,False
85089,CANDY SPOT BUNNY,249.45000000000002,87,18,2.886842105263158,13.858333333333334,35.400000000000006,0.14191220685508119,False
85090,CANDY SPOT APRON,344.1,74,34,4.65,10.120588235294118,13.950000000000001,0.04054054054054054,False
85091,CANDY SPOT BREAD BASKETS,403.2,320,13,3.373076923076923,31.015384615384615,163.2,0.40476190476190477,False
85092,CANDY SPOT TEA COSY,504.7,350,13,2.7038461538461536,38.823076923076925,307.5,0.6092728353477314,False
85093,CANDY SPOT EGG WARMER HARE,688.99,1041,59,0.887,11.677796610169493,36.480000000000004,0.052947067446552205,False
85094,CANDY SPOT EGG WARMER RABBIT,210.18,608,41,0.5048780487804878,5.126341463414635,25.44,0.12103910933485584,False
85095,THREE CANVAS LUGGAGE TAGS,143.85999999999999,90,11,2.200909090909091,13.078181818181816,27.3,0.1897678298345614,False
85096,HILDA CANDY SPOT RABBIT,532.5,142,50,3.75,10.65,45.0,0.08450704225352113,False
85097B,BLUE ROCKING SINGING CANARY,367.5,98,36,3.75,10.208333333333334,45.0,0.12244897959183673,False
85098B,BLUE FLYING SINGING CANARY,1057.4,292,83,3.7309523809523806,12.73975903614458,106.2,0.10043502931719311,False
85099B,JUMBO BAG RED RETROSPOT,132297.4,73103,2587,1.9740290519877677,51.13931194433707,1980.0,0.014966280516472736,False
85099B,JUMBO BAG RED WHITE SPOTTY ,24284.4,13858,461,1.9088865096359742,52.67765726681128,660.0,0.027177941394475463,False
85099B,RED RETROSPOT JUMBO BAG ,9253.5,5314,182,1.9024590163934425,50.84340659340659,660.0,0.07132436375425515,False
85099C,JUMBO  BAG BAROQUE BLACK WHITE,51629.61,28593,1442,1.9577144818119423,35.80416782246879,825.0,0.015979202631978044,False
85099F,JUMBO BAG STRAWBERRY,63618.35,35559,1509,1.9570131578947367,42.159277667329356,1485.0,0.023342321830100907,False
85103, SILVER T-LIGHT SETTING,226.65,35,14,6.692857142857143,16.189285714285713,71.4,0.31502316346790205,False
85103,SILVER T-LIGHT SETTING,1077.35,173,38,6.602631578947369,28.35131578947368,220.15,0.20434399220309094,False
85104,SILVER GLASS T-LIGHT SET,865.33,319,51,2.984814814814815,16.967254901960786,367.2,0.4243467809968451,False
85106,CUT GLASS HEXAGON T-LIGHT HOLDER,1849.0,1022,44,2.3779999999999997,42.02272727272727,851.76,0.4606598161168199,False
85107,CUT GLASS T-LIGHT HOLDER OCTAGON,2118.21,1169,64,2.265151515151515,33.09703125,579.6,0.2736272607531831,False
85109,PINK BOUDOIR T-LIGHT HOLDER,331.11,2331,17,0.7264705882352941,19.47705882352941,131.04000000000002,0.39575971731448767,False
85110,BLACK SILVER FLOWER T-LIGHT HOLDER,737.32,6472,17,0.49352941176470594,43.371764705882356,332.64000000000004,0.4511473986871372,False
85111,SILVER GLITTER FLOWER VOTIVE HOLDER,838.16,2728,63,0.41,13.304126984126984,250.55999999999997,0.2989405364130953,False
85112,S/3 TEAR DROP CUT GLASS DECORATION,320.25,429,23,1.2173913043478262,13.923913043478262,144.0,0.4496487119437939,False
85113,POLKA DOT PISTACHIO PAIL,566.22,279,43,2.0906818181818183,13.167906976744186,81.12,0.1432658683903783,False
85114A,BLACK ENCHANTED FOREST PLACEMAT,1813.35,1179,83,1.630722891566265,21.847590361445782,174.0,0.09595500041359914,False
85114B,IVORY ENCHANTED FOREST PLACEMAT,2753.1499999999996,1751,157,1.6424050632911393,17.535987261146495,348.0,0.12640066832537278,False
85114C,RED ENCHANTED FOREST PLACEMAT,1549.6499999999999,961,127,1.6454545454545453,12.201968503937007,87.0,0.05614170941825574,False
85115B,S/4 BLACK DISCO PARTITION PANEL,12.75,3,1,4.25,12.75,12.75,1.0,False
85116,BLACK CANDELABRA T-LIGHT HOLDER,1076.66,1143,50,1.2939215686274508,21.5332,120.0,0.11145579848791633,False
85117,NIGHTINGALE COATHOOK WHITE,493.45,317,40,1.6300000000000001,12.33625,92.8,0.18806363360016212,False
85118,HEART T-LIGHT HOLDER,979.73,1825,61,0.9077049180327869,16.061147540983608,182.4,0.1861737417451747,False
85119,WATERING CAN SINGLE HOOK PISTACHIO,537.08,396,36,1.674054054054054,14.91888888888889,246.40000000000003,0.4587770909361734,False
85121B,RETRO LAUNDRY TUB PINK,433.5,51,24,8.5,18.0625,51.0,0.11764705882352941,False
85121C,RETRO LAUNDRY TUB PISTACHIO,705.5,83,41,8.5,17.20731707317073,51.0,0.07228915662650602,False
85123A,CREAM HANGING HEART T-LIGHT HOLDER,155.35,57,7,2.892857142857143,22.192857142857143,81.6,0.5252655294496299,False
85123A,WHITE HANGING HEART T-LIGHT HOLDER,237756.71,88151,4866,2.870796956347617,48.86081175503494,4632.0,0.01948210000045845,False
85124A,PINK JUICY FRUIT PHOTO FRAME,838.65,337,70,2.5307142857142852,11.980714285714285,75.60000000000001,0.09014487569307818,False
85124B,BLUE JUICY FRUIT PHOTO FRAME,812.55,325,83,2.544578313253012,9.789759036144577,75.60000000000001,0.09304042828133655,False
85124C,GREEN JUICY FRUIT PHOTO FRAME,964.65,391,97,2.540721649484536,9.944845360824742,75.60000000000001,0.07837039340693516,False
85125,SMALL ROUND CUT GLASS CANDLESTICK,1203.15,263,42,4.8500000000000005,28.646428571428572,178.5,0.14836055354693928,False
85126,LARGE ROUND CUTGLASS CANDLESTICK,899.85,139,31,6.7,29.02741935483871,249.9,0.2777129521586931,False
85127,SMALL SQUARE CUT GLASS CANDLESTICK,658.35,133,36,4.95,18.2875,99.0,0.15037593984962405,False
85128,PLANTPOT SINGLE HOOK PISTACHIO,182.09,165,2,1.395,91.045,180.4,0.9907188752814542,False
85129A,"WHITE PEARL BEADED HEART, SMALL",520.0,416,61,1.25,8.524590163934427,30.0,0.057692307692307696,False
85129B,BEADED CRYSTAL HEART GREEN SMALL,258.08,210,36,1.3066666666666666,7.168888888888889,25.44,0.09857408555486671,False
85129C,BEADED CRYSTAL HEART BLUE SMALL,463.85,370,48,1.320204081632653,9.663541666666667,30.0,0.06467608062951385,False
85129D,BEADED CRYSTAL HEART PINK SMALL,849.1,654,85,1.3474117647058823,9.989411764705883,51.66,0.060840890354492985,False
85130A,BEADED PEARL HEART WHITE LARGE,1079.9999999999998,656,74,1.6473684210526314,14.594594594594591,39.599999999999994,0.03666666666666667,False
85130B,BEADED CRYSTAL HEART GREEN LARGE,805.05,875,59,1.0622033898305085,13.644915254237288,56.88,0.07065399664617106,False
85130C,BEADED CRYSTAL HEART BLUE  LARGE,707.86,650,61,1.1367741935483873,11.604262295081968,39.599999999999994,0.05594326561749498,False
85130D,BEADED CRYSTAL HEART PINK LARGE,824.28,734,80,1.316024096385542,10.3035,56.88,0.06900567768234096,False
85131A,BEADED PEARL HEART WHITE ON STICK,1047.91,1361,76,1.047792207792208,13.78828947368421,60.48,0.05771488009466461,False
85131B,BEADED CRYSTAL HEART GREEN ON STICK,210.18,330,24,0.9141666666666667,8.7575,36.480000000000004,0.17356551527262348,False
85131C,BEADED CRYSTAL HEART BLUE ON STICK,207.34,308,26,0.9914814814814815,7.974615384615385,36.480000000000004,0.17594289572682553,False
85131D,BEADED CRYSTAL HEART PINK ON STICK,270.94,488,24,0.77,11.289166666666667,36.480000000000004,0.13464235624123425,False
85131D,BEADED CRYSTAL HEART PINK\ON STICK,18.75,15,8,1.25,2.34375,3.75,0.2,False
85132A,CHARLIE + LOLA BISCUITS TINS,3862.9,1178,144,5.584930555555555,26.825694444444444,382.8,0.09909653369230371,False
85132B,CHARLIE AND LOLA TABLE TINS,2573.35,893,100,4.39,25.7335,379.20000000000005,0.14735655857151186,False
85132C,CHARLIE AND LOLA FIGURES TINS,4772.889999999999,1907,189,3.7920526315789473,25.25338624338624,384.0,0.08045439974522775,False
85135A,YELLOW DRAGONFLY HELICOPTER,580.35,73,47,7.950000000000001,12.347872340425532,79.5,0.136986301369863,False
85135B,BLUE DRAGONFLY HELICOPTER,763.2,96,75,7.95,10.176,31.8,0.041666666666666664,False
85135C,RED DRAGONFLY HELICOPTER,802.95,101,64,7.95,12.54609375,31.8,0.039603960396039604,False
85136A,YELLOW SHARK HELICOPTER,699.6,88,66,7.949999999999999,10.6,47.7,0.06818181818181818,False
85136B,BLUE SHARK HELICOPTER,389.55,49,39,7.95,9.98846153846154,47.7,0.12244897959183673,False
85136C,RED SHARK HELICOPTER,882.45,111,79,7.950000000000001,11.170253164556962,63.6,0.07207207207207207,False
85141,JARDIN ETCHED GLASS FRUITBOWL,1231.9,174,68,8.101428571428572,18.116176470588236,98.44999999999999,0.07991720107151554,False
85142,JARDIN ETCHED GLASS GINGER JAR,389.55,49,27,7.95,14.427777777777779,47.7,0.12244897959183673,False
85144,JARDIN ETCHED GLASS BUTTER DISH,456.9,66,30,7.1899999999999995,15.229999999999999,76.19999999999999,0.16677609980302033,False
85144,JARDIN ETCHED GLASS CHEESE DISH,575.45,219,40,3.889024390243902,14.38625,126.75,0.22026240333651922,False
85145,JARDIN ETCHED GLASS LARGE BELL JAR,770.8,88,29,9.28793103448276,26.579310344827583,175.2,0.22729631551634666,False
85146,JARDIN ETCHED GLASS SMALL BELL JAR,564.25,115,27,5.191379310344828,20.89814814814815,59.400000000000006,0.10527248560035446,False
85147,JARDIN ETCHED GLASS CANDLEHLDR LONG,292.05,59,16,4.95,18.253125,39.6,0.13559322033898305,False
85150,LADIES & GENTLEMEN METAL SIGN,18783.03,8052,887,2.5220179372197307,21.175907553551294,324.48,0.017275168063938567,False
85151,WELCOME METAL SIGN,55.0,44,8,1.25,6.875,27.5,0.5,False
85152,HAND OVER THE CHOCOLATE   SIGN ,30424.74,16045,1296,2.0816819571865444,23.47587962962963,1190.3999999999999,0.03912605333685677,False
85159A,"BLACK TEA,COFFEE,SUGAR JARS",728.8,416,47,2.2542553191489363,15.506382978723403,33.15,0.045485729967069156,False
85159B,"WHITE TEA,COFFEE,SUGAR JARS",1138.05,599,66,2.609090909090909,17.243181818181817,60.0,0.05272176090681429,False
85160A,WHITE BIRD GARDEN DESIGN MUG,761.6,4480,21,1.1966666666666665,36.266666666666666,561.6,0.7373949579831933,False
85160B,BLACK BIRD GARDEN DESIGN MUG,543.46,3168,29,0.7826666666666667,18.740000000000002,386.88,0.7118831192728076,False
85161,ACRYLIC GEOMETRIC LAMP,459.75,25,18,18.727777777777774,25.541666666666668,67.8,0.14747145187601957,False
85162A,SILVER RETRODISC LAMPSHADE,1191.85,603,17,2.4205882352941175,70.10882352941177,280.8,0.23560011746444606,False
85162B,BLACK RETRODISC LAMPSHADE,1905.15,977,13,1.9499999999999997,146.55,571.35,0.2998976458546571,False
85162C,WHITE RETRODISC LAMPSHADE,1775.1,898,41,2.145121951219512,43.29512195121951,234.0,0.13182355923609937,False
85163A,WHITE BAROQUE WALL CLOCK ,772.65,79,41,12.189024390243903,18.84512195121951,65.69999999999999,0.08503203261502619,False
85163B,BLACK BAROQUE WALL CLOCK ,639.6,68,37,12.177027027027027,17.28648648648649,65.69999999999999,0.10272045028142587,False
85164B,BLACK BAROQUE CUCKOO CLOCK,1122.0,112,40,11.6875,28.05,102.0,0.09090909090909091,False
85165,CANDY PINK FRENCH BOUDOIR CLOCK,159.2,16,11,9.95,14.47272727272727,29.849999999999998,0.1875,False
85166A,WHITE METAL BAROQUE PHOTO FRAME,116.25,71,8,3.125,14.53125,37.5,0.3225806451612903,False
85166B,BLACK METAL BAROQUE PHOTO FRAME,798.75,501,31,3.1048387096774195,25.766129032258064,150.0,0.18779342723004694,False
85167A,WHITE GRAND BAROQUE PHOTO FRAME,264.75,147,11,3.4318181818181817,24.068181818181817,75.0,0.28328611898017,False
85167B,BLACK GRAND BAROQUE PHOTO FRAME,1358.4,684,52,3.611132075471698,26.123076923076926,203.4,0.14973498233215546,False
85168A,WHITE BAROQUE CARRIAGE CLOCK,218.89999999999998,22,15,9.95,14.593333333333332,39.8,0.18181818181818182,False
85168B,BLACK BAROQUE CARRIAGE CLOCK,348.66999999999996,37,23,9.679565217391303,15.159565217391302,68.0,0.19502681618722575,False
85169A,IVORY LOVE BIRD CANDLE,999.07,913,97,1.205148514851485,10.299690721649485,76.32000000000001,0.07639104367061367,False
85169B,BLACK LOVE BIRD CANDLE,290.24,280,45,1.1958695652173912,6.449777777777778,30.0,0.10336273428886439,False
85169C,EAU DE NIL LOVE BIRD CANDLE,429.97,397,38,1.2131578947368422,11.315000000000001,106.0,0.24652882759262273,False
85169D,PINK LOVE BIRD CANDLE,413.98,374,45,1.208888888888889,9.199555555555555,76.32000000000001,0.18435673220928547,False
85170A,SET/6 IVORY BIRD T-LIGHT CANDLES,1322.19,767,62,1.966451612903226,21.325645161290325,263.64,0.19939645588001723,False
85170B,SET/6 BLACK BIRD T-LIGHT CANDLES,298.08,230,32,1.8790625,9.315,61.199999999999996,0.20531400966183574,False
85170C,SET/6 EAU DE NIL BIRD T-LIGHTS,613.73,427,48,1.9860416666666667,12.786041666666668,81.6,0.13295748944975802,False
85170D,SET/6 PINK BIRD T-LIGHT CANDLES,761.24,567,77,2.1102597402597403,9.886233766233767,81.6,0.10719352635174188,False
85171,S/2 HYACINTH BULB CANDLES,2.55,1,1,2.55,2.55,2.55,1.0,False
85172,HYACINTH BULB T-LIGHT CANDLES,1638.12,4058,135,0.41739130434782606,12.134222222222222,107.52,0.0656362171269504,False
85173,SET/6 FROG PRINCE T-LIGHT CANDLES,1550.52,949,102,2.317961165048543,15.201176470588235,122.39999999999999,0.07894125841653123,False
85174,S/4 CACTI CANDLES,5284.72,1210,227,4.923247863247863,23.28070484581498,272.0,0.05146914122224072,False
85175,CACTI T-LIGHT CANDLES,5973.38,14897,403,0.4163456790123457,14.822282878411912,92.16,0.01542845089379882,False
85176,SEWING SUSAN 21 NEEDLE SET,1863.6,2394,173,0.8791329479768787,10.772254335260115,368.64,0.19781068898905343,False
85177,BASKET OF FLOWERS SEWING KIT,1441.26,1764,112,0.8620535714285714,12.868392857142856,184.32,0.12788809791432496,False
85178,VICTORIAN SEWING KIT,5420.49,4993,251,1.2485603112840467,21.595577689243026,367.2,0.06774295312785375,False
85179A,GREEN BITTY LIGHT CHAIN,281.31,139,26,3.5561538461538467,10.819615384615386,30.0,0.10664391596459422,False
85179B,WHITE BITTY LIGHT CHAIN ,1000.08,240,39,4.542307692307692,25.643076923076926,137.16,0.13714902807775378,False
85179C,PINK BITTY LIGHT CHAIN,126.85,77,10,2.6100000000000003,12.684999999999999,30.0,0.23649980291683093,False
85180A,RED HEARTS LIGHT CHAIN ,1349.63,547,65,3.7172727272727277,20.763538461538463,91.44,0.06775190237324304,False
85180B,PINK HEARTS LIGHT CHAIN ,726.63,279,32,3.8252941176470587,22.7071875,182.88,0.2516824243425127,False
85183A,CHARLIE & LOLA WASTEPAPER BIN BLUE,2177.25,1489,132,2.109328358208955,16.494318181818183,360.0,0.165346193592835,False
85183B,CHARLIE & LOLA WASTEPAPER BIN FLORA,2452.25,1661,154,2.0251612903225804,15.9237012987013,360.0,0.14680395555102457,False
85184B,SET 4 EASTER DECOUPAGE OVAL BOXES,41.300000000000004,14,7,2.95,5.9,17.700000000000003,0.4285714285714286,False
85184C,S/4 VALENTINE DECOUPAGE HEART BOX,3675.55,1947,211,2.657511737089202,17.4196682464455,270.0,0.07345839398185305,False
85184C,SET 4 VALENTINE DECOUPAGE HEART BOX,441.53000000000003,151,44,3.0673333333333335,10.034772727272728,61.199999999999996,0.13860892804565939,False
85184D,S/4 BLUE ROUND DECOUPAGE BOXES,2780.22,4354,51,2.8768627450980393,54.51411764705882,1653.12,0.5946004273043141,False
85185B,PINK HORSE SOCK PUPPET,1455.6000000000001,504,131,2.93796992481203,11.11145038167939,61.199999999999996,0.04204451772464962,False
85185B,PINK HORSE SOCK PUPPET KIT,120.95,41,14,2.95,8.639285714285714,17.700000000000003,0.14634146341463417,False
85185C,COW  SOCK PUPPET,159.3,54,26,2.95,6.126923076923077,29.5,0.18518518518518517,False
85185D,FROG SOCK PUPPET,483.6,168,45,2.9322222222222227,10.746666666666668,61.199999999999996,0.12655086848635233,False
85185E,DUCK SOCK PUPPET,11.8,4,2,2.95,5.9,8.850000000000001,0.7500000000000001,False
85185F,LION SOCK PUPPET,103.25000000000001,35,17,2.95,6.0735294117647065,17.700000000000003,0.17142857142857143,False
85186A,EASTER BUNNY GARLAND OF FLOWERS,541.8,1290,81,0.42,6.688888888888888,20.16,0.0372093023255814,False
85186B,BUNNY BUNCH OF FLOWERS,5.88,14,2,0.42,2.94,4.2,0.7142857142857143,False
85186C,BUNNY EGG GARLAND,486.78,1159,79,0.42,6.161772151898734,20.16,0.04141501294219155,False
85187,S/12 MINI RABBIT EASTER,724.9499999999999,451,88,1.6456043956043955,8.23806818181818,69.6,0.09600662114628596,False
85188A,GREEN METAL SWINGING BUNNY,742.3299999999999,877,80,0.8483750000000001,9.279124999999999,20.4,0.027481039429903143,False
85188B,PINK METAL SWINGING BUNNY,568.65,669,51,0.85,11.15,20.4,0.03587443946188341,False
85189,HANGING BUTTERFLY  EGG,898.6899999999999,1105,58,0.8455932203389831,15.494655172413792,207.35999999999999,0.23073584884665457,False
85190,PINK FLOWER HANGING HEART ,107.94999999999999,127,14,0.85,7.7107142857142845,20.4,0.1889763779527559,False
85192S,HANGING SPRING FLOWER HEART SMALL,1.9500000000000002,3,2,0.65,0.9750000000000001,1.3,0.6666666666666666,False
85194L,HANGING SPRING FLOWER EGG LARGE,1375.24,1684,107,0.8463551401869159,12.852710280373833,103.67999999999999,0.0753904772985079,False
85194S,HANGING SPRING FLOWER EGG SMALL,765.4100000000001,1651,93,0.5483157894736842,8.230215053763441,31.200000000000003,0.04076246717445552,False
85195,HANGING HEART BASKET,265.14,145,16,2.074375,16.57125,162.24,0.6119031455080336,False
85196,EASTER BUNNIES ON A STICK,783.96,1536,66,0.5401515151515153,11.878181818181819,120.96,0.15429358640746976,False
85197,SET OF 12 MINI BUNNIES IN A BUCKET,955.2600000000001,1667,73,2.0589333333333335,13.085753424657536,336.0,0.35173669995603285,False
85198,ASSORTED FARMYARD ANIMALS IN BUCKET,1421.24,3824,38,0.82575,37.40105263157895,993.5999999999999,0.6991078213391122,False
85199L,LARGE HANGING IVORY & RED WOOD BIRD,2074.6800000000003,3276,186,0.6474603174603175,11.154193548387099,76.32000000000001,0.03678639597431893,False
85199S,SMALL HANGING IVORY/RED WOOD BIRD,2212.91,5312,290,0.43201986754966887,7.6307241379310335,155.51999999999998,0.07027850206289456,False
85200,BUNNY EGG BOX,1253.95,1007,94,1.2457894736842106,13.339893617021277,60.0,0.047848797798955296,False
85202,HANGING WOOD AND FELT HEART,301.38,721,89,0.4193939393939394,3.3862921348314607,20.16,0.06689229544097153,False
85203,HANGING WOOD AND FELT BUTTERFLY ,454.5,1089,111,0.4189830508474576,4.094594594594595,40.32,0.08871287128712871,False
85204,HANGING WOOD AND FELT FLOWER,364.5,2149,78,0.2962962962962963,4.673076923076923,57.599999999999994,0.1580246913580247,False
85205A,IVORY FELT EASTER RABBIT GARLAND,168.29999999999998,66,21,2.55,8.014285714285714,22.95,0.13636363636363638,False
85205B,PINK FELT EASTER RABBIT GARLAND,548.25,215,43,2.55,12.75,43.349999999999994,0.07906976744186045,False
85206A,CREAM FELT EASTER EGG BASKET,3429.6,2144,283,1.642334494773519,12.118727915194347,208.79999999999998,0.06088173547935619,False
85206B,PINK FELT EASTER EGG BASKET,2300.0,1472,162,1.6377300613496932,14.197530864197532,313.2,0.13617391304347826,False
85208,SET/12 FUNKY FELT FLOWER PEG IN BAG,701.94,353,59,2.0930508474576275,11.897288135593222,162.24,0.23113086588597315,False
85211,S/4 GROOVY CAT MAGNETS,371.44,274,49,1.4973076923076922,7.580408163265306,39.599999999999994,0.10661210424294636,False
85212,MINI PAINTED GARDEN DECORATION ,990.6199999999999,2766,96,0.4983333333333333,10.318958333333333,146.16,0.14754396236700248,False
85213,MINI  ZINC GARDEN DECORATIONS ,668.7299999999999,1269,48,0.6822916666666666,13.931874999999998,139.2,0.20815575792920912,False
85214,TUB 24 PINK FLOWER PEGS,691.3499999999999,419,135,1.65,5.1211111111111105,23.099999999999998,0.03341288782816229,False
85215,ASSORTED CHEESE FRIDGE MAGNETS,484.99,755,46,0.6474468085106383,10.543260869565218,46.800000000000004,0.09649683498628839,False
85216,ASSORTED CAKES FRIDGE MAGNETS,1728.13,2765,147,0.645945945945946,11.755986394557825,127.2,0.07360557365475977,False
85217,ASSORTED ICE CREAM FRIDGE MAGNETS,1736.3100000000002,2787,135,0.6447058823529412,12.861555555555556,127.2,0.07325880747101611,False
85218,S/5 MINI ICE CREAM FRIDGE MAGNETS,625.1999999999999,1992,2,0.875,312.59999999999997,590.4,0.9443378119001921,False
85220,SMALL FAIRY CAKE FRIDGE MAGNETS,3244.2,9732,4,1.2625,811.05,2836.7999999999997,0.8744220454965784,False
85221,ASSORTED COLOUR SILK COIN PURSE,1511.67,3420,41,0.8680952380952381,36.870000000000005,228.0,0.15082656929091667,False
85222,ASSORTED COLOUR SILK COSMETIC PURSE,1533.3000000000002,1393,41,1.8976744186046515,37.397560975609764,156.0,0.10174134220309136,False
85224,ASSORTED COLOUR SILK GLASSES CASE,1051.14,1987,47,1.335,22.36468085106383,91.2,0.08676294309035903,False
85225,BLING KEY RING STAND,22.5,19,11,1.2045454545454546,2.0454545454545454,7.5,0.3333333333333333,False
85226A,WHITE/BLUE PULL BACK RACING CAR,828.6,1620,112,0.5489075630252102,7.398214285714286,201.6,0.24330195510499636,False
85226C,BLUE PULL BACK RACING CAR,461.2,952,66,0.5480597014925374,6.987878787878787,201.6,0.4371205550737207,False
85227,SET OF 6 3D KIT CARDS FOR KIDS,2146.63,2545,260,0.8637174721189591,8.256269230769231,102.0,0.04751633956480623,False
85227,SET/6 3D KIT CARDS FOR KIDS,412.84999999999997,545,28,0.8427586206896551,14.744642857142855,153.6,0.3720479593072545,False
85230A,OPIUM SCENTED VOTIVE CANDLE,497.03999999999996,1992,48,0.2683333333333333,10.354999999999999,60.48,0.12168034765813616,False
85230B,CINNAMON SCENTED VOTIVE CANDLE,553.79,2095,66,0.2778787878787879,8.390757575757576,30.24,0.05460553639466224,False
85230C,ROSE SCENTED VOTIVE CANDLE,6.959999999999999,24,1,0.29,6.959999999999999,6.959999999999999,1.0,False
85230D,VANILLA SCENTED VOTIVE CANDLE,6.959999999999999,24,1,0.29,6.959999999999999,6.959999999999999,1.0,False
85230E,STRAWBRY SCENTED VOTIVE CANDLE,621.4499999999999,2421,65,0.2752307692307692,9.56076923076923,30.24,0.048660391020999276,False
85230F,JASMINE VOTIVE CANDLE,725.1199999999999,2944,61,0.2768852459016394,11.887213114754097,211.67999999999998,0.2919240953221536,False
85230G,ORANGE VOTIVE CANDLE,411.84,1632,45,0.26866666666666666,9.152,30.24,0.07342657342657342,False
85231B,CINAMMON SET OF 9 T-LIGHTS,1572.2099999999998,1857,286,0.865189003436426,5.497237762237762,64.8,0.04121586810922205,False
85231E,STRAWBERRY SCENTED SET/9 T-LIGHTS,651.3499999999999,803,92,0.8458064516129032,7.079891304347825,64.8,0.0994856835802564,False
85231G,ORANGE SCENTED SET/9 T-LIGHTS,1151.3,1382,207,0.8518483412322275,5.56183574879227,64.8,0.056284200469035005,False
85231L,LAVENDER SCENTED SET/9 T-LIGHTS,810.6999999999999,1018,101,0.8449514563106796,8.026732673267325,129.6,0.15986184778586407,False
85232A,SET/3 POLKA DOT STACKING TINS,1131.6000000000001,232,81,4.941463414634146,13.970370370370372,102.0,0.09013785790031813,False
85232A,SET/3 POLKADOT STACKING TINS,488.1,102,36,4.930555555555555,13.558333333333334,102.0,0.2089735709895513,False
85232B,SET OF 3 BABUSHKA STACKING TINS,3817.55,793,138,4.929856115107913,27.66340579710145,1188.0,0.3111943523987898,False
85232B,SET/3 RUSSIAN DOLL STACKING TINS,8679.0,1828,293,4.905067567567568,29.621160409556314,1544.4,0.1779467680608365,False
85232C,RUSSIAN FOLKART STACKING TINS,4.95,1,1,4.95,4.95,4.95,1.0,False
85232D,SET/3 DECOUPAGE STACKING TINS,2934.6,620,173,4.925722543352601,16.96300578034682,306.0,0.10427315477407484,False
90000A,RASPBERRY ANT COPPER FLOWER NECKLAC,148.75,25,14,5.95,10.625,17.85,0.12000000000000001,False
90000B,MIDNIGHT BLUE COPPER FLOWER NECKLAC,83.30000000000001,14,9,5.95,9.255555555555556,17.85,0.21428571428571427,False
90000C,OPAL WHITE/SILVER FLOWER NECKLACE,5.95,1,1,5.95,5.95,5.95,1.0,False
90000D,COPPER/OLIVE GREEN FLOWER NECKLACE,148.75,25,13,5.950000000000001,11.442307692307692,35.7,0.24000000000000002,False
90001A,ANTIQUE RASPBERRY FLOWER EARRINGS,17.0,4,3,4.25,5.666666666666667,8.5,0.5,False
90001B,ANTIQUE MID BLUE FLOWER EARRINGS,29.75,7,4,4.25,7.4375,8.5,0.2857142857142857,False
90001C,ANTIQUE OPAL WHITE FLOWER EARRINGS,25.5,6,5,4.25,5.1,8.5,0.3333333333333333,False
90001D,ANTIQUE OLIVE GREEN FLOWER EARRINGS,68.0,16,7,4.25,9.714285714285714,25.5,0.375,False
90002A,FLOWER BURST SILVER RING OPAL,135.0,36,14,3.75,9.642857142857142,22.5,0.16666666666666666,False
90002B,FLOWER BURST SILVER RING ROSE,67.5,18,7,3.75,9.642857142857142,15.0,0.2222222222222222,False
90002C,FLOWER BURST SILVER RING MIDN'T BLU,86.25,23,10,3.75,8.625,15.0,0.17391304347826086,False
90002D,FLOWER BURST SILVER RING CRYSTAL,308.75,89,20,3.725,15.4375,162.5,0.5263157894736842,False
90002E,FLOWER BURST SILVER RING GREEN,48.75,13,8,3.75,6.09375,15.0,0.3076923076923077,False
90003B,ROSE COLOUR PAIR HEART HAIR SLIDES,75.0,20,8,3.75,9.375,22.5,0.3,False
90003C,MIDNIGHT BLUE PAIR HEART HAIR SLIDE,78.75,21,9,3.75,8.75,22.5,0.2857142857142857,False
90003D,CRYSTAL PAIR HEART HAIR SLIDES,116.25,31,14,3.75,8.303571428571429,22.5,0.1935483870967742,False
90003E,GREEN PAIR HEART HAIR SLIDES,22.5,6,2,3.75,11.25,15.0,0.6666666666666666,False
90004A,JADE GREEN PAIR ENAMEL HAIR SLIDES,3.75,1,1,3.75,3.75,3.75,1.0,False
90005A,JADE GREEN ENAMEL HAIR COMB,70.2,36,7,1.95,10.028571428571428,23.4,0.3333333333333333,False
90010A,MIDNIGHT BLUE GLASS/SILVER BRACELET,217.29999999999998,25,13,8.453846153846154,16.715384615384615,53.699999999999996,0.2471237919926369,False
90010B,BLACK/WHITE GLASS/SILVER BRACELET,393.79999999999995,44,17,8.95,23.164705882352937,107.39999999999999,0.27272727272727276,False
90010E,AMBER GLASS/SILVER BRACELET,244.14999999999998,28,17,8.570588235294117,14.36176470588235,35.8,0.14663116936309645,False
90011A,MIDNIGHT BLUE CRYSTAL DROP EARRINGS,5.9,2,2,2.95,2.95,2.95,0.5,False
90011B,BLACK CRYSTAL DROP EARRINGS,26.550000000000004,9,4,2.95,6.637500000000001,17.700000000000003,0.6666666666666666,False
90011C,GREEN CRYSTAL DROP EARRINGS,17.700000000000003,6,1,2.95,17.700000000000003,17.700000000000003,1.0,False
90011E,AMBER CRYSTAL DROP EARRINGS,2.95,1,1,2.95,2.95,2.95,1.0,False
90012A,MIDNIGHT BLUE DROP CRYSTAL NECKLACE,23.6,8,2,2.95,11.8,17.700000000000003,0.7500000000000001,False
90012B,BLACK DROP CRYSTAL NECKLACE,45.35000000000001,13,3,5.283333333333333,15.116666666666669,17.700000000000003,0.3902976846747519,False
90013A,MIDNIGHT BLUE VINTAGE EARRINGS,123.75,33,9,3.75,13.75,15.0,0.12121212121212122,False
90013B,BLACK VINTAGE EARRINGS,75.0,20,5,3.75,15.0,15.0,0.2,False
90013C,GREEN VINTAGE EARRINGS ,131.25,35,10,3.75,13.125,15.0,0.11428571428571428,False
90013D,PURPLE VINTAGE EARRINGS,127.5,34,8,3.75,15.9375,45.0,0.35294117647058826,False
90014A,SILVER M.O.P. ORBIT NECKLACE,23.6,8,3,2.9500000000000006,7.866666666666667,17.700000000000003,0.7500000000000001,False
90014A,SILVER/MOP ORBIT NECKLACE,278.59999999999997,28,19,9.95,14.663157894736841,39.8,0.14285714285714288,False
90014B,GOLD M PEARL  ORBIT NECKLACE,169.14999999999998,17,13,9.95,13.01153846153846,29.849999999999998,0.17647058823529413,False
90014B,GOLD M.O.P. ORBIT NECKLACE,5.9,2,2,2.95,2.95,2.95,0.5,False
90014C,SILVER AND BLACK ORBIT NECKLACE,2.95,1,1,2.95,2.95,2.95,1.0,False
90014C,SILVER/BLACK ORBIT NECKLACE,218.89999999999998,22,13,9.95,16.838461538461537,49.75,0.2272727272727273,False
90016A,SILVER/M.O.P PENDANT ORBIT NECKLACE,148.75,22,9,8.027777777777779,16.52777777777778,38.25,0.2571428571428571,False
90016B,GOLD/M.O.P PENDANT ORBIT NECKLACE,187.0,22,17,8.5,11.0,34.0,0.18181818181818182,False
90016C,SILVER/BLACK PENDANT ORBIT NECKLACE,51.0,6,4,8.5,12.75,25.5,0.5,False
90018A,SILVER M.O.P ORBIT DROP EARRINGS,136.0,32,16,4.25,8.5,17.0,0.125,False
90018B,GOLD M.O.P ORBIT DROP EARRINGS,68.0,16,10,4.25,6.8,8.5,0.125,False
90018C,SILVER BLACK ORBIT DROP EARRINGS,55.25,13,7,4.25,7.892857142857143,17.0,0.3076923076923077,False
90019A,SILVER M.O.P ORBIT BRACELET,158.4,32,17,4.95,9.31764705882353,19.8,0.125,False
90019B,GOLD M.O.P ORBIT BRACELET,54.45,11,7,4.95,7.778571428571429,14.850000000000001,0.27272727272727276,False
90019C,SILVER BLACK ORBIT BRACELET,49.5,10,7,4.95,7.071428571428571,14.850000000000001,0.30000000000000004,False
90020,FILIGREE DIAMANTE CHAIN,51.0,4,2,12.75,25.5,38.25,0.75,False
90021,LASER CUT MULTI STRAND NECKLACE,59.75,5,4,11.95,14.9375,23.9,0.39999999999999997,False
90022,EDWARDIAN DROP EARRINGS JET BLACK,15.0,4,3,3.75,5.0,7.5,0.5,False
90023,FILIGREE DIAMANTE EARRINGS,89.25,21,11,4.25,8.113636363636363,12.75,0.14285714285714285,False
90024A,NEW BAROQUE B'FLY NECKLACE BLACK,42.5,5,4,8.5,10.625,17.0,0.4,False
90024B,NEW BAROQUE B'FLY NECKLACE RED,59.5,7,5,8.5,11.9,17.0,0.2857142857142857,False
90024C,NEW BAROQUE B'FLY NECKLACE GREEN,51.0,6,5,8.5,10.2,17.0,0.3333333333333333,False
90024D,NEW BAROQUE B'FLY NECKLACE PINK,110.5,13,11,8.5,10.045454545454545,17.0,0.15384615384615385,False
90024E,NEW BAROQUE B'FLY NECKLACE MONTANA,102.0,12,7,8.5,14.571428571428571,42.5,0.4166666666666667,False
90024F,NEW BAROQUE B'FLY NECKLACE CRYSTAL,25.5,3,2,8.5,12.75,17.0,0.6666666666666666,False
90025A,BAROQUE BUTTERFLY EARRINGS BLACK,7.5,2,2,3.75,3.75,3.75,0.5,False
90025B,BAROQUE BUTTERFLY EARRINGS RED,3.75,1,1,3.75,3.75,3.75,1.0,False
90025C,BAROQUE BUTTERFLY EARRINGS GREEN,7.5,2,2,3.75,3.75,3.75,0.5,False
90025D,BAROQUE BUTTERFLY EARRINGS PINK,7.5,2,2,3.75,3.75,3.75,0.5,False
90025E,BAROQUE BUTTERFLY EARRINGS MONTANA,11.25,3,3,3.75,3.75,3.75,0.3333333333333333,False
90025F,BAROQUE BUTTERFLY EARRINGS CRYSTAL,7.5,2,2,3.75,3.75,3.75,0.5,False
90026A,GLASS BEAD HOOP NECKLACE BLACK,68.0,8,6,8.5,11.333333333333334,17.0,0.25,False
90026B,GLASS BEAD HOOP NECKLACE MONTANA,59.5,7,6,8.5,9.916666666666666,17.0,0.2857142857142857,False
90026C,GLASS BEAD HOOP NECKLACE GREEN,59.5,7,5,8.5,11.9,17.0,0.2857142857142857,False
90026D,GLASS BEAD HOOP NECKLACE AMETHYST,85.0,10,8,8.5,10.625,17.0,0.2,False
90027A,GLASS BEAD HOOP EARRINGS BLACK,17.700000000000003,6,3,2.9500000000000006,5.900000000000001,11.8,0.6666666666666666,False
90027B,GLASS BEAD HOOP EARRINGS MONTANA,20.650000000000002,7,4,2.95,5.1625000000000005,5.9,0.2857142857142857,False
90027C,GLASS BEAD HOOP EARRINGS GREEN,11.8,4,2,2.95,5.9,5.9,0.5,False
90027D,GLASS BEAD HOOP EARRINGS AMETHYST,35.400000000000006,12,6,2.9500000000000006,5.900000000000001,11.8,0.3333333333333333,False
90028,NEW BAROQUE LARGE NECKLACE BLK/WHIT,76.5,9,5,8.5,15.3,34.0,0.4444444444444444,False
90029,NEW BAROQUE SMALL NECKLACE BLACK,178.5,21,10,8.5,17.85,51.0,0.2857142857142857,False
90030A,SPOTTED WHITE NATURAL SEED NECKLACE,101.75,77,8,1.61875,12.71875,29.75,0.29238329238329236,False
90030B,RED KUKUI COCONUT SEED NECKLACE,191.3,122,19,2.3026315789473686,10.06842105263158,29.75,0.15551489806586513,False
90030C,BROWN KUKUI COCONUT SEED NECKLACE,115.65,81,10,1.9899999999999998,11.565000000000001,29.75,0.2572416774751405,False
90031,BILI NUT AND WOOD NECKLACE,48.0,48,5,1.0,9.6,24.0,0.5,False
90032,IVORY SHELL HEART NECKLACE,253.17,45,21,6.101428571428571,12.055714285714284,28.169999999999998,0.11126910771418415,False
90033,IVORY SHELL HEART EARRINGS,12.75,5,2,2.55,6.375,7.6499999999999995,0.6,False
90034,WHITE SILVER NECKLACE SHELL GLASS,19.9,2,2,9.95,9.95,9.95,0.5,False
90035A,"PEARL & SHELL 42""NECKL. GREEN",182.75,17,9,10.75,20.305555555555557,43.0,0.23529411764705882,False
90035B,"PEARL & SHELL 42""NECKL. PINK",380.89,43,4,10.185,95.2225,305.64,0.8024363989603297,False
90035C,"PEARL & SHELL 42""NECKL. IVORY",301.0,28,5,10.75,60.2,204.25,0.6785714285714286,False
90036A,FLOWER GARLAND NECKLACE RED,166.95000000000002,21,14,7.95,11.925,23.85,0.14285714285714285,False
90036B,"FLOWER GLASS GARLAND NECKL.36""GREEN",135.15,17,9,7.949999999999999,15.016666666666667,47.7,0.35294117647058826,False
90036C,"FLOWER GLASS GARLAND NECKL.36""BLUE",174.9,22,8,7.95,21.8625,47.7,0.2727272727272727,False
90036D,"FLOWER GLASS GARLAND NECKL.36""BLACK",270.3,34,12,7.95,22.525000000000002,47.7,0.17647058823529413,False
90036E,"FLOWER GLASS GARLD NECKL36""AMETHYST",143.1,18,11,7.95,13.009090909090908,23.85,0.16666666666666669,False
90036F,"FLOWER GLASS GARLD NECKL36""TURQUOIS",103.35000000000001,13,4,7.95,25.837500000000002,47.7,0.4615384615384615,False
90037A,TINY CRYSTAL BRACELET RED,45.9,18,4,2.55,11.475,15.299999999999999,0.3333333333333333,False
90037B,TINY CRYSTAL BRACELET GREEN,58.65,23,5,2.55,11.73,15.299999999999999,0.2608695652173913,False
90037C,TINY CRYSTAL BRACELET BLUE,43.349999999999994,17,4,2.55,10.837499999999999,15.299999999999999,0.35294117647058826,False
90037D,TINY CRYSTALS BRACELET BLACK,15.299999999999999,6,1,2.55,15.299999999999999,15.299999999999999,1.0,False
90038A,GLASS AND PAINTED BEADS BRACELET TO,67.5,18,4,3.75,16.875,22.5,0.3333333333333333,False
90038B,GLASS AND PAINTED BEADS BRACELET OL,37.5,10,2,3.75,18.75,22.5,0.6,False
90038C,GLASS AND BEADS BRACELET IVORY,48.75,13,3,3.75,16.25,22.5,0.46153846153846156,False
90039A,FIRE POLISHED GLASS BRACELET RED,26.25,7,2,3.75,13.125,22.5,0.8571428571428571,False
90039B,FIRE POLISHED GLASS BRACELET MONTAN,48.75,13,3,3.75,16.25,22.5,0.46153846153846156,False
90039C,FIRE POLISHED GLASS BRACELET BLACK,52.5,14,3,3.75,17.5,45.0,0.8571428571428571,False
90039D,FIRE POLISHED GLASS BRACELET GREEN,82.5,22,5,3.75,16.5,45.0,0.5454545454545454,False
90040A,MURANO STYLE GLASS BRACELET RED,80.5,23,10,3.5,8.05,10.5,0.13043478260869565,False
90040B,MURANO STYLE GLASS BRACELET BLACK,161.0,46,17,3.5,9.470588235294118,21.0,0.13043478260869565,False
90040C,MURANO STYLE GLASS BRACELET GOLD,101.5,29,10,3.5,10.15,21.0,0.20689655172413793,False
90040D,MURANO STYLE GLASS BRACELET PINK,91.0,26,10,3.5,9.1,10.5,0.11538461538461539,False
90041,PEARL AND CHERRY QUARTZ BRACLET,10.5,3,2,3.5,5.25,7.0,0.6666666666666666,False
90042A,FRESHWATER PEARL BRACELET GOLD,68.85,27,7,2.55,9.835714285714285,20.4,0.2962962962962963,False
90042B,FRESHWATER PEARL BRACELET PINK,38.25,15,5,2.55,7.65,10.2,0.26666666666666666,False
90042C,FRESHWATER PEARL BRACELET IVORY,89.25,35,8,2.55,11.15625,20.4,0.22857142857142856,False
90043,COPPER AND BRASS BAG CHARM,54.510000000000005,10,6,5.785,9.085,14.850000000000001,0.27242707760044027,False
90046,WHITE WITH METAL BAG CHARM,54.45,11,6,4.95,9.075000000000001,14.850000000000001,0.27272727272727276,False
90048,GREEN WITH METAL BAG CHARM,94.05000000000001,19,5,4.95,18.810000000000002,49.5,0.5263157894736842,False
90049,IVORY GOLD METAL BAG CHARM,69.42,12,4,7.455,17.355,34.65,0.49913569576490924,False
90050,CRACKED GLAZE NECKLACE IVORY,27.8,4,2,6.95,13.9,20.85,0.75,False
90051,CRACKED GLAZE NECKLACE RED,48.65,7,4,6.95,12.1625,20.85,0.4285714285714286,False
90052,CRACKED GLAZE NECKLACE BROWN,20.85,3,1,6.95,20.85,20.85,1.0,False
90054,CRACKED GLAZE EARRINGS RED,5.1,2,2,2.55,2.55,2.55,0.5,False
90055,CRACKED GLAZE EARRINGS BROWN,2.55,1,1,2.55,2.55,2.55,1.0,False
90056,CHUNKY CRACKED GLAZE NECKLACE IVORY,64.5,6,1,10.75,64.5,64.5,1.0,False
90057,DIAMANTE RING ASSORTED IN BOX.,2660.88,1800,34,1.6276470588235294,78.26117647058824,300.0,0.11274465590331018,False
90058A,CRYSTAL STUD EARRINGS CLEAR DISPLAY,205.2,540,13,0.38,15.784615384615384,27.36,0.13333333333333333,False
90058B,CRYSTAL STUD EARRINGS ASSORTED COL ,495.02,1045,28,0.47714285714285715,17.679285714285715,38.160000000000004,0.07708779443254819,False
90059A,DIAMANTE HAIR GRIP PACK/2 CRYSTAL,19.799999999999997,12,2,1.65,9.899999999999999,9.899999999999999,0.5,False
90059B,DIAMANTE HAIR GRIP PACK/2 BLACK DIA,14.849999999999998,9,3,1.6499999999999997,4.949999999999999,9.899999999999999,0.6666666666666666,False
90059C,DIAMANTE HAIR GRIP PACK/2 MONTANA,29.699999999999996,18,6,1.6499999999999997,4.949999999999999,9.899999999999999,0.3333333333333333,False
90059D,DIAMANTE HAIR GRIP PACK/2 PERIDOT,33.0,20,4,1.65,8.25,9.899999999999999,0.29999999999999993,False
90059E,DIAMANTE HAIR GRIP PACK/2 RUBY,24.749999999999996,15,6,1.6499999999999997,4.124999999999999,9.899999999999999,0.4,False
90059F,DIAMANTE HAIR GRIP PACK/2 LT ROSE,24.749999999999996,15,4,1.65,6.187499999999999,9.899999999999999,0.4,False
90060B,FIRE POLISHED GLASS NECKL GOLD,35.7,6,4,5.95,8.925,11.9,0.3333333333333333,False
90060C,FIRE POLISHED GLASS NECKL SILVER,41.65,7,3,5.95,13.883333333333333,29.75,0.7142857142857143,False
90060D,FIRE POLISHED GLASS NECKL BRONZE,65.45,11,7,5.95,9.35,29.75,0.45454545454545453,False
90060F,FIRE POLISHED GLASS NECKL GREEN,101.15,17,7,5.95,14.450000000000001,47.6,0.47058823529411764,False
90062,CARNIVAL BRACELET,1389.75,109,36,12.75,38.604166666666664,114.75,0.08256880733944955,False
90063A,WHITE VINT ART DECO CRYSTAL NECKLAC,153.0,18,10,8.5,15.3,25.5,0.16666666666666666,False
90063B,BLACK VINT ART DEC CRYSTAL NECKLACE,127.5,15,9,8.5,14.166666666666666,25.5,0.2,False
90064A,WHITE VINTAGE CRYSTAL EARRINGS,41.25,11,4,3.75,10.3125,15.0,0.36363636363636365,False
90064B,BLACK VINTAGE  CRYSTAL EARRINGS,60.0,16,8,3.75,7.5,15.0,0.25,False
90065A,WHITE VINTAGE CRYSTAL BRACELET,114.75,17,7,6.75,16.392857142857142,40.5,0.35294117647058826,False
90065B,BLACK VINT ART DEC CRYSTAL BRACELET,54.0,8,6,6.75,9.0,13.5,0.25,False
90066A,PINK VINTAGE VICTORIAN CHOKER,33.75,5,2,6.75,16.875,20.25,0.6,False
90067A,PINK VINTAGE VICTORIAN EARRINGS,73.75000000000001,25,8,2.95,9.218750000000002,17.700000000000003,0.24,False
90067B,BROWN VINTAGE VICTORIAN EARRINGS,35.400000000000006,12,2,2.95,17.700000000000003,17.700000000000003,0.5,False
90069,RUBY GLASS CLUSTER NECKLACE,82.5,11,5,7.5,16.5,45.0,0.5454545454545454,False
90070,RUBY GLASS CLUSTER BRACELET,166.60000000000002,28,9,5.95,18.511111111111113,35.7,0.21428571428571427,False
90071,RUBY GLASS CLUSTER EARRINGS,2.5,2,2,1.25,1.25,1.25,0.5,False
90072,RUBY DROP CHANDELIER EARRINGS,67.5,18,5,3.75,13.5,22.5,0.3333333333333333,False
90073,VINTAGE ENAMEL & CRYSTAL EARRINGS,108.9,22,7,4.95,15.557142857142859,29.700000000000003,0.27272727272727276,False
90074,BLACK DIAMOND CLUSTER NECKLACE,44.75,5,4,8.95,11.1875,17.9,0.39999999999999997,False
90075,MONTANA DIAMOND CLUSTER NECKLACE,35.8,4,3,8.95,11.933333333333332,17.9,0.5,False
90076,MONTANA DIAMOND CLUSTER EARRINGS,12.75,5,1,2.55,12.75,12.75,1.0,False
90077,BLACK DIAMOND CLUSTER EARRINGS,2.55,1,1,2.55,2.55,2.55,1.0,False
90078,PINK/WHITE GLASS DEMI CHOKER,60.0,8,4,7.5,15.0,22.5,0.375,False
90079,VINTAGE ENAMEL & CRYSTAL NECKLACE,49.5,10,5,4.95,9.9,19.8,0.4,False
90081A,LILY BROOCH AMETHYST COLOUR,237.60000000000002,48,23,4.95,10.330434782608696,29.700000000000003,0.125,False
90081B,LILY BROOCH WHITE/SILVER COLOUR,29.700000000000003,6,2,4.95,14.850000000000001,14.850000000000001,0.5,False
90081C,LILY BROOCH OLIVE COLOUR,133.65,27,13,4.950000000000001,10.28076923076923,29.700000000000003,0.22222222222222224,False
90082A,DIAMANTE BOW BROOCH GREEN COLOUR,266.7,42,20,6.35,13.334999999999999,38.099999999999994,0.14285714285714285,False
90082B,DIAMANTE BOW BROOCH RED COLOUR,361.95,57,24,6.349999999999999,15.081249999999999,50.8,0.14035087719298245,False
90082C,DIAMANTE BOW BROOCH WHITE COLOUR,6.35,1,1,6.35,6.35,6.35,1.0,False
90082D,DIAMANTE BOW BROOCH BLACK COLOUR,527.05,83,35,6.35,15.058571428571428,38.099999999999994,0.07228915662650602,False
90083,CRYSTAL CZECH CROSS PHONE CHARM,34.94,44,8,1.06,4.3675,10.2,0.2919290211791643,False
90084,PINK CRYSTAL GUITAR PHONE CHARM,44.199999999999996,52,8,0.85,5.5249999999999995,15.299999999999999,0.34615384615384615,False
90085,CRYSTAL STILETTO PHONE CHARM,175.95,207,15,0.85,11.729999999999999,68.85,0.391304347826087,False
90086,CRYSTAL FROG PHONE CHARM,138.32999999999998,189,19,1.1026315789473684,7.280526315789473,30.599999999999998,0.22121014964216007,False
90087,CRYSTAL SEA HORSE PHONE CHARM,149.26,226,19,0.9857894736842105,7.85578947368421,40.8,0.2733485193621868,False
90088,CRYSTAL KEY+LOCK PHONE CHARM,62.9,74,10,0.85,6.29,20.4,0.3243243243243243,False
90089,PINK CRYSTAL SKULL PHONE CHARM,66.22,88,11,0.73,6.02,10.2,0.15403201449713078,False
90090,PINK CRYSTAL HEART PHONE CHARM,187.85,221,15,0.85,12.523333333333333,61.199999999999996,0.3257918552036199,False
90091,CRYSTAL DRAGONFLY PHONE CHARM,2.55,3,2,0.85,1.275,1.7,0.6666666666666667,False
90092,BLUE CRYSTAL BOOT PHONE CHARM,54.39999999999999,64,6,0.85,9.066666666666665,22.95,0.42187500000000006,False
90093,CLEAR CRYSTAL STAR PHONE CHARM,127.49,173,16,0.865,7.968125,30.599999999999998,0.2400188250058828,False
90094,NECKLACE+BRACELET SET FRUIT SALAD ,86.69999999999999,34,21,2.55,4.128571428571428,15.299999999999999,0.17647058823529413,False
90095,NECKLACE+BRACELET SET PINK BLOSSOM,17.849999999999998,7,2,2.55,8.924999999999999,15.299999999999999,0.8571428571428572,False
90096,NECKLACE+BRACELET SET BLUE BLOSSOM,79.05,31,11,2.55,7.1863636363636365,15.299999999999999,0.1935483870967742,False
90098,NECKLACE+BRACELET PINK BUTTERFLY,135.15,53,22,2.55,6.1431818181818185,33.15,0.2452830188679245,False
90099,NECKLACE+BRACELET SET BLUE HIBISCUS,73.94999999999999,29,17,2.55,4.35,15.299999999999999,0.20689655172413796,False
90100,NECKLACE+BRACELET SET PINK DAISY,56.099999999999994,22,9,2.55,6.2333333333333325,15.299999999999999,0.27272727272727276,False
90101,WHITE FRANGIPANI NECKLACE,28.049999999999997,11,4,2.55,7.012499999999999,15.299999999999999,0.5454545454545455,False
90102,WHITE FRANGIPANI HAIR CLIP,14.45,17,3,0.85,4.816666666666666,8.5,0.5882352941176471,False
90103,PURPLE FRANGIPANI NECKLACE,30.599999999999998,12,5,2.55,6.119999999999999,15.299999999999999,0.5,False
90104,PURPLE FRANGIPANI HAIRCLIP,48.449999999999996,57,11,0.85,4.404545454545454,10.2,0.2105263157894737,False
90108,BLUE BLOSSOM HAIR CLIP,95.55000000000001,91,13,1.05,7.3500000000000005,25.200000000000003,0.26373626373626374,False
90111,BLUE HIBISCUS  HAIR CLIP,7.35,7,6,1.05,1.2249999999999999,2.1,0.28571428571428575,False
90112,PINK DOLLY HAIR CLIPS,73.5,70,15,1.05,4.9,19.950000000000003,0.27142857142857146,False
90114,SUMMER DAISIES BAG CHARM,214.2,84,19,2.55,11.273684210526316,107.1,0.5,False
90115,SUMMER BUTTERFLIES BAG CHARM,79.05,31,11,2.55,7.1863636363636365,15.299999999999999,0.1935483870967742,False
90116,FRUIT SALAD BAG CHARM,74.36,44,11,1.69,6.76,20.28,0.27272727272727276,False
90118,PINK DAISY BAG CHARM,5.1,2,2,2.55,2.55,2.55,0.5,False
90119,METALIC LEAVES BAG CHARMS,166.17,67,18,2.485,9.231666666666666,27.06,0.16284527893121503,False
90120A,PINK MURANO TWIST BRACELET,289.0,68,21,4.25,13.761904761904763,51.0,0.17647058823529413,False
90120B,BLUE MURANO TWIST BRACELET,325.5,77,21,4.166666666666667,15.5,51.0,0.15668202764976957,False
90120C,GREEN MURANO TWIST BRACELET,259.25,61,17,4.25,15.25,42.5,0.16393442622950818,False
90120D,WHITE MURANO TWIST BRACELET,418.25,102,20,4.1375,20.9125,101.25,0.242080095636581,False
90121B,VINTAGE ROSE BEAD BRACELET BLUE,68.0,16,8,4.25,8.5,17.0,0.25,False
90122A,PINK CRYSTAL+GLASS BRACELET,178.20000000000002,36,14,4.95,12.72857142857143,29.700000000000003,0.16666666666666666,False
90122B,JADE CRYSTAL+GLASS BRACELET,168.3,34,14,4.95,12.021428571428572,29.700000000000003,0.17647058823529413,False
90122C,TURQUOISE CRYSTAL+GLASS BRACELET,188.10000000000002,38,15,4.95,12.540000000000001,29.700000000000003,0.15789473684210525,False
90123A,PINK HEART OF GLASS BRACELET,208.25,35,18,5.95,11.569444444444445,23.8,0.1142857142857143,False
90123B,TURQUOISE HEART OF GLASS BRACELET,142.8,24,11,5.95,12.981818181818182,23.8,0.16666666666666666,False
90123C,GREEN HEART OF GLASS BRACELET,142.8,24,9,5.95,15.866666666666667,23.8,0.16666666666666666,False
90123D,WHITE HEART OF GLASS BRACELET,136.85000000000002,23,8,5.95,17.106250000000003,71.4,0.5217391304347826,False
90124A,PINK MURANO TWIST NECKLACE,258.7,26,16,9.95,16.16875,39.8,0.15384615384615385,False
90124B,BLUE MURANO TWIST NECKLACE,198.99999999999997,20,11,9.95,18.09090909090909,39.8,0.2,False
90124C,GREEN MURANO TWIST NECKLACE,139.29999999999998,14,8,9.95,17.412499999999998,29.849999999999998,0.2142857142857143,False
90125A,PINK BERTIE GLASS BEAD BAG CHARM,133.79999999999998,128,11,1.531818181818182,12.163636363636362,40.8,0.30493273542600896,False
90125B,AQUA BERTIE GLASS BEAD BAG CHARM,50.1,31,6,1.8916666666666668,8.35,12.600000000000001,0.251497005988024,False
90125C,TURQUOISE BERTIE GLASS BEAD CHARM,94.8,88,6,1.6833333333333336,15.799999999999999,40.8,0.430379746835443,False
90125D,PURPLE BERTIE GLASS BEAD BAG CHARM,124.2,102,11,1.7590909090909093,11.290909090909091,40.8,0.32850241545893716,False
90125E,AMBER BERTIE GLASS BEAD BAG CHARM,4.2,2,2,2.1,2.1,2.1,0.5,False
90126A,PINK BERTIE MOBILE PHONE CHARM,30.42,18,3,1.69,10.14,20.28,0.6666666666666666,False
90126C,AMBER BERTIE MOBILE PHONE CHARM,28.73,17,2,1.69,14.365,20.28,0.7058823529411765,False
90127A,PINK BEADS+HAND PHONE CHARM,15.0,12,1,1.25,15.0,15.0,1.0,False
90127B,BLUE BEADS+HAND PHONE CHARM,2.5,2,2,1.25,1.25,1.25,0.5,False
90128A,PINK LEAVES AND BEADS PHONE CHARM,21.25,17,5,1.25,4.25,15.0,0.7058823529411765,False
90128B,BLUE LEAVES AND BEADS PHONE CHARM,21.25,17,5,1.25,4.25,15.0,0.7058823529411765,False
90128C,GREEN LEAVES AND BEADS PHONE CHARM,17.5,14,3,1.25,5.833333333333333,15.0,0.8571428571428571,False
90128D,PURPLE LEAVES AND BEADS PHONE CHAR,3.75,3,2,1.25,1.875,2.5,0.6666666666666666,False
90129A,PINK GLASS TASSLE BAG CHARM ,103.25,35,15,2.95,6.883333333333334,17.700000000000003,0.17142857142857146,False
90129B,TURQUOISE GLASS TASSLE BAG CHARM ,191.75000000000003,65,18,2.95,10.652777777777779,70.80000000000001,0.36923076923076925,False
90129C,GREEN GLASS TASSLE BAG CHARM,147.5,50,17,2.95,8.676470588235293,47.2,0.32,False
90129D,AMBER GLASS TASSLE BAG CHARM,109.15000000000002,37,12,2.9500000000000006,9.095833333333335,35.400000000000006,0.32432432432432434,False
90129E,PURPLE GLASS TASSLE BAG CHARM,109.15,37,10,2.95,10.915000000000001,35.400000000000006,0.32432432432432434,False
90129F,RED GLASS TASSLE BAG CHARM,103.25000000000001,35,14,2.95,7.375000000000001,26.55,0.2571428571428571,False
90130A,WHITE STONE/CRYSTAL EARRINGS,53.10000000000001,18,6,2.9500000000000006,8.850000000000001,17.700000000000003,0.3333333333333333,False
90130B,TURQ STONE/CRYSTAL EARRINGS,44.25000000000001,15,4,2.95,11.062500000000002,17.700000000000003,0.4,False
90130C,GREEN STONE/CRYSTAL EARRINGS,5.9,2,2,2.95,2.95,2.95,0.5,False
90130D,RED STONE/CRYSTAL EARRINGS,17.700000000000003,6,1,2.95,17.700000000000003,17.700000000000003,1.0,False
90131,PINK/AMETHYST/GOLD NECKLACE,62.55,9,4,6.95,15.6375,27.8,0.4444444444444445,False
90133,TEAL/FUSCHIA COL BEAD NECKLACE,89.1,18,7,4.95,12.728571428571428,24.75,0.2777777777777778,False
90134,OLD ROSE COMBO BEAD NECKLACE,35.400000000000006,12,2,2.95,17.700000000000003,17.700000000000003,0.5,False
90135,ORANGE/WHT/FUSCHIA STONES NECKLACE,29.700000000000003,6,1,4.95,29.700000000000003,29.700000000000003,1.0,False
90135A,ORANGE/FUSCHIA STONES NECKLACE,44.550000000000004,9,2,4.95,22.275000000000002,29.700000000000003,0.6666666666666666,False
90136,PALE PINK/AMETHYST STONE NECKLACE,29.849999999999998,3,2,9.95,14.924999999999999,19.9,0.6666666666666666,False
90137,PINK COMBO MINI CRYSTALS NECKLACE,94.05000000000001,19,8,4.95,11.756250000000001,29.700000000000003,0.3157894736842105,False
90138,WHITE/PINK MINI CRYSTALS NECKLACE,54.45,11,5,4.95,10.89,19.8,0.36363636363636365,False
90139,FLOWER BROOCH 4 ASSORTED COLOURS,24.75,5,3,4.95,8.25,9.9,0.4,False
90140,PINK SWEETIE NECKLACE,37.5,5,3,7.5,12.5,15.0,0.4,False
90141A,GREEN PENDANT TRIPLE SHELL NECKLACE,34.650000000000006,7,4,4.95,8.662500000000001,14.850000000000001,0.42857142857142855,False
90141B,IVORY PENDANT TRIPLE SHELL NECKLACE,29.700000000000003,6,2,4.95,14.850000000000001,14.850000000000001,0.5,False
90141C,TURQ PENDANT TRIPLE SHELL NECKLACE,34.650000000000006,7,4,4.95,8.662500000000001,14.850000000000001,0.42857142857142855,False
90141D,ROSE PENDANT TRIPLE SHELL NECKLACE,14.850000000000001,3,1,4.95,14.850000000000001,14.850000000000001,1.0,False
90141E,ORANGE PENDANT TRIPLE SHELL NECKLAC,34.650000000000006,7,3,4.95,11.550000000000002,14.850000000000001,0.42857142857142855,False
90142D,MOP PENDANT SHELL NECKLACE,49.5,10,4,4.95,12.375,19.8,0.4,False
90143,SILVER BRACELET W PASTEL FLOWER,347.5,47,16,7.1875,21.71875,45.0,0.12949640287769784,False
90144,SILVER DROP EARRINGS WITH FLOWER,116.25,31,11,3.75,10.568181818181818,15.0,0.12903225806451613,False
90145,SILVER HOOP EARRINGS WITH FLOWER,297.5,50,23,5.95,12.934782608695652,47.6,0.16,False
90146,FINE SILVER NECKLACE W PASTEL FLOWE,213.75,33,12,7.211538461538462,17.8125,33.75,0.15789473684210525,False
90147,CHUNKY SILVER NECKLACE PASTEL FLOWE,686.55,69,36,9.95,19.070833333333333,49.75,0.07246376811594203,False
90148,LONG SILVER NECKLACE PASTEL FLOWER,306.0,24,15,12.75,20.4,38.25,0.125,False
90149,SILVER FLOWR PINK SHELL NECKLACE,395.28000000000003,60,7,7.337142857142857,56.46857142857143,305.28000000000003,0.7723132969034608,False
90150,BLUE SHELL+SILVER NECKLACE,90.0,12,7,7.5,12.857142857142858,22.5,0.25,False
90151,SILVER/NATURAL SHELL NECKLACE,119.0,14,7,8.5,17.0,34.0,0.2857142857142857,False
90152A,SILVER/NAT SHELL NECKLACE W PENDANT,23.8,4,4,5.95,5.95,5.95,0.25,False
90152B,BLUE/GREEN SHELL NECKLACE W PENDANT,29.75,5,4,5.95,7.4375,11.9,0.4,False
90152C,BLUE/NAT SHELL NECKLACE W PENDANT,41.650000000000006,7,4,5.95,10.412500000000001,17.85,0.42857142857142855,False
90154,LAZER CUT NECKLACE W PASTEL BEADS,430.7,58,6,8.666666666666666,71.78333333333333,377.0,0.8753192477362434,False
90155,RESIN NECKLACE W PASTEL BEADS,157.5,21,12,7.5,13.125,30.0,0.19047619047619047,False
90156,RESIN BRACELET W PASTEL BEADS,89.10000000000001,18,7,4.95,12.72857142857143,29.700000000000003,0.3333333333333333,False
90157,RIVIERA NECKLACE,217.8,44,16,4.95,13.6125,29.700000000000003,0.13636363636363638,False
90158,ST TROPEZ NECKLACE,108.9,22,11,4.95,9.9,24.75,0.22727272727272727,False
90159,COTE D'AZURE NECKLACE,163.35000000000002,33,15,4.95,10.890000000000002,29.700000000000003,0.18181818181818182,False
90160A,PURPLE BOUDICCA LARGE BRACELET,257.15000000000003,37,20,6.95,12.857500000000002,34.75,0.13513513513513511,False
90160B,RED BOUDICCA LARGE BRACELET,412.55,60,23,6.756521739130435,17.93695652173913,69.5,0.16846442855411464,False
90160C,TURQ+RED BOUDICCA LARGE BRACELET,562.95,81,32,6.95,17.5921875,69.5,0.12345679012345678,False
90160D,PINK BOUDICCA LARGE BRACELET,472.6,68,21,6.950000000000001,22.504761904761907,69.5,0.14705882352941177,False
90161A,ANT COPPER RED BOUDICCA BRACELET,193.05,39,14,4.95,13.789285714285715,49.5,0.2564102564102564,False
90161B,ANT COPPER TURQ BOUDICCA BRACELET,430.65000000000003,87,26,4.950000000000001,16.56346153846154,49.5,0.11494252873563217,False
90161C,ANT COPPER LIME BOUDICCA BRACELET,490.05,99,34,4.95,14.413235294117648,49.5,0.10101010101010101,False
90161D,ANT COPPER PINK BOUDICCA BRACELET,363.85,74,24,4.847916666666667,15.160416666666668,49.5,0.1360450735193074,False
90162A,ANT SILVER TURQUOISE BOUDICCA RING,85.55000000000001,29,10,2.95,8.555000000000001,17.700000000000003,0.20689655172413793,False
90162B,ANT SILVER LIME GREEN BOUDICCA RING,156.35000000000002,53,18,2.95,8.686111111111112,17.700000000000003,0.11320754716981132,False
90162C,ANT SILVER FUSCHIA BOUDICCA RING,123.90000000000002,42,16,2.95,7.743750000000001,17.700000000000003,0.14285714285714285,False
90162D,ANT SILVER PURPLE BOUDICCA RING,76.7,26,11,2.9500000000000006,6.972727272727273,17.700000000000003,0.2307692307692308,False
90163A,PINK ROSEBUD & PEARL NECKLACE,90.0,12,5,7.5,18.0,30.0,0.3333333333333333,False
90163B,WHITE ROSEBUD & PEARL NECKLACE,30.0,4,2,7.5,15.0,15.0,0.5,False
90164A,PINK ROSEBUD PEARL BRACELET,85.35,21,7,5.121428571428572,12.192857142857141,15.0,0.1757469244288225,False
90164B,WHITE  ROSEBUD PEARL BRACELET,80.7,30,8,3.3375,10.0875,15.0,0.18587360594795538,False
90165A,PINK ROSEBUD PEARL EARRINGS,30.599999999999998,12,2,2.55,15.299999999999999,15.299999999999999,0.5,False
90165B,WHITE ROSEBUD  PEARL EARRINGS,51.0,20,6,2.55,8.5,15.299999999999999,0.3,False
90166,PINK & WHITE ROSEBUD RING,80.15,19,11,4.204545454545454,7.286363636363637,12.75,0.15907673112913287,False
90167,BEADED LOVE HEART JEWELLERY SET,1450.3,1798,73,0.8428767123287672,19.867123287671234,207.35999999999999,0.14297731503826794,False
90168,2 DAISIES HAIR COMB,35.400000000000006,12,2,2.95,17.700000000000003,17.700000000000003,0.5,False
90169,DAISY HAIR COMB,20.4,8,2,2.55,10.2,15.299999999999999,0.75,False
90170,DAISY HAIR BAND,90.74999999999999,55,9,1.65,10.083333333333332,19.799999999999997,0.21818181818181817,False
90171,DAISY RING,13.75,11,2,1.25,6.875,10.0,0.7272727272727273,False
90173,PAIR BUTTERFLY HAIR CLIPS,108.75,29,7,3.75,15.535714285714286,30.0,0.27586206896551724,False
90174,BUTTERFLY HAIR BAND,10.2,4,2,2.55,5.1,7.6499999999999995,0.75,False
90175A,WHITE GLASS CHUNKY CHARM BRACELET,539.5,61,26,8.701923076923077,20.75,107.39999999999999,0.1990732159406858,False
90175B,PINK GLASS CHUNKY CHARM BRACELET,109.89999999999999,13,6,7.875,18.316666666666666,53.699999999999996,0.4886260236578708,False
90175C,BLUE GLASS CHUNKY CHARM BRACELET,304.29999999999995,34,17,8.95,17.9,53.699999999999996,0.17647058823529413,False
90175D,TIGRIS EYE CHUNKY CHARM BRACELET,250.59999999999997,28,15,8.95,16.706666666666663,53.699999999999996,0.2142857142857143,False
90176A,CLASSIC DIAMANTE NECKLACE JET,30.0,4,3,7.5,10.0,15.0,0.5,False
90176B,DIAMANTE NECKLACE BLACK ,22.5,3,2,7.5,11.25,15.0,0.6666666666666666,False
90176C,DIAMANTE NECKLACE,52.5,7,3,7.5,17.5,22.5,0.42857142857142855,False
90176D,DIAMANTE NECKLACE PURPLE,67.5,9,6,7.5,11.25,15.0,0.2222222222222222,False
90176E,DIAMANTE NECKLACE GREEN,22.5,3,2,7.5,11.25,15.0,0.6666666666666666,False
90177A,CLASSIC DIAMANTE EARRINGS JET,2.95,1,1,2.95,2.95,2.95,1.0,False
90177B,DROP DIAMANTE EARRINGS BLACK DIAMON,44.25,15,5,2.95,8.85,17.700000000000003,0.4000000000000001,False
90177C,DROP DIAMANTE EARRINGS CRYSTAL,29.500000000000004,10,5,2.95,5.9,17.700000000000003,0.6,False
90177D,DROP DIAMANTE EARRINGS PURPLE,73.75000000000001,25,9,2.95,8.194444444444446,17.700000000000003,0.24,False
90177E,DROP DIAMANTE EARRINGS GREEN,5.9,2,2,2.95,2.95,2.95,0.5,False
90178A,AMBER CHUNKY GLASS+BEAD NECKLACE,250.95,21,15,11.95,16.73,47.8,0.19047619047619047,False
90178B,PURPLE CHUNKY GLASS+BEAD NECKLACE,167.29999999999998,14,9,11.95,18.58888888888889,35.849999999999994,0.21428571428571427,False
90179A,AMBER FINE BEAD NECKLACE W TASSEL,47.6,8,5,5.95,9.52,17.85,0.375,False
90179B,PURPLE FINE BEAD NECKLACE W TASSEL,41.65,7,5,5.95,8.33,11.9,0.28571428571428575,False
90179C,BLACK FINE BEAD NECKLACE W TASSEL,59.5,10,7,5.95,8.5,11.9,0.2,False
90180A,BLACK+WHITE NECKLACE W TASSEL,306.25,35,19,9.58157894736842,16.11842105263158,59.699999999999996,0.19493877551020405,False
90180B,PURPLE AMETHYST NECKLACE W TASSEL,139.29999999999998,14,10,9.95,13.929999999999998,19.9,0.14285714285714288,False
90181A,AMBER GLASS/SHELL/PEARL NECKLACE,26.849999999999998,3,3,8.95,8.95,8.95,0.3333333333333333,False
90182C,BLACK 3 BEAD DROP EARRINGS,5.9,2,1,2.95,5.9,5.9,1.0,False
90183A,AMBER DROP EARRINGS W LONG BEADS,59.00000000000001,20,5,2.95,11.8,17.700000000000003,0.3,False
90183C,BLACK DROP EARRINGS W LONG BEADS,5.9,2,2,2.95,2.95,2.95,0.5,False
90184A,AMBER CHUNKY BEAD BRACELET W STRAP,259.55,29,12,8.95,21.629166666666666,44.75,0.17241379310344826,False
90184B,AMETHYST CHUNKY BEAD BRACELET W STR,384.84999999999997,43,25,8.95,15.393999999999998,44.75,0.11627906976744187,False
90184C,BLACK CHUNKY BEAD BRACELET W STRAP,429.59999999999997,48,26,8.95,16.52307692307692,53.699999999999996,0.125,False
90185A,AMBER DIAMANTE EXPANDABLE RING,97.75,23,7,4.25,13.964285714285714,25.5,0.2608695652173913,False
90185B,AMETHYST DIAMANTE EXPANDABLE RING,119.0,28,11,4.25,10.818181818181818,38.25,0.32142857142857145,False
90185C,BLACK DIAMANTE EXPANDABLE RING,131.75,31,15,4.25,8.783333333333333,25.5,0.1935483870967742,False
90185D,CRYSTAL DIAMANTE EXPANDABLE RING,191.25,45,15,4.25,12.75,25.5,0.13333333333333333,False
90186A,AMETHYST HOOP EARRING FLORAL LEAF,141.60000000000002,48,15,2.95,9.440000000000001,26.55,0.18749999999999997,False
90186B,CRYSTAL HOOP EARRING FLORAL LEAF,106.20000000000002,36,13,2.95,8.16923076923077,17.700000000000003,0.16666666666666666,False
90187A,BLUE DROP EARRINGS W BEAD CLUSTER,6.7,2,1,3.35,6.7,6.7,1.0,False
90187B,GREEN DROP EARRINGS W BEAD CLUSTER,20.1,6,2,3.35,10.05,13.4,0.6666666666666666,False
90188,DROP EARRINGS W FLOWER & LEAF,7.6499999999999995,3,3,2.55,2.55,2.55,0.3333333333333333,False
90189A,SILVER 2 STRAND NECKLACE-LEAF CHARM,60.0,8,5,7.5,12.0,15.0,0.25,False
90189B,GOLD 2 STRAND NECKLACE-LEAF CHARMS,22.5,3,2,7.5,11.25,15.0,0.6666666666666666,False
90190A,SILVER/CRYSTAL DROP EARRINGS W LEAF,53.10000000000001,18,8,2.95,6.637500000000001,17.700000000000003,0.3333333333333333,False
90190B,GOLD/AMBER DROP EARRINGS W LEAF,100.30000000000001,34,6,2.9500000000000006,16.71666666666667,38.35,0.38235294117647056,False
90190C,SILVER/AMETHYST DROP EARRINGS LEAF,85.55000000000001,29,10,2.95,8.555000000000001,26.55,0.31034482758620685,False
90191,SILVER LARIAT 40CM,241.4,32,14,10.65,17.242857142857144,51.0,0.2112676056338028,False
90192,JADE DROP EARRINGS W FILIGREE,277.20000000000005,56,19,4.95,14.589473684210528,29.700000000000003,0.10714285714285714,False
90194,SILVER LARIAT BLACK STONE EARRINGS,106.25,25,14,4.25,7.589285714285714,17.0,0.16,False
90195A,PURPLE GEMSTONE BRACELET,390.54999999999995,49,25,8.229999999999999,15.621999999999998,35.8,0.09166559979516067,False
90195B,BLACK GEMSTONE BRACELET,360.95,41,19,8.634210526315789,18.99736842105263,71.6,0.19836542457404072,False
90196A,PURPLE GEMSTONE NECKLACE 45CM,204.0,16,8,12.75,25.5,51.0,0.25,False
90196B,BLACK GEMSTONE NECKLACE 45CM,191.25,15,10,12.75,19.125,38.25,0.2,False
90197B,BLACK GLASS BRACELET W HEART CHARMS,29.700000000000003,6,2,4.95,14.850000000000001,14.850000000000001,0.5,False
90197D,AMBER GLASS BRACELET HEART CHARMS,44.550000000000004,9,4,4.95,11.137500000000001,19.8,0.4444444444444444,False
90198A,VINTAGE ROSE BEAD BRACELET RASPBERR,314.5,74,26,4.25,12.096153846153847,42.5,0.13513513513513514,False
90198B,VINTAGE ROSE BEAD BRACELET BLACK,361.25,85,32,4.25,11.2890625,42.5,0.11764705882352941,False
90199A,5 STRAND GLASS NECKLACE BLACK,95.25,15,9,6.35,10.583333333333334,25.4,0.26666666666666666,False
90199B,5 STRAND GLASS NECKLACE AMETHYST,107.94999999999999,17,12,6.349999999999999,8.995833333333332,19.049999999999997,0.1764705882352941,False
90199C,5 STRAND GLASS NECKLACE CRYSTAL,547.55,93,25,6.318148148148148,21.901999999999997,274.5,0.5013240799926948,False
90199D,5 STRAND GLASS NECKLACE AMBER,95.25,15,9,6.35,10.583333333333334,38.099999999999994,0.39999999999999997,False
90200A,PURPLE SWEETHEART BRACELET,497.25,117,43,4.25,11.563953488372093,51.0,0.10256410256410256,False
90200B,BLACK SWEETHEART BRACELET,595.0,140,44,4.25,13.522727272727273,51.0,0.08571428571428572,False
90200C,BLUE SWEETHEART BRACELET,561.0,132,40,4.25,14.025,51.0,0.09090909090909091,False
90200D,PINK SWEETHEART BRACELET,833.75,199,55,4.240909090909091,15.159090909090908,90.0,0.10794602698650675,False
90200E,GREEN SWEETHEART BRACELET,659.5,158,52,4.240384615384615,12.682692307692308,90.0,0.13646702047005307,False
90201A,PURPLE ENAMEL FLOWER RING,256.65000000000003,87,20,2.95,12.832500000000001,41.300000000000004,0.16091954022988506,False
90201B,BLACK ENAMEL FLOWER RING,277.3,94,16,2.95,17.33125,53.1,0.19148936170212766,False
90201C,RED ENAMEL FLOWER RING,244.85000000000002,83,18,2.95,13.60277777777778,35.400000000000006,0.14457831325301207,False
90201D,GREEN ENAMEL FLOWER RING,244.85000000000002,83,16,2.95,15.303125000000001,53.1,0.21686746987951805,False
90202A,PURPLE ENAMEL FLOWER HAIR TIE,5.9,2,2,2.95,2.95,2.95,0.5,False
90202B,WHITE ENAMEL FLOWER HAIR TIE,8.850000000000001,3,2,2.95,4.425000000000001,5.9,0.6666666666666666,False
90202C,GREEN ENAMEL FLOWER HAIR TIE,8.850000000000001,3,3,2.9500000000000006,2.9500000000000006,2.95,0.3333333333333333,False
90202D,PINK ENAMEL FLOWER HAIR TIE,59.00000000000001,20,4,2.95,14.750000000000002,35.400000000000006,0.6,False
90203,SILVER CHARM NECKLACE 70CM,442.5,59,23,7.5,19.23913043478261,45.0,0.1016949152542373,False
90204,PAIR OF ENAMEL BUTTERFLY HAIRCLIP,46.9,14,8,3.35,5.8625,13.4,0.28571428571428575,False
90205A,LARGE MINT DIAMANTE HAIRSLIDE,26.4,16,6,1.6499999999999997,4.3999999999999995,6.6,0.25,False
90205C,LARGE CRYSTAL DIAMANTE HAIRSLIDE,68.69999999999999,46,5,1.6099999999999999,13.739999999999998,52.199999999999996,0.7598253275109171,False
90206A,GOLD DIAMANTE STAR BROOCH,49.5,10,6,4.95,8.25,14.850000000000001,0.30000000000000004,False
90206C,CRYSTAL DIAMANTE STAR BROOCH,103.95,21,11,4.95,9.450000000000001,14.850000000000001,0.14285714285714288,False
90208,PAIR OF ENAMEL FLOWER CLUSTER SLIDE,192.9,82,8,2.49375,24.1125,75.60000000000001,0.39191290824261277,False
90208,PAIR OF PINK FLOWER CLUSTER SLIDE,10.2,4,3,2.55,3.4,5.1,0.5,False
90209A,PURPLE ENAMEL+GLASS HAIR COMB,312.9,167,9,1.9833333333333334,34.766666666666666,84.0,0.2684563758389262,False
90209B,GREEN ENAMEL+GLASS HAIR COMB,453.6,248,18,2.026315789473684,25.200000000000003,126.0,0.2777777777777778,False
90209C,PINK ENAMEL+GLASS HAIR COMB,602.7,327,23,2.0391304347826087,26.20434782608696,231.0,0.38327526132404177,False
90210A,GREY ACRYLIC FACETED BANGLE,179.70000000000002,78,12,2.6333333333333333,14.975000000000001,61.199999999999996,0.340567612687813,False
90210B,CLEAR ACRYLIC FACETED BANGLE,211.25,95,17,2.5970588235294123,12.426470588235293,61.199999999999996,0.2897041420118343,False
90210C,RED   ACRYLIC FACETED BANGLE,171.95000000000002,113,9,2.138888888888889,19.105555555555558,75.0,0.4361733061936609,False
90210D,PURPLE ACRYLIC FACETED BANGLE,204.65,131,12,2.2,17.054166666666667,75.0,0.3664793549963352,False
90211A,DIAMOND LAS VEGAS NECKLACE 45CM,53.550000000000004,9,5,5.95,10.71,11.9,0.2222222222222222,False
90211B,JET BLACK LAS VEGAS NECKLACE 45CM,83.3,14,7,5.95,11.9,17.85,0.2142857142857143,False
90212B,JET BLACK LAS VEGAS BRACELET ROUND,60.0,16,7,3.75,8.571428571428571,11.25,0.1875,False
90212C,PURPLE LAS VEGAS BRACELET ROUND,48.75,13,5,3.75,9.75,11.25,0.23076923076923078,False
90214A,"LETTER ""A"" BLING KEY RING",135.71,127,45,1.2073333333333334,3.015777777777778,15.0,0.11052980620440644,False
90214B,"LETTER ""B"" BLING KEY RING",47.23,47,16,1.19,2.951875,15.0,0.31759474910014823,False
90214C,"LETTER ""C"" BLING KEY RING",117.53999999999999,114,35,1.1402857142857141,3.358285714285714,15.0,0.12761613067891783,False
90214D,"LETTER ""D"" BLING KEY RING",58.21,65,19,1.1489473684210525,3.063684210526316,15.0,0.2576876825287751,False
90214E,"LETTER ""E"" BLING KEY RING",94.75,95,33,1.1627272727272726,2.871212121212121,15.0,0.158311345646438,False
90214F,"LETTER ""F"" BLING KEY RING",23.77,29,13,1.1023076923076922,1.8284615384615384,6.25,0.26293647454774927,False
90214G,"LETTER ""G"" BLING KEY RING",61.0,68,20,1.106,3.05,15.0,0.2459016393442623,False
90214H,"LETTER ""H"" BLING KEY RING",50.019999999999996,50,23,1.1665217391304348,2.174782608695652,7.5,0.14994002399040385,False
90214I,"LETTER ""I"" BLING KEY RING",42.519999999999996,44,12,1.09,3.543333333333333,15.0,0.3527751646284102,False
90214J,"LETTER ""J"" BLING KEY RING",89.73,81,30,1.218,2.991,15.0,0.16716817118020727,False
90214K,"LETTER ""K"" BLING KEY RING",112.25,109,45,1.186,2.4944444444444445,15.0,0.133630289532294,False
90214L,"LETTER ""L"" BLING KEY RING",106.69,113,28,1.1814285714285713,3.8103571428571428,15.0,0.1405942450089043,False
90214M,"LETTER ""M"" BLING KEY RING",87.23,79,29,1.216896551724138,3.0079310344827586,15.0,0.17195918835263097,False
90214N,"LETTER ""N"" BLING KEY RING",48.769999999999996,49,18,1.1489473684210525,2.7094444444444443,15.0,0.30756612671724426,False
90214O,"LETTER ""O"" BLING KEY RING",27.23,31,13,1.176153846153846,2.0946153846153845,5.0,0.1836210062431142,False
90214P,"LETTER ""P"" BLING KEY RING",48.5,58,18,1.09,2.6944444444444446,15.0,0.30927835051546393,False
90214R,"LETTER ""R"" BLING KEY RING",52.519999999999996,52,19,1.1489473684210525,2.7642105263157895,15.0,0.28560548362528565,False
90214S,"LETTER ""S"" BLING KEY RING",114.75,111,35,1.1677142857142857,3.2785714285714285,15.0,0.13071895424836602,False
90214T,"LETTER ""T"" BLING KEY RING",42.23,43,12,1.17,3.5191666666666666,15.0,0.3551977267345489,False
90214U,"LETTER ""U"" BLING KEY RING",4.7299999999999995,13,2,0.77,2.3649999999999998,3.4799999999999995,0.7357293868921776,False
90214V,"LETTER ""V"" BLING KEY RING",14.73,21,9,1.1433333333333333,1.6366666666666667,3.4799999999999995,0.2362525458248472,False
90214W,"LETTER ""W"" BLING KEY RING",5.9799999999999995,14,3,0.93,1.9933333333333332,3.4799999999999995,0.5819397993311036,False
90214Y,"LETTER ""Y"" BLING KEY RING",21.15,63,5,0.866,4.2299999999999995,13.919999999999998,0.6581560283687943,False
90214Z,"LETTER ""Z"" BLING KEY RING",9.73,17,5,1.058,1.9460000000000002,3.4799999999999995,0.3576567317574511,False
SP1002,KID'S CHALKBOARD/EASEL,14.75,5,2,2.95,7.375,11.8,0.8,False
